{"type": "FeatureCollection", "features": [{"type": "Feature", "properties": {"index": 0, "distance_m": 0.0, "distance_mi": 0.0, "elevation_m": 3662.56689453125, "lon": -118.27849, "lat": 36.563340000000004}, "geometry": {"type": "MultiPolygon", "coordinates": [[[[-118.27092914660255, 36.552024835496006], [-118.27074409111944, 36.55202680806517], [-118.27074164640746, 36.55187750341921], [-118.27092670153479, 36.55187553086071], [-118.27092914660255, 36.552024835496006]]], [[[-118.2748275705524, 36.55272986721801], [-118.27445745676735, 36.5527338242346], [-118.27426749674164, 36.55243719346163], [-118.27389738427149, 36.55244114871275], [-118.27389493345707, 36.5522918442602], [-118.27370987755074, 36.5522938214444], [-118.27370497668763, 36.55199521250624], [-118.2735199214748, 36.551997189381936], [-118.27352237154153, 36.55214649386366], [-118.27296720472752, 36.552152422800226], [-118.27296965374494, 36.552301727310166], [-118.27259954173385, 36.55230567852042], [-118.27259709342799, 36.55215637398909], [-118.27222942965065, 36.55230962858225], [-118.27203947912308, 36.55201299405184], [-118.27129925751474, 36.55202088949635], [-118.27110931123858, 36.55172425338665], [-118.27240224613116, 36.55156113094591], [-118.27240714190515, 36.55185974005717], [-118.27277725181757, 36.55185578948528], [-118.27277235462046, 36.5515571804168], [-118.27314246303767, 36.551553228739294], [-118.27313756448959, 36.55125461969806], [-118.27369272484553, 36.55124869009277], [-118.27387287693932, 36.550948104012285], [-118.27442803494417, 36.550942171026136], [-118.27443293840086, 36.551240779933096], [-118.27406528270316, 36.55139404005619], [-118.27407263594307, 36.55184195344004], [-118.27388758112212, 36.55184393087923], [-118.2738900318824, 36.55199323534345], [-118.27463025248106, 36.55198532382127], [-118.27462780029768, 36.551836019399886], [-118.27536801918437, 36.551828103326955], [-118.27536556559592, 36.551678798944536], [-118.27629083701895, 36.551668897447264], [-118.27629329238633, 36.551818201776086], [-118.2764783469725, 36.551816220604614], [-118.27647589124936, 36.55166691628653], [-118.27703105383205, 36.551660971081716], [-118.27703596743105, 36.551959579649655], [-118.27666585763758, 36.55196354344953], [-118.27666831375264, 36.55211284774912], [-118.27703842425768, 36.55210888392778], [-118.27704088110242, 36.552258188202025], [-118.27722593668359, 36.55225620584997], [-118.27686565163977, 36.55285738736798], [-118.27501753344252, 36.553026497028405], [-118.2748275705524, 36.55272986721801]], [[-118.27574058283746, 36.55197344792501], [-118.27574549152784, 36.552272056627515], [-118.27630065859684, 36.55226611473921], [-118.27611069281174, 36.55196948699611], [-118.27574058283746, 36.55197344792501]]], [[[-118.27596000516537, 36.554061728045006], [-118.27670024489412, 36.55405380328987], [-118.27669778854397, 36.55390449904085], [-118.2770679075882, 36.55390053496202], [-118.27688776150515, 36.5542011256177], [-118.27651764100145, 36.55420508916521], [-118.27652009703196, 36.554354393417185], [-118.27633503639719, 36.554356374770975], [-118.27633258072248, 36.554207070508276], [-118.27596246011035, 36.55421103233305], [-118.27596000516537, 36.554061728045006]]], [[[-118.27690250222926, 36.555096950942485], [-118.2769000453967, 36.55494764673142], [-118.27782535523501, 36.55493773256968], [-118.27782289664135, 36.554788428408365], [-118.278748204248, 36.55477850712207], [-118.2787506646208, 36.554927811229675], [-118.27949091180342, 36.55491986898936], [-118.27949583545002, 36.55521847710687], [-118.27764520983345, 36.55523832430866], [-118.27764766812557, 36.555387628469035], [-118.27672480939025, 36.555546845566255], [-118.27672235285925, 36.555397541356115], [-118.2765372897517, 36.555399523072126], [-118.27653237745565, 36.555100914618734], [-118.27690250222926, 36.555096950942485]]], [[[-118.2774945599267, 36.55733056549106], [-118.27749210175519, 36.55718126137053], [-118.27786223631179, 36.557177294522354], [-118.27786715409641, 36.55747590271658], [-118.27749947632402, 36.557629173720464], [-118.2774970181163, 36.5574798696077], [-118.2773119500991, 36.55748185262252], [-118.27730949226536, 36.55733254849516], [-118.2774945599267, 36.55733056549106]]], [[[-118.27677148691545, 36.55838362481982], [-118.27769437911437, 36.55822440677691], [-118.27770175513095, 36.558672319012956], [-118.27696147163755, 36.558680250841405], [-118.27677148691545, 36.55838362481982]]], [[[-118.29268151077888, 36.568963932651016], [-118.2924964164705, 36.568965939772426], [-118.29250139270069, 36.56926454565915], [-118.29231629766184, 36.56926655251502], [-118.29232127325315, 36.569565158407904], [-118.29213617748383, 36.56956716499822], [-118.29214861500218, 36.570313679716584], [-118.29196351743411, 36.570315686073904], [-118.29197097909656, 36.57076359489078], [-118.29178588044189, 36.57076560099339], [-118.29160575487771, 36.57106621271059], [-118.29123555605243, 36.57107022352278], [-118.29123307020109, 36.570920920552076], [-118.2910479711171, 36.570922925516385], [-118.29105045661231, 36.57107222849793], [-118.29068025767722, 36.571076237586375], [-118.29068274247852, 36.57122554058573], [-118.29123804192203, 36.57121952648959], [-118.29124052780999, 36.57136882945249], [-118.29198092823621, 36.5713608065921], [-118.2919834155669, 36.57151010950769], [-118.2917983151317, 36.5715121156646], [-118.29180080212458, 36.571661418587155], [-118.29143060048699, 36.57166543006077], [-118.29143308678596, 36.57181473300116], [-118.29106288436292, 36.57181874334729], [-118.29106536996792, 36.57196804630547], [-118.29069516675943, 36.571972055524085], [-118.2906976516705, 36.572121358500084], [-118.2901423456522, 36.5721273702058], [-118.29014731339244, 36.57242597621117], [-118.29052000345726, 36.572571271626465], [-118.29052497273176, 36.572869877565104], [-118.29033986894498, 36.57287188152123], [-118.29034483758038, 36.573170487465994], [-118.28997711216023, 36.573323797547914], [-118.28998704687443, 36.57392100946189], [-118.28980194053973, 36.573923012631965], [-118.28980442390785, 36.57407231561158], [-118.2892491037256, 36.57407832343039], [-118.28924165688159, 36.57363041438236], [-118.28942676255879, 36.57362841209592], [-118.28942427995786, 36.57347910908297], [-118.28905406929746, 36.573483113346846], [-118.28903917834931, 36.57258729505732], [-118.2892242815518, 36.57258529313404], [-118.28921435319393, 36.57198808090648], [-118.2893994549536, 36.57198607873925], [-118.28939449017207, 36.571687472623786], [-118.2895795912012, 36.571685470190914], [-118.28956221254876, 36.570640348740056], [-118.28974731106683, 36.57063834609576], [-118.28973241365526, 36.5697425276225], [-118.28991751001853, 36.56974052475595], [-118.28972744799765, 36.569443921433596], [-118.28991254364873, 36.56944191858874], [-118.28990509423116, 36.56899400930872], [-118.29009018879573, 36.56899200620909], [-118.29008770533704, 36.56884270311882], [-118.28990261112854, 36.56884470620759], [-118.28989516193032, 36.56839679688085], [-118.29008025507062, 36.5683947938246], [-118.29007528831778, 36.568096187608994], [-118.29026038072769, 36.56809418428716], [-118.29025789702261, 36.56794488118435], [-118.29007280496877, 36.56794688449534], [-118.29006783832563, 36.567648278256385], [-118.28988274696559, 36.56765028125842], [-118.2898752982061, 36.56720237183825], [-118.28950511756747, 36.56720637691553], [-118.28968524285975, 36.56690576819927], [-118.28931258183012, 36.566760469470545], [-118.28930761832773, 36.56646186308259], [-118.2891225297429, 36.56646386484892], [-118.28911756702564, 36.566165258423716], [-118.28893247913459, 36.56616725988115], [-118.28873746885813, 36.56557204806756], [-118.28836481599878, 36.56542674618223], [-118.28835985638531, 36.56512813961589], [-118.28761951438787, 36.56513613882315], [-118.28762447115326, 36.56543474547608], [-118.28688412601583, 36.56544274017418], [-118.28650404842404, 36.564849522218786], [-118.2866891333482, 36.56484752459283], [-118.2866817037864, 36.56439961439864], [-118.28797729026893, 36.56438562320176], [-118.28797481129286, 36.56423631987163], [-118.28853006130082, 36.564230319368505], [-118.288892785723, 36.56377840774569], [-118.28963063228649, 36.56362109763775], [-118.28962566812751, 36.56332249112965], [-118.2898107491815, 36.56332048872918], [-118.2897958550073, 36.562424669176465], [-118.28886797971501, 36.56228537465498], [-118.28867794079088, 36.56198876885705], [-118.28812270685631, 36.56199476973461], [-118.28812022781628, 36.561845466353034], [-118.2868222072918, 36.561710154811756], [-118.28663217756761, 36.56141354554214], [-118.28608189746055, 36.561718143832955], [-118.28608437256693, 36.56186744733739], [-118.28460374918231, 36.561883411680725], [-118.28460622145928, 36.56203271526769], [-118.28442114309834, 36.56203470952901], [-118.28442361503755, 36.56218401312287], [-118.28460869375446, 36.56218201885076], [-118.28461363839942, 36.562480626005225], [-118.28479871781006, 36.562478631424334], [-118.28480119051581, 36.56262793498493], [-118.28461611074921, 36.56262992957663], [-118.28462105550338, 36.56292853670775], [-118.28443597500664, 36.56293053103383], [-118.2844458633095, 36.563527745292554], [-118.28463094523012, 36.56352575092329], [-118.28463836271632, 36.56397366154409], [-118.28482344568671, 36.56397166685522], [-118.28482591857448, 36.564120970376905], [-118.28501100188265, 36.56411897539002], [-118.28501347514464, 36.56426827889702], [-118.28538364241831, 36.56426428803997], [-118.2853910644495, 36.56471219847281], [-118.28502089503986, 36.564716189394645], [-118.28484075628359, 36.565016791425286], [-118.28428549984193, 36.56502277485692], [-118.28428302791292, 36.564873471326194], [-118.28409794275197, 36.56487546521816], [-118.28409547119715, 36.56472616167275], [-118.283910386374, 36.56472815526668], [-118.2840905281421, 36.564427554570265], [-118.28372035990162, 36.56443154142775], [-118.28372283070807, 36.56458084500251], [-118.28335266168281, 36.56458483073265], [-118.28335513179545, 36.5647341343251], [-118.28298496198546, 36.5647381189279], [-118.28298743140425, 36.56488742253803], [-118.2820620047812, 36.56489737907238], [-118.28188185402212, 36.56519797685546], [-118.28151168178535, 36.56520195692719], [-118.28132166315571, 36.564905339129695], [-118.28095395775493, 36.56505862115968], [-118.2807639415992, 36.564762002417325], [-118.28039130686403, 36.56461667521286], [-118.27984590582128, 36.565219853031856], [-118.28021607838475, 36.56521587813037], [-118.28040609363576, 36.56551249774336], [-118.28077873275195, 36.565657824795345], [-118.28078366328138, 36.56595643222356], [-118.28059857528305, 36.565958420733445], [-118.28060104021898, 36.56610772445248], [-118.28023086345583, 36.566111700632035], [-118.28022839923196, 36.56596239689149], [-118.2800433111792, 36.56596438453964], [-118.28004577504706, 36.56611368829096], [-118.27949050971186, 36.56611964954424], [-118.27948804691209, 36.56597034576065], [-118.27930295878679, 36.56597233225983], [-118.27930542123052, 36.566121636054156], [-118.27893524421349, 36.56612560821229], [-118.27893770596329, 36.566274912024234], [-118.27838243923372, 36.566280868139316], [-118.27838489993354, 36.566430171979604], [-118.27764454261636, 36.56643810948788], [-118.27763962408306, 36.566139501717494], [-118.27745453542056, 36.56614148535496], [-118.27745699432214, 36.56629078925284], [-118.27708681623076, 36.566294755687515], [-118.27708927443837, 36.566444059602965], [-118.27671909556254, 36.5664480249101], [-118.27672155307616, 36.56659732884313], [-118.27653646325508, 36.56659931107655], [-118.27652417764801, 36.56585279131889], [-118.27744715882449, 36.565693573638], [-118.27744469999534, 36.56554426972457], [-118.27762978723374, 36.56554228613004], [-118.27762486891771, 36.565243678312974], [-118.27743978239134, 36.56524566188603], [-118.27744224118429, 36.56539496580724], [-118.27707206736521, 36.56539893211311], [-118.27688206499681, 36.56510230692445], [-118.27669697875406, 36.565104289337825], [-118.27669943610486, 36.56525359330587], [-118.27559137136525, 36.56541478584699], [-118.27541119409163, 36.5657153743379], [-118.27522610628017, 36.56571735449625], [-118.27522365172325, 36.565568050454104], [-118.27430066695176, 36.56572725097937], [-118.27393784739652, 36.566179119889966], [-118.27356521792352, 36.5660337712609], [-118.27356031516396, 36.56573516299549], [-118.27319013916177, 36.565739117280074], [-118.27318768852113, 36.56558981312014], [-118.27429821417496, 36.56557794688366], [-118.27429576141623, 36.56542864278404], [-118.2754038294071, 36.56526746223194], [-118.2755840057211, 36.56496687374984], [-118.27595417769349, 36.56496291210414], [-118.27595172180291, 36.56481360808542], [-118.276136807406, 36.564811626842435], [-118.27613189496707, 36.56451301881478], [-118.27650206469495, 36.564509055510015], [-118.27649960779061, 36.56435975151181], [-118.27686977673416, 36.564355787079585], [-118.27686731913592, 36.56420648309896], [-118.27723748729508, 36.56420251753927], [-118.27723502900295, 36.56405321357621], [-118.27742011269939, 36.56405123037627], [-118.2775904427331, 36.563153423157814], [-118.27777552425745, 36.56315143944785], [-118.27777306502405, 36.56300213548976], [-118.27814322730644, 36.562998167229665], [-118.27814076737921, 36.56284886328916], [-118.27851092887724, 36.562844893901705], [-118.27850846825618, 36.56269558997879], [-118.27924878961092, 36.56268764780031], [-118.27924632758412, 36.562538343916486], [-118.27961648744079, 36.56253437112549], [-118.27962633850457, 36.56313158655136], [-118.27944125716141, 36.56313357313348], [-118.27926110001687, 36.563434167160985], [-118.28000142820107, 36.56342622017207], [-118.27999896465973, 36.56327691635073], [-118.28018404630446, 36.56327492889622], [-118.27998418379244, 36.56238109334096], [-118.28016926330136, 36.56237910595098], [-118.28016187204469, 36.56193119442586], [-118.28034695046759, 36.56192920678097], [-118.28033709428885, 36.561331991402696], [-118.28015201728971, 36.561333979004566], [-118.27996201371569, 36.56103735856372], [-118.27959186105056, 36.56104133228847], [-118.27958939851123, 36.56089202838335], [-118.27903417044539, 36.56089798678426], [-118.27903170899201, 36.56074868284303], [-118.27866155756938, 36.560752653652855], [-118.27865909684597, 36.560603349686225], [-118.27828894606273, 36.56060731932581], [-118.27828648606932, 36.56045801533381], [-118.27791633592551, 36.560461983803144], [-118.27791387666205, 36.56031267978577], [-118.2777288019189, 36.560314663578914], [-118.27772388415818, 36.56001605551103], [-118.27809403220267, 36.56001208768049], [-118.2782741863739, 36.55971149531544], [-118.27790403978933, 36.559715463677364], [-118.27771404885395, 36.55941883932856], [-118.27808419405112, 36.55941487158394], [-118.27862956957831, 36.558811701783284], [-118.27899971174713, 36.55880773125287], [-118.27898986705706, 36.558210515246714], [-118.27954507590364, 36.558204557426315], [-118.27954261370876, 36.5580552534473], [-118.27972768293215, 36.558053266943595], [-118.279722757885, 36.557754658995385], [-118.28009289485385, 36.55775068516952], [-118.28009043164572, 36.5576013812111], [-118.28027549974706, 36.55759939387818], [-118.28026564567237, 36.55700217804861], [-118.28045071233208, 36.55700019047158], [-118.28044578469182, 36.556701582554965], [-118.28063085062166, 36.55669959471229], [-118.28062838647287, 36.55655029075893], [-118.28099605272408, 36.55639701029792], [-118.2809911230938, 36.55609840241476], [-118.28080605862365, 36.55610039078867], [-118.28098619353612, 36.55579979451604], [-118.28135878648, 36.555945120879635], [-118.28136125197963, 36.55609442480553], [-118.28413968716319, 36.556213859886164], [-118.28414215803694, 36.556363163642565], [-118.2846973525468, 36.556357182089116], [-118.28488736199589, 36.55665379507849], [-118.28507242748962, 36.556651800344305], [-118.28506995480024, 36.55650249664965], [-118.28544008502138, 36.55649850634147], [-118.28581763756281, 36.55694242582741], [-118.28618776977342, 36.55693843315724], [-118.28619519446566, 36.55738634400008], [-118.28656532873859, 36.55738235011646], [-118.28694289206535, 36.55782626576232], [-118.2876831645171, 36.55781827212224], [-118.28768564235266, 36.55796757563056], [-118.28787071077588, 36.557965576491824], [-118.28787318898556, 36.55811487998542], [-118.28824332648902, 36.558110880824835], [-118.28824580542873, 36.55826018429289], [-118.28954377005616, 36.55839548149789], [-118.28954625152356, 36.55854478488233], [-118.29047159966179, 36.55853477174245], [-118.29046911641494, 36.55838546841219], [-118.29065418563184, 36.55838346493358], [-118.29103177700925, 36.55882736699632], [-118.29140191745043, 36.55882335796385], [-118.29160190054044, 36.55971717247939], [-118.29197204514264, 36.55971316159366], [-118.29197453140131, 36.55986246480207], [-118.29178945875346, 36.559864470399376], [-118.29179443061392, 36.56016307682625], [-118.29197950397358, 36.560161071207226], [-118.29181929101422, 36.561656108726986], [-118.29237949615164, 36.56194869695095], [-118.29238447066024, 36.562247303203655], [-118.29201680059948, 36.5624006187495], [-118.29202177379415, 36.5626992250223], [-118.29165161495453, 36.56270323634224], [-118.29165658679858, 36.563001842642876], [-118.29202923372343, 36.56314713440227], [-118.29204912767365, 36.564341559244255], [-118.29149884917433, 36.564646182388294], [-118.2915038207822, 36.56494478860942], [-118.29113365115337, 36.564948798531674], [-118.29114110656644, 36.565396707899275], [-118.29077093472841, 36.56540071673772], [-118.29058088062432, 36.56510411441982], [-118.2903957953716, 36.56510611809928], [-118.29039827908527, 36.56525542126519], [-118.29002810781292, 36.56525942778407], [-118.29003059083288, 36.56540873096779], [-118.29095850547483, 36.56554801558771], [-118.2909609903114, 36.56569731870942], [-118.29188393662126, 36.56553798984693], [-118.29188145002294, 36.565388686775606], [-118.29225162164136, 36.56538467449036], [-118.29225410895171, 36.56553397753997], [-118.29243919508944, 36.56553197095563], [-118.29244417047708, 36.56583057702147], [-118.29225908362731, 36.565832583627525], [-118.29246158491073, 36.56687569812923], [-118.29098086966248, 36.56689174354291], [-118.2909833546637, 36.56704104662957], [-118.29209638050168, 36.567178317245336], [-118.29209886767572, 36.56732762025909], [-118.29302431963447, 36.56731758524951], [-118.29302929759795, 36.56761619115671], [-118.29266160374233, 36.567769509035266], [-118.29266409205779, 36.567918812000855], [-118.29229390840759, 36.56792282580433], [-118.29229888366923, 36.56822143176729], [-118.29211379110455, 36.56822343825986], [-118.29211876572732, 36.56852204422898], [-118.29230385900412, 36.568520037714684], [-118.29230634669904, 36.56866934068253], [-118.29267653390981, 36.568665326770436], [-118.29268151077888, 36.568963932651016]], [[-118.29156348578705, 36.56852806204825], [-118.29156597205771, 36.56867736505952], [-118.29212125306616, 36.568671347207676], [-118.29211876572732, 36.56852204422898], [-118.29156348578705, 36.56852806204825]], [[-118.2776199506741, 36.56494507048035], [-118.27761749157945, 36.5647957665582], [-118.27743240612111, 36.564797750099046], [-118.27743486485974, 36.56494705403193], [-118.2776199506741, 36.56494507048035]], [[-118.28131919694096, 36.56475603542258], [-118.28131673074434, 36.5646067317116], [-118.28094656124665, 36.564610709973785], [-118.28094902673128, 36.56476001370631], [-118.28131919694096, 36.56475603542258]], [[-118.29111874082125, 36.56405297969136], [-118.29112122583086, 36.564202282841144], [-118.29130630887445, 36.56420027807789], [-118.29130382350884, 36.56405097493896], [-118.29111874082125, 36.56405297969136]], [[-118.2911162558299, 36.563903676537684], [-118.29093117348, 36.56390568099202], [-118.29093365811534, 36.56405498415655], [-118.29111874082125, 36.56405297969136], [-118.2911162558299, 36.563903676537684]], [[-118.282777656306, 36.563396378035186], [-118.28276531208263, 36.56264985969719], [-118.28295039203111, 36.562647867977574], [-118.28294792288501, 36.56249856430908], [-118.28238774795096, 36.562205931160655], [-118.28239021599285, 36.56235523486925], [-118.28202005739251, 36.56235921625493], [-118.28202252474064, 36.562508519981215], [-118.28220760440584, 36.5625065294212], [-118.28221253986854, 36.562805136840524], [-118.28239762022751, 36.56280314597175], [-118.2824050246257, 36.56325105703922], [-118.2822199431988, 36.56325304794032], [-118.28221747540388, 36.56310374424427], [-118.28166223208213, 36.56310971519196], [-118.28166716555431, 36.5634083226448], [-118.28148208369876, 36.5634103124078], [-118.2814845501061, 36.56355961613916], [-118.2816696323176, 36.56355762636537], [-118.2816720990991, 36.563706930082056], [-118.2822273466926, 36.56370095900509], [-118.28222487884317, 36.56355165532074], [-118.2825950431027, 36.56354767318821], [-118.28259257455949, 36.563398369521494], [-118.282777656306, 36.563396378035186]], [[-118.28958347572714, 36.56078433518206], [-118.28958099398567, 36.560635031855995], [-118.28976606863256, 36.560633029650624], [-118.28976110449261, 36.560334423008484], [-118.29031135998574, 36.56002980814163], [-118.29030887691196, 36.55988050483947], [-118.29012380409951, 36.55988250785219], [-118.29011387341089, 36.5592852945612], [-118.29029894479973, 36.55928329159185], [-118.29010890817624, 36.558986687892364], [-118.28955369603544, 36.55899269501235], [-118.28956114071173, 36.559440605107326], [-118.28993128429259, 36.55943660058281], [-118.28993624892509, 36.55973520724997], [-118.28938103139092, 36.559741213671025], [-118.28938847527351, 36.56018912374012], [-118.28901832802391, 36.56019312664994], [-118.28902825060905, 36.56079034010757], [-118.288658100439, 36.56079434195532], [-118.2886630604174, 36.56109294870411], [-118.28903321201119, 36.561088946813044], [-118.289030731301, 36.56093964346226], [-118.28940088210983, 36.5609356404441], [-118.28939840070603, 36.560786337111075], [-118.28958347572714, 36.56078433518206]], [[-118.28403615934002, 36.5611428754156], [-118.28365612531884, 36.560549647117924], [-118.28328597551562, 36.56055363226563], [-118.28329338443518, 36.56100154334649], [-118.28403615934002, 36.5611428754156]], [[-118.28328350591214, 36.560404328564225], [-118.28346858046692, 36.56040233614475], [-118.28346611052568, 36.56025303245024], [-118.28328103632684, 36.56025502485893], [-118.28346117069776, 36.55995442504955], [-118.28364624416659, 36.559952432375255], [-118.28365118470634, 36.56025103975438], [-118.28457408327826, 36.56009176833362], [-118.28458149950858, 36.56053967922294], [-118.28495164905708, 36.560535690054635], [-118.28494917625025, 36.56038638645034], [-118.28549945167414, 36.56008179342096], [-118.28549450405241, 36.559783186249966], [-118.28567957696515, 36.559781190427486], [-118.28566968051663, 36.559183976081975], [-118.28585475198751, 36.55918198001556], [-118.285852277565, 36.559032676430256], [-118.28566720645004, 36.55903467248588], [-118.28565978435955, 36.55858676167421], [-118.28509962827451, 36.558294140728805], [-118.28509715538485, 36.55814483707693], [-118.28417180994059, 36.5581548084161], [-118.28416933884856, 36.558005504706365], [-118.283984270061, 36.558007498101944], [-118.28398674079715, 36.55815680182244], [-118.28324646404151, 36.558164772576234], [-118.28324893337228, 36.55831407633601], [-118.28251112282763, 36.55847134633733], [-118.28233098800231, 36.55877194478866], [-118.28214591725353, 36.558773935366496], [-118.28215578643494, 36.55937115057866], [-118.28252839881416, 36.559516472821386], [-118.28253580308095, 36.55996438411333], [-118.2830959621098, 36.56025701698044], [-118.28310090058675, 36.5605556244087], [-118.28328597551562, 36.56055363226563], [-118.28328350591214, 36.560404328564225]], [[-118.27992506685199, 36.558797799901356], [-118.2799226038728, 36.55864849595941], [-118.27973753324399, 36.5586504827933], [-118.27973999586727, 36.55879978674601], [-118.27992506685199, 36.558797799901356]]], [[[-118.27471010101533, 36.568112157907564], [-118.27508028812206, 36.56810819868423], [-118.27507783363205, 36.567958894693604], [-118.27544801995438, 36.56795493434262], [-118.27544556477034, 36.567805630369534], [-118.27563065754833, 36.567803649773865], [-118.27563802422284, 36.56825156164929], [-118.27545293037667, 36.56825354227713], [-118.27545538561495, 36.56840284623854], [-118.27452991433265, 36.56841274512221], [-118.27471010101533, 36.568112157907564]]], [[[-118.29036471285356, 36.574364911089305], [-118.29036222838039, 36.57421560815001], [-118.29054733537254, 36.57421360409628], [-118.29054982020185, 36.57436290702472], [-118.29092003484358, 36.57435889803356], [-118.29092500598182, 36.57465750383537], [-118.29073989795775, 36.57465950849631], [-118.29074238319814, 36.574808811402235], [-118.2903721663828, 36.57481281988381], [-118.29036968185474, 36.5746635169562], [-118.29018457377582, 36.57466552075515], [-118.29017960548694, 36.57436691486656], [-118.29036471285356, 36.574364911089305]]], [[[-118.29075978039316, 36.575853931634605], [-118.29075480967452, 36.57555532587339], [-118.29093991983564, 36.57555332114735], [-118.29093743414761, 36.57540401827176], [-118.29112254393424, 36.57540201326923], [-118.29112502997847, 36.57555131613399], [-118.29168036029715, 36.575545299369814], [-118.29150022377739, 36.57584591091961], [-118.29131511295878, 36.57584791652937], [-118.29131262652176, 36.575698613683265], [-118.29112751604103, 36.57570061899484], [-118.29113000212188, 36.575849921851784], [-118.29075978039316, 36.575853931634605]]], [[[-118.29154250206359, 36.578384058523156], [-118.29191273575715, 36.578380046072475], [-118.29191024794021, 36.57823074332513], [-118.29227799233692, 36.57807742701717], [-118.29245315312099, 36.57747820889419], [-118.29263826774796, 36.57747620144088], [-118.29264075689822, 36.577625504164246], [-118.29319610173786, 36.57761948004753], [-118.29302094644382, 36.578218699141395], [-118.29283583007233, 36.57822070722377], [-118.29265569218468, 36.578521320422674], [-118.29173259389594, 36.57868065794623], [-118.29154250206359, 36.578384058523156]]], [[[-118.26666555534199, 36.55162221729684], [-118.26648050051294, 36.55162418323072], [-118.26647806403786, 36.55147487832794], [-118.26666311851112, 36.551472912404705], [-118.26666555534199, 36.55162221729684]]], [[[-118.26648293700597, 36.55177348812961], [-118.2662978818032, 36.55177545378703], [-118.26629544566596, 36.55162614887749], [-118.26648050051294, 36.55162418323072], [-118.26648293700597, 36.55177348812961]]], [[[-118.27055414692397, 36.551730171030094], [-118.2707392017135, 36.551728198769375], [-118.27074164640746, 36.55187750341921], [-118.27055659126215, 36.551879475690605], [-118.27055414692397, 36.551730171030094]]], [[[-118.26750819735688, 36.557885150861516], [-118.26751063638284, 36.55803445554392], [-118.26769570642313, 36.55803248771655], [-118.26770302467648, 36.55848040170848], [-118.26751795356851, 36.5584823695678], [-118.26752283178206, 36.5587809788976], [-118.26733775994434, 36.55878294649106], [-118.26734019872214, 36.55893225116078], [-118.26771278259905, 36.55907762030994], [-118.2677176616681, 36.559376229587336], [-118.26790273489354, 36.55937426137693], [-118.26790517481092, 36.55952356599915], [-118.26772010122954, 36.55952553422022], [-118.26772254080898, 36.559674838849205], [-118.26790761474628, 36.55967287061748], [-118.26792713487569, 36.56086730742416], [-118.26774205809092, 36.56086927574111], [-118.26775181716297, 36.561466494093764], [-118.26738166069201, 36.5614704299513], [-118.2673914172038, 36.56206764832696], [-118.26757649687211, 36.56206568049918], [-118.26757893640091, 36.56221498507273], [-118.26739385637666, 36.56221695291115], [-118.26721365402203, 36.562517529640395], [-118.26684349245987, 36.56252146392377], [-118.26684593061866, 36.562670768528264], [-118.26647576827273, 36.5626747016841], [-118.26646601859304, 36.56207748315769], [-118.26665109835108, 36.562075516765965], [-118.26664866062004, 36.561926212135276], [-118.26608854908747, 36.56163350108007], [-118.26609342235994, 36.561932110416926], [-118.26590834290403, 36.5619340759364], [-118.26591321553632, 36.562232685278985], [-118.26572813535054, 36.562234650532524], [-118.26573057133763, 36.562383955208624], [-118.26591565187937, 36.562381989944456], [-118.26592052461929, 36.56268059926372], [-118.26573544336559, 36.56268256454917], [-118.26573787940649, 36.56283186921362], [-118.26536528080439, 36.56268649425842], [-118.2653604102003, 36.562387884875335], [-118.26517532960474, 36.56238984927788], [-118.26517289468559, 36.56224054456987], [-118.26498781442807, 36.56224250867456], [-118.26518263446985, 36.562837763378575], [-118.26481247108914, 36.56284169138579], [-118.2646322572357, 36.56314226440338], [-118.26407700984059, 36.56314815346219], [-118.26406971127557, 36.56270023919352], [-118.26388462984266, 36.56270220160682], [-118.26389192733971, 36.56315011590735], [-118.26333667972968, 36.5631560015195], [-118.26331722863904, 36.56196156305215], [-118.26313214891435, 36.561963524263504], [-118.26312242522245, 36.561366304894094], [-118.26293734690371, 36.561368265775776], [-118.26293248587704, 36.56106965604652], [-118.26256233060968, 36.56107357690584], [-118.262574479751, 36.561820101305955], [-118.2623894003107, 36.561822061357866], [-118.26239182983664, 36.56197136623684], [-118.26202167019048, 36.561975285500246], [-118.26202409902241, 36.56212459039655], [-118.26220917921039, 36.56212263089784], [-118.2622213254181, 36.562869155268], [-118.26259391930732, 36.563014540144025], [-118.26241855580284, 36.563613719649005], [-118.26186816192255, 36.563918208187744], [-118.26187059063095, 36.564067513044115], [-118.26150042090995, 36.56407143088115], [-118.26150284892422, 36.56422073575485], [-118.26113267841971, 36.56422465246416], [-118.26113510573984, 36.56437395735517], [-118.26039718900635, 36.56453109229888], [-118.26039961493818, 36.5646803972245], [-118.25984435562899, 36.56468626678274], [-118.25984678051061, 36.56483557173624], [-118.259479031024, 36.56498878833083], [-118.25946448616696, 36.56409295844781], [-118.25983223148857, 36.56393974195692], [-118.25981525844178, 36.56289460703757], [-118.25963017624164, 36.56289656285548], [-118.25962047917437, 36.56229934277372], [-118.25980555995058, 36.56229738699817], [-118.25980313537244, 36.56214808197859], [-118.25924304709115, 36.561855338297555], [-118.25924062363443, 36.56170603323458], [-118.25942570302247, 36.56170407807579], [-118.25941600795015, 36.56110685782735], [-118.25960108589652, 36.56110490242368], [-118.25959623775552, 36.56080629229731], [-118.25978131497216, 36.56080433662761], [-118.25977889057249, 36.560655031569176], [-118.26051919783674, 36.56064720606079], [-118.26051677203115, 36.560497901040854], [-118.26088692484424, 36.56049398658468], [-118.26106714753078, 36.5601934189378], [-118.26143729881294, 36.56018950280085], [-118.26143001627152, 36.5597415878533], [-118.26180016534663, 36.55973767063121], [-118.26180502178006, 36.560036280557725], [-118.26199009700267, 36.56003432149469], [-118.26199252560214, 36.560183626441514], [-118.26236267670555, 36.56017970743267], [-118.2623602473942, 36.56003040250706], [-118.26217517220736, 36.56003236214447], [-118.26216788544845, 36.55958444731249], [-118.26235295956751, 36.559582487706905], [-118.26234810110579, 36.55928387782072], [-118.26216302769859, 36.55928583740509], [-118.26216059885047, 36.55913653244554], [-118.26234567190176, 36.55913457287177], [-118.26233838439695, 36.558686658001676], [-118.26252345636263, 36.55868469817254], [-118.26251859740371, 36.55838608826093], [-118.26233352614986, 36.55838804806883], [-118.26233109705313, 36.55823874309659], [-118.26251616795109, 36.558236783299286], [-118.26249430368227, 36.55689303846964], [-118.26286443901857, 36.55688911820452], [-118.2628547191838, 36.55629189826408], [-118.26303978540165, 36.55628993774324], [-118.26303735513183, 36.55614063275901], [-118.2634074868021, 36.55613671087712], [-118.26358768998927, 36.555836139589054], [-118.26395538813328, 36.55568291108397], [-118.26395295615575, 36.555533606137296], [-118.26376789180668, 36.555535568040774], [-118.2637654602029, 36.55538626307958], [-118.26395052419612, 36.55538430118672], [-118.26394322842468, 36.5549363863117], [-118.26412829133245, 36.55493442416356], [-118.26412342686267, 36.5546358142487], [-118.26430848904087, 36.55463385183467], [-118.26430605647701, 36.55448454688203], [-118.26449111828147, 36.55448258419151], [-118.26448381962985, 36.55403466934215], [-118.26485150749033, 36.55388143822714], [-118.2648417734307, 36.55328421844303], [-118.26502683233485, 36.55328225497614], [-118.26519972049155, 36.55253376651085], [-118.26538477758085, 36.552531802522886], [-118.26518998423052, 36.551936546671854], [-118.26537503989665, 36.551934582726425], [-118.2653726055204, 36.55178527776759], [-118.26611282658249, 36.55177741915735], [-118.26611526238187, 36.55192672407363], [-118.26648537351693, 36.551922793024616], [-118.26648293700597, 36.55177348812961], [-118.26666799219078, 36.5517715221851], [-118.26667042905753, 36.55192082706946], [-118.2668554845802, 36.55191886082721], [-118.26685304735767, 36.55176955595349], [-118.26759326784578, 36.551761688156006], [-118.26759570649142, 36.55191099298713], [-118.26778076192437, 36.551909025309364], [-118.26777832292292, 36.551759720488896], [-118.26907370796005, 36.55174593878024], [-118.2690712664861, 36.55159663403047], [-118.2694413756234, 36.55159269383686], [-118.2694438178089, 36.5517419985653], [-118.27036909211643, 36.55173214300371], [-118.27037153609884, 36.551881447674894], [-118.27055659126215, 36.551879475690605], [-118.27037642411764, 36.55218005700563], [-118.27000631231388, 36.55218400015559], [-118.27000875563868, 36.55233330483648], [-118.26982369935403, 36.552335275991474], [-118.26982125638503, 36.55218597129993], [-118.26963620043819, 36.552187942157154], [-118.26963864305141, 36.55233724685937], [-118.26926608849054, 36.55219188301029], [-118.26908591559945, 36.55249246247074], [-118.26871580212078, 36.55249640164391], [-118.26871824299101, 36.55264570639167], [-118.26890330009512, 36.55264373693797], [-118.26891062388098, 36.55309165112595], [-118.26836032979143, 36.55339616822481], [-118.26836521034221, 36.55369477771242], [-118.26799753061765, 36.553848019518504], [-118.26800484949753, 36.55429593377306], [-118.26763716621471, 36.55444917452165], [-118.26764204417036, 36.55474778404008], [-118.2674569819591, 36.55474975163311], [-118.267459420608, 36.55489905639714], [-118.26764448317513, 36.55489708879347], [-118.26746429795972, 36.55519766591356], [-118.26783442449936, 36.555193730376445], [-118.26784662175129, 36.55594025399293], [-118.26803168677343, 36.5559382857404], [-118.26803412663354, 36.55608759044138], [-118.26784906125556, 36.55608955870455], [-118.26785881945223, 36.556686777512226], [-118.26749112467782, 36.556840017975865], [-118.26749844143255, 36.557287932093054], [-118.26786857793628, 36.557283996257674], [-118.26787589698789, 36.55773191027596], [-118.26750819735688, 36.557885150861516]], [[-118.26672404466504, 36.55520553354213], [-118.26654385516156, 36.555506109338765], [-118.26598866281323, 36.555512006247696], [-118.26599109870513, 36.55566131107744], [-118.2658060341973, 36.555663276150106], [-118.26599597054272, 36.55595992072529], [-118.2656258400857, 36.55596385062603], [-118.26544564460447, 36.55626442484179], [-118.26600084245203, 36.55625853035759], [-118.2659984064884, 36.55610922554337], [-118.26673623124148, 36.55595205747808], [-118.26673379389032, 36.55580275269867], [-118.2674667366625, 36.55534697066594], [-118.26746429795972, 36.55519766591356], [-118.26672404466504, 36.55520553354213]], [[-118.26470538055678, 36.55627228013399], [-118.26470781404728, 36.55642158501874], [-118.26452274763469, 36.556423548134546], [-118.26452761395772, 36.556722157913626], [-118.26545294940013, 36.55671233935681], [-118.26544564460447, 36.55626442484179], [-118.26470538055678, 36.55627228013399]], [[-118.26731337315373, 36.55728989957999], [-118.267315811752, 36.5574392042886], [-118.26750088038668, 36.557437236791], [-118.26749844143255, 36.557287932093054], [-118.26731337315373, 36.55728989957999]], [[-118.25983950591926, 36.56438765686407], [-118.2600245916615, 36.56438570065307], [-118.26020482632354, 36.56408513426299], [-118.25983465628094, 36.56408904692986], [-118.25983950591926, 36.56438765686407]], [[-118.26090148421706, 36.56138981651898], [-118.26071640568375, 36.56139177395423], [-118.26072611086573, 36.561988993875104], [-118.26109384372795, 36.561835773679434], [-118.26109141671158, 36.561686468722336], [-118.26090633748422, 36.561688426466], [-118.26090148421706, 36.56138981651898]], [[-118.2646079186334, 36.56164921702386], [-118.2647929975029, 36.5616472535361], [-118.26479543163848, 36.56179655828092], [-118.26516559003561, 36.561792630422524], [-118.26516315518812, 36.561643325698974], [-118.2649780763545, 36.561645289761145], [-118.26497320742521, 36.56134668028111], [-118.26460305112795, 36.56135060750132], [-118.2646079186334, 36.56164921702386]], [[-118.26126678661052, 36.561087290866695], [-118.26108170882485, 36.561089248855154], [-118.26108413576975, 36.561238553827785], [-118.26183173344228, 36.561678634875676], [-118.2618220198603, 36.561081415178094], [-118.26163694212823, 36.56108337402816], [-118.26163451413338, 36.56093406908345], [-118.26126435932755, 36.560937985900786], [-118.26126678661052, 36.561087290866695]], [[-118.26477839306588, 36.56075142498559], [-118.26459331633208, 36.56075338840958], [-118.26459088267792, 36.56060408362693], [-118.26422072986847, 36.560608009592066], [-118.26441067289653, 36.56090465633577], [-118.26459575000418, 36.56090269318835], [-118.26460061740212, 36.56120130273422], [-118.26496833856766, 36.561048070785525], [-118.26477839306588, 36.56075142498559]], [[-118.26071155319991, 36.56109316397049], [-118.26052647536065, 36.56109512109736], [-118.2605289012377, 36.56124442610177], [-118.26071397943291, 36.5612424689643], [-118.26071155319991, 36.56109316397049]], [[-118.26292519447126, 36.56062174142348], [-118.26274011791435, 36.56062370196491], [-118.26274497812176, 36.560922311738715], [-118.26293005539056, 36.560920351176065], [-118.26292519447126, 36.56062174142348]], [[-118.26309568654621, 36.55972395130753], [-118.26254046328226, 36.55972983274079], [-118.26254532256314, 36.560028442582464], [-118.26291547284737, 36.560024521871696], [-118.2629179032265, 36.56017382676547], [-118.26310297869772, 36.56017186596869], [-118.26310054796264, 36.560022561085525], [-118.26328562306001, 36.56002060001217], [-118.26309568654621, 36.55972395130753]], [[-118.26604956549079, 36.55924462582538], [-118.26567941937479, 36.55924855619415], [-118.2656842906496, 36.55954716569795], [-118.26642458565716, 36.559539303726595], [-118.26641971153502, 36.5592406943079], [-118.26660478453026, 36.55923872811839], [-118.26660234714019, 36.55908942341385], [-118.26604712916847, 36.55909532108892], [-118.26604956549079, 36.55924462582538]], [[-118.26639290514612, 36.557598342227124], [-118.26620783604787, 36.55760030801239], [-118.26621027254672, 36.557749612777094], [-118.26639534200086, 36.55774764698118], [-118.26639290514612, 36.557598342227124]], [[-118.26596917632368, 36.55431756746973], [-118.26578411501842, 36.55431953244667], [-118.26578898582156, 36.55461814218575], [-118.26615667371529, 36.55446490705588], [-118.26615180152469, 36.55416629735156], [-118.26596674059317, 36.55416826260499], [-118.26596917632368, 36.55431756746973]], [[-118.26761033874244, 36.552806821892304], [-118.26779539631015, 36.55280485415062], [-118.26779295720095, 36.55265554935347], [-118.26760789998906, 36.5526575170845], [-118.26761033874244, 36.552806821892304]], [[-118.26760546125362, 36.5525082122728], [-118.26742040437959, 36.55251017970607], [-118.26742284275922, 36.55265948452842], [-118.26760789998906, 36.5526575170845], [-118.26760546125362, 36.5525082122728]], [[-118.26593751322586, 36.552376603924955], [-118.26575245654615, 36.55237856876361], [-118.26575489170568, 36.55252787368562], [-118.26593994874119, 36.55252590883633], [-118.26593751322586, 36.552376603924955]]], [[[-118.25887773309273, 36.562157857931304], [-118.25869265258325, 36.56215981226021], [-118.25868780775208, 36.56186120208243], [-118.2588728875496, 36.561859247774684], [-118.25887773309273, 36.562157857931304]]], [[[-118.25888015589105, 36.56230716300379], [-118.25888984726265, 36.56290438325486], [-118.25851968266613, 36.56290829173124], [-118.25851241624653, 36.5624603764853], [-118.25888015589105, 36.56230716300379]]], [[[-118.25063093299161, 36.56732190480904], [-118.25044583957751, 36.567323846570645], [-118.2504506536471, 36.567622457417585], [-118.25063574777336, 36.56762051563498], [-118.25082565744665, 36.567917184354485], [-118.2504554677876, 36.56792106824902], [-118.25045787488443, 36.5680703736589], [-118.25009009084474, 36.56822356185237], [-118.24972952255763, 36.56882466524397], [-118.24935932841296, 36.56882854581722], [-118.24916942194616, 36.56853187474106], [-118.24880163308258, 36.56868505903748], [-118.2487944212469, 36.56823714255923], [-118.24823432834539, 36.56794434748512], [-118.2482319255392, 36.56779504194534], [-118.248417020234, 36.56779310359951], [-118.24841221396251, 36.567494492529306], [-118.24896268746721, 36.56719006480836], [-118.24876797921219, 36.56659478183991], [-118.24913575835363, 36.56644159778301], [-118.24913094955222, 36.56614298672687], [-118.24987131220462, 36.56613522633645], [-118.24986890640629, 36.565985920844554], [-118.25005399666908, 36.56598398003932], [-118.25005640282345, 36.566133285520706], [-118.25042658400795, 36.566129403027446], [-118.25042177029275, 36.56583079210281], [-118.25079194998222, 36.565826908502565], [-118.25078713491376, 36.56552829760443], [-118.25097222401982, 36.56552635539446], [-118.25059001020914, 36.56478371216129], [-118.25077509755279, 36.56478177029112], [-118.25095536934637, 36.56448121720221], [-118.25151062908172, 36.5644753890696], [-118.25151785561101, 36.56492330536638], [-118.25189044040596, 36.56506872384879], [-118.2518928500143, 36.56521802924835], [-118.25226302657177, 36.56521414113624], [-118.25226543690992, 36.56536344651087], [-118.25245052551809, 36.56536150201342], [-118.25245293622999, 36.56551080737366], [-118.2522678472658, 36.56551275188163], [-118.25227748886685, 36.56610997332579], [-118.25190730803696, 36.56611386156417], [-118.25190971776948, 36.56626316693654], [-118.25172462697188, 36.566265110635364], [-118.25172703636612, 36.56641441601438], [-118.25191212751976, 36.56641247230503], [-118.25191694707352, 36.56671108303035], [-118.25173185520777, 36.56671302676075], [-118.25155158152481, 36.56701358095574], [-118.25118139628039, 36.56701746702227], [-118.2511765795041, 36.566718856228334], [-118.2509914875674, 36.566720798809676], [-118.25063093299161, 36.56732190480904]], [[-118.25098907956192, 36.56657149339637], [-118.25080398796354, 36.56657343567994], [-118.250806395613, 36.566722741103746], [-118.2509914875674, 36.566720798809676], [-118.25098907956192, 36.56657149339637]], [[-118.25024389995266, 36.5662806498847], [-118.25005880899553, 36.56628259099821], [-118.25006121518533, 36.56643189647184], [-118.25024630649854, 36.56642995534783], [-118.25024389995266, 36.5662806498847]]], [[[-118.24824153687014, 36.5683922640811], [-118.24805644073335, 36.568394202181615], [-118.24804923327683, 36.56794628555416], [-118.24823432834539, 36.56794434748512], [-118.24824153687014, 36.5683922640811]]], [[[-118.24713336052449, 36.56855319396214], [-118.24713095978403, 36.568403888374995], [-118.24731605600925, 36.56840195171088], [-118.24731845710579, 36.56855125728756], [-118.24713336052449, 36.56855319396214]]], [[[-118.24332770965073, 36.57367019289091], [-118.24332292194487, 36.57337158153724], [-118.24350803029309, 36.57336965056119], [-118.24350324194536, 36.5730710392129], [-118.2436883495636, 36.573069107970426], [-118.24368356057407, 36.5727704966275], [-118.24386866746232, 36.5727685651186], [-118.24367877165504, 36.57247188526903], [-118.24404658884391, 36.572318716341584], [-118.24403221834196, 36.57142288227517], [-118.24421732198957, 36.57142095028572], [-118.24421253125104, 36.571122338920105], [-118.24384232536273, 36.57112620256986], [-118.24383753611926, 36.570827591146866], [-118.24420774058306, 36.570823727538944], [-118.24421013590823, 36.57097303323145], [-118.24439523846982, 36.57097110098607], [-118.24439044712483, 36.57067248961807], [-118.24475825441228, 36.570519318638304], [-118.24475346174862, 36.57022070728885], [-118.24512126616945, 36.57006753523192], [-118.24529677718772, 36.569468378977284], [-118.24548187608225, 36.56946644511272], [-118.2454794784407, 36.569317139454604], [-118.24584967546457, 36.56931327088454], [-118.24584727712846, 36.56916396524346], [-118.24621747336951, 36.56916009554518], [-118.24621027633053, 36.56871217866153], [-118.24639537335628, 36.56871024341288], [-118.24639297402251, 36.56856093778771], [-118.24676316730883, 36.56855706644949], [-118.24676556735479, 36.568706372053704], [-118.24787614892611, 36.56869475108139], [-118.24788575783288, 36.569291973207854], [-118.24770065952413, 36.56929391079674], [-118.24770546337143, 36.56959252185763], [-118.24715016620249, 36.56959833296343], [-118.24715256708433, 36.5697476385195], [-118.24641456866227, 36.569904688274484], [-118.24641696815505, 36.570053993864704], [-118.24604676767602, 36.57005786426326], [-118.24605876184351, 36.57080439226086], [-118.24624386387246, 36.57080245715287], [-118.24624626311507, 36.57095176273027], [-118.24587845687526, 36.57110493827436], [-118.24570534532296, 36.57185340079507], [-118.24552024074806, 36.571855335114435], [-118.24552263868974, 36.57200464070653], [-118.24533753374105, 36.57200657474905], [-118.24534232896505, 36.57230518594252], [-118.2451572232864, 36.572307119718644], [-118.2451596205687, 36.57245642532002], [-118.24534472660353, 36.57245449153344], [-118.24534952193343, 36.57275310270363], [-118.24479899490261, 36.57305751448163], [-118.2446234727043, 36.5736566698782], [-118.24425325477716, 36.5736605350328], [-118.24425085913454, 36.57351122941018], [-118.2440657505007, 36.57351316154602], [-118.24405856474714, 36.57306524462348], [-118.24387345716417, 36.573067176440624], [-118.24387824693657, 36.5733657877471], [-118.24369313862363, 36.57336771929782], [-118.2436955331801, 36.573517024955684], [-118.24388064184922, 36.573515093394526], [-118.24388543172739, 36.573813704677704], [-118.2437003223459, 36.57381563625979], [-118.24370511158224, 36.57411424754834], [-118.24352000147078, 36.57411617886398], [-118.2435223957592, 36.57426548451291], [-118.24333728527391, 36.574267415551645], [-118.2433301035301, 36.57381949856192], [-118.24351521294682, 36.57381756755452], [-118.24351281871128, 36.573668261893964], [-118.24332770965073, 36.57367019289091]]]]}}, {"type": "Feature", "properties": {"index": 1, "distance_m": 350.0, "distance_mi": 0.2174804578274324, "elevation_m": 3781.263916015625, "lon": -118.28080579776021, "lat": 36.56588220004934}, "geometry": {"type": "MultiPolygon", "coordinates": [[[[-118.27373438294873, 36.553786865901905], [-118.27373193232776, 36.553637561473664], [-118.27317675489385, 36.55364349159254], [-118.27298679737177, 36.55334685877084], [-118.27187644617871, 36.5533587094054], [-118.27168649429547, 36.55306207438725], [-118.27131637847418, 36.55306602168488], [-118.27112642945538, 36.55276938570437], [-118.27038375628078, 36.55262797097255], [-118.27037886815401, 36.55232936166515], [-118.27000875563868, 36.55233330483648], [-118.27000631231388, 36.55218400015559], [-118.26926364660687, 36.552042578282865], [-118.26926120474118, 36.551893273551535], [-118.26870603881963, 36.55189918261399], [-118.26870359803927, 36.55174987784679], [-118.26888865300864, 36.55174790845707], [-118.26888621189046, 36.55159860369664], [-118.26981148468882, 36.55158875249486], [-118.26981392758587, 36.551738057201966], [-118.26999898244738, 36.55173608608965], [-118.26999653919454, 36.55158678139321], [-118.27018159368227, 36.551584810004464], [-118.27018403729089, 36.55173411469023], [-118.27110931123858, 36.55172425338665], [-118.27110686585104, 36.55157494875427], [-118.27129192023081, 36.55157297564294], [-118.27129436597411, 36.55172228026464], [-118.27147942069165, 36.55172030685552], [-118.27147697459257, 36.55157100224451], [-118.27184708326206, 36.55156705458636], [-118.27184463646941, 36.551417749992844], [-118.27202969042135, 36.551415775743806], [-118.27203213756977, 36.55156508032665], [-118.27239979827121, 36.55141182638446], [-118.27258974861859, 36.551708460371785], [-118.27277480321, 36.55170648495299], [-118.27313756448959, 36.55125461969806], [-118.27369272484553, 36.55124869009277], [-118.27387287693932, 36.550948104012285], [-118.27442803494417, 36.550942171026136], [-118.27443048666348, 36.55109147548156], [-118.27424543365747, 36.55109345344142], [-118.27425033643875, 36.55139206236203], [-118.27406528270316, 36.55139404005619], [-118.27407508705913, 36.55199125789356], [-118.27426014221784, 36.551989280156555], [-118.27425769074598, 36.55183997571375], [-118.27444274553085, 36.55183799770037], [-118.27444519735847, 36.551987302132474], [-118.2750003626721, 36.55198136633758], [-118.27499790977714, 36.55183206193761], [-118.27555307386089, 36.551826123590985], [-118.27555061991666, 36.551676819219274], [-118.27703105383205, 36.551660971081716], [-118.27703596743105, 36.551959579649655], [-118.27685091254335, 36.55196156169314], [-118.2768533690142, 36.552110865982], [-118.27722593668359, 36.55225620584997], [-118.27723085113891, 36.55255481436533], [-118.27704579484613, 36.55255679673885], [-118.27704825174513, 36.55270610100142], [-118.27667813839376, 36.552710064908595], [-118.27668305082281, 36.55300867346498], [-118.27594282105673, 36.55301659791984], [-118.27594527587517, 36.55316590223511], [-118.27557516017211, 36.55316986276131], [-118.275577614297, 36.55331916709413], [-118.27539255606256, 36.55332114693727], [-118.27539746365497, 36.553619755612665], [-118.27502734570864, 36.55362371448049], [-118.27502489261502, 36.55347441012331], [-118.27483983397057, 36.55347638911582], [-118.27484228670839, 36.553625693483724], [-118.2742871095993, 36.553631628770724], [-118.2742920129942, 36.55393023755911], [-118.27392189340797, 36.55393419302435], [-118.27391944241312, 36.55378488861068], [-118.27373438294873, 36.553786865901905]], [[-118.27611069281174, 36.55196948699611], [-118.27574058283746, 36.55197344792501], [-118.27574549152784, 36.552272056627515], [-118.27630065859684, 36.55226611473921], [-118.27611069281174, 36.55196948699611]]], [[[-118.27559479367727, 36.55436429731492], [-118.27559233942588, 36.55421499300934], [-118.27540727905655, 36.55421697291679], [-118.27540237131961, 36.55391836427251], [-118.27577249061694, 36.553914404213344], [-118.275774945188, 36.55406370851598], [-118.27596000516537, 36.554061728045006], [-118.27595755023849, 36.55391242375308], [-118.2765127289947, 36.55390648064958], [-118.27651518498905, 36.554055784909345], [-118.27670024489412, 36.55405380328987], [-118.27669778854397, 36.55390449904085], [-118.27743802656009, 36.5538965697347], [-118.2774404843335, 36.55404587394081], [-118.2768853047811, 36.55405182138328], [-118.27688776150515, 36.5542011256177], [-118.27633258072248, 36.554207070508276], [-118.27615243108123, 36.554507660107184], [-118.27578230900963, 36.5545116214006], [-118.27577985438437, 36.55436231710962], [-118.27559479367727, 36.55436429731492]]], [[[-118.2780325485083, 36.556279486055914], [-118.27839529926791, 36.55582760531984], [-118.27895049119584, 36.55582165059967], [-118.2789455695393, 36.55552304244877], [-118.27876050629314, 36.55552502762114], [-118.27875804584787, 36.5553757235291], [-118.27783027247658, 36.55523634088059], [-118.27765012643577, 36.55553693262551], [-118.27746506306283, 36.555538915787935], [-118.27746260510848, 36.555389611620726], [-118.27672480939025, 36.555546845566255], [-118.27672235285925, 36.555397541356115], [-118.2763522266261, 36.55540150450099], [-118.27634977082487, 36.555252200265514], [-118.27616470803702, 36.55525418139654], [-118.27615979720048, 36.554955572892474], [-118.27652992133474, 36.554951610386205], [-118.27653237745565, 36.555100914618734], [-118.27727016938631, 36.554943681928115], [-118.27727262693055, 36.55509298611771], [-118.27745768925405, 36.55509100327463], [-118.27763783506572, 36.55479041180424], [-118.278748204248, 36.55477850712207], [-118.2787506646208, 36.554927811229675], [-118.27911832716389, 36.55477453659767], [-118.27912078824835, 36.55492384068377], [-118.28004609700007, 36.55491390929426], [-118.28005348569971, 36.55536182136792], [-118.2806086739357, 36.55535585899184], [-118.28061113793936, 36.555505162976345], [-118.28079620100425, 36.55550317493262], [-118.28080112977766, 36.55580178286843], [-118.2804334659086, 36.55595506269536], [-118.28025332848705, 36.55625565817412], [-118.27877280879112, 36.55627154802294], [-118.27877772991712, 36.55657015615644], [-118.27803746678744, 36.55657809427536], [-118.27803992595415, 36.55672739837922], [-118.2778548597706, 36.55672938220182], [-118.27784748339234, 36.5562814698463], [-118.2780325485083, 36.556279486055914]]], [[[-118.2774945599267, 36.55733056549106], [-118.27749210175519, 36.55718126137053], [-118.27804730356294, 36.55717531066754], [-118.27805222205932, 36.55747391884028], [-118.2774970181163, 36.5574798696077], [-118.27749947632402, 36.557629173720464], [-118.27731440795093, 36.55763115674602], [-118.27730949226536, 36.55733254849516], [-118.2774945599267, 36.55733056549106]]], [[[-118.29197844092384, 36.57121150367261], [-118.29198590291593, 36.571659412419386], [-118.2901423456522, 36.5721273702058], [-118.29014731339244, 36.57242597621117], [-118.29033241612908, 36.57242397257489], [-118.29033490038276, 36.572573275560906], [-118.29070510651346, 36.57256926740472], [-118.29070759149769, 36.57271857036513], [-118.29015724909232, 36.57302318817521], [-118.29016470105927, 36.57347109710738], [-118.28997959581133, 36.57347310053226], [-118.28998704687443, 36.57392100946189], [-118.28980194053973, 36.573923012631965], [-118.28980442390785, 36.57407231561158], [-118.2894342104713, 36.57407632111145], [-118.28943669314536, 36.574225624108834], [-118.28906399696164, 36.57408032546202], [-118.28906647892339, 36.57422962848108], [-118.28888137178498, 36.574231630236206], [-118.2888788901794, 36.57408232720632], [-118.2886937833789, 36.57408432866329], [-118.28868882093491, 36.573785722570165], [-118.28850371482845, 36.57378772371815], [-118.28829380470262, 36.572296693663006], [-118.28810870212108, 36.57229869412809], [-118.28810374225223, 36.57200008787655], [-118.28791864036472, 36.57200208803267], [-118.28791120176676, 36.571554178593715], [-118.28754100007366, 36.57155817797909], [-118.28734598559805, 36.57096296447118], [-118.28716088613035, 36.57096496340235], [-118.2871559301512, 36.57066635697255], [-118.28678573258549, 36.570670353929735], [-118.2867807781037, 36.57037174744109], [-118.28659568000569, 36.570373745467116], [-118.286405628905, 36.570077136658384], [-118.28565781403961, 36.56963721467393], [-118.28565286408616, 36.569338608001075], [-118.28509262914314, 36.569045989066026], [-118.28489764024054, 36.568450770812895], [-118.28452745291997, 36.568454760551184], [-118.28452250753082, 36.568156153686466], [-118.28414984960655, 36.56801083877269], [-118.28414243385026, 36.56756292836999], [-118.28376977948653, 36.567417612183704], [-118.2835748051436, 36.56682239132755], [-118.28283444558656, 36.56683036113702], [-118.28283938423932, 36.567128968266], [-118.2826542935925, 36.56713096002179], [-118.28246426569892, 36.56683434431825], [-118.2820940857386, 36.56683832635048], [-118.28209161786366, 36.566689022737044], [-118.28190652821228, 36.56669101331151], [-118.28171157007282, 36.566095789019904], [-118.2813413935275, 36.56609976864641], [-118.28133892716745, 36.56595046497043], [-118.2811538392236, 36.56595245434205], [-118.28114890727008, 36.5656538469569], [-118.28096382002009, 36.56565583601974], [-118.28094902673128, 36.56476001370631], [-118.28113411184518, 36.56475802470806], [-118.28112918018212, 36.56445941726065], [-118.2809440957802, 36.56446140623737], [-118.28092930336264, 36.56356558373719], [-118.2807442210785, 36.56356757236209], [-118.28073682618269, 36.56311966102717], [-118.28055174494835, 36.56312164933257], [-118.28054681582051, 36.562823041734994], [-118.2801741908965, 36.56267771361496], [-118.27997925698179, 36.56208248563992], [-118.2792315558039, 36.56164252053193], [-118.27922663202216, 36.561343912705965], [-118.27866647907051, 36.56105126157444], [-118.27847648183088, 36.56075463862698], [-118.27829140607425, 36.560756623313914], [-118.27828894606273, 36.56060731932581], [-118.27791879520704, 36.56061128781663], [-118.27791633592551, 36.560461983803144], [-118.27773126082643, 36.56046396760702], [-118.2777263430295, 36.560165359546914], [-118.27791141741672, 36.560163375764496], [-118.27771650765285, 36.55956814338001], [-118.27753143467122, 36.55957012683229], [-118.27752897622823, 36.55942082277011], [-118.27715883092246, 36.559424788791674], [-118.2771563732094, 36.55927548470413], [-118.27678377155992, 36.55913014544264], [-118.27678131459484, 36.55898084132584], [-118.27696638622523, 36.55897885906519], [-118.27696147163755, 36.558680250841405], [-118.27659132978228, 36.55868421503263], [-118.27658887322738, 36.55853491089344], [-118.27695901437085, 36.55853094672369], [-118.2769540998917, 36.558232338476564], [-118.27769437911437, 36.55822440677691], [-118.27771404885395, 36.55941883932856], [-118.27808419405112, 36.55941487158394], [-118.27862956957831, 36.558811701783284], [-118.27899971174713, 36.55880773125287], [-118.27917247520762, 36.55805922559323], [-118.27954261370876, 36.5580552534473], [-118.2795376893734, 36.557756645477596], [-118.27990782637849, 36.55775267222604], [-118.27990536352623, 36.557603368256856], [-118.28009043164572, 36.5576013812111], [-118.28008550528386, 36.55730277328258], [-118.28027057267344, 36.55730078597118], [-118.28026564567237, 36.55700217804861], [-118.28008057899451, 36.557004165338505], [-118.28007811587705, 36.55685486136063], [-118.28044824850288, 36.55685088651522], [-118.28062838647287, 36.55655029075893], [-118.28099605272408, 36.55639701029792], [-118.28061853005916, 36.5559530749065], [-118.28098865830587, 36.555949098467345], [-118.28098619353612, 36.55579979451604], [-118.28117125727641, 36.55579780587652], [-118.28136125197963, 36.55609442480553], [-118.28210150953348, 36.55608646614136], [-118.28210397647466, 36.556235770020265], [-118.28228904117354, 36.5562337796256], [-118.28228657387652, 36.55608447575746], [-118.28321189531933, 36.556074519530895], [-118.2832143643956, 36.55622382334514], [-118.28395462264605, 36.55621585315223], [-118.28395709316393, 36.55636515691944], [-118.28451228772838, 36.55635917622741], [-118.284514759332, 36.55650847995835], [-118.28544008502138, 36.55649850634147], [-118.28544255842249, 36.556647810014525], [-118.28581268928251, 36.556643818536166], [-118.28581516341356, 36.556793122183734], [-118.28637531108646, 36.5570857399988], [-118.28619519446566, 36.55738634400008], [-118.28693793929598, 36.557527658647494], [-118.28712796020565, 36.55782426778304], [-118.28749561897007, 36.557670967439975], [-118.28768564235266, 36.55796757563056], [-118.2884283952134, 36.558108880813805], [-118.28843087450898, 36.55825818427104], [-118.29065418563184, 36.55838346493358], [-118.29084422276603, 36.55868006778103], [-118.29139943238754, 36.55867405469562], [-118.29159692950164, 36.55941856600746], [-118.29178200110006, 36.55941656072989], [-118.29179194467454, 36.560013773614756], [-118.2919770176783, 36.560011768006596], [-118.29199193572458, 36.56090758715199], [-118.29180686058528, 36.56090959282528], [-118.29199690855313, 36.56120619350264], [-118.29181183270197, 36.561208199197644], [-118.29181431878776, 36.56135750237799], [-118.29199939499486, 36.561355496672114], [-118.29200685442984, 36.56180340615722], [-118.29237949615164, 36.56194869695095], [-118.29238198339677, 36.56209800007926], [-118.29201431402961, 36.56225131560726], [-118.29201928718767, 36.56254992188785], [-118.29164912905999, 36.56255393318608], [-118.29165658679858, 36.563001842642876], [-118.29202674706201, 36.5629978312795], [-118.29203669381745, 36.56359504374721], [-118.29185161227099, 36.563597049615936], [-118.292041667305, 36.563893649957706], [-118.2918565850466, 36.56389565584814], [-118.29186653081747, 36.564492868265845], [-118.29149636339783, 36.56449687927189], [-118.2915038207822, 36.56494478860942], [-118.29168890556916, 36.56494278321745], [-118.29187896344293, 36.565239383700366], [-118.29224913434933, 36.56523537143685], [-118.29225162164136, 36.56538467449036], [-118.29243670742311, 36.56538266791689], [-118.29244417047708, 36.56583057702147], [-118.29225908362731, 36.565832583627525], [-118.29226405837618, 36.566131189699504], [-118.29244914593798, 36.56612918307173], [-118.29246158491073, 36.56687569812923], [-118.2920914062085, 36.566879711206155], [-118.29191129041102, 36.56718032337463], [-118.29283425210126, 36.567020986881424], [-118.29284669518391, 36.567767501713504], [-118.29211130382062, 36.56807413526948], [-118.29211627840677, 36.568372741246364], [-118.29230137132751, 36.56837073474294], [-118.29230385900412, 36.568520037714684], [-118.29267404550278, 36.568516023824316], [-118.29268151077888, 36.568963932651016], [-118.29231380989367, 36.569117249562744], [-118.29231878544833, 36.56941585546341], [-118.29213369003512, 36.569417862042854], [-118.29215110256078, 36.57046298264857], [-118.29196600463662, 36.570464989016756], [-118.29197097909656, 36.57076359489078], [-118.29160326831416, 36.57091690976161], [-118.29179334120086, 36.57121350980779], [-118.29197844092384, 36.57121150367261]], [[-118.2780915726376, 36.55986278366219], [-118.27808911309067, 36.55971347963999], [-118.27790403978933, 36.559715463677364], [-118.27790649898034, 36.55986476771031], [-118.2780915726376, 36.55986278366219]], [[-118.29123555605243, 36.57107022352278], [-118.29123307020109, 36.570920920552076], [-118.2910479711171, 36.570922925516385], [-118.29086784231133, 36.57122353617431], [-118.29160824145956, 36.57121551565568], [-118.29160575487771, 36.57106621271059], [-118.29123555605243, 36.57107022352278]], [[-118.28752364896954, 36.57051305566708], [-118.28770874733243, 36.570511056193794], [-118.28770626832018, 36.57036175300162], [-118.28752117031337, 36.57036375246409], [-118.28752364896954, 36.57051305566708]], [[-118.28750877730626, 36.569617236390705], [-118.2876938735326, 36.56961523698235], [-118.28769139462985, 36.56946593376681], [-118.28750629875955, 36.56946793316435], [-118.28750877730626, 36.569617236390705]], [[-118.28842185680256, 36.56886072057603], [-118.28823676242963, 36.56886272107936], [-118.28824172224385, 36.56916132747273], [-118.28861191239577, 36.56915732613548], [-118.28842185680256, 36.56886072057603]], [[-118.28582805867013, 36.56873939813792], [-118.28601315292416, 36.56873740137992], [-118.2860106773355, 36.5685880980437], [-118.28582558343757, 36.5685900947909], [-118.28582805867013, 36.56873939813792]], [[-118.28803927060271, 36.568118205189776], [-118.28785417797357, 36.56812020506444], [-118.28785169889724, 36.56797090182081], [-118.28858958739771, 36.56781359743761], [-118.28858462648789, 36.5675149910175], [-118.28895232759382, 36.56736168557519], [-118.28894984647248, 36.56721238237704], [-118.28857718526015, 36.56706708135811], [-118.28838713516302, 36.56677047553808], [-118.28820204577484, 36.566772475889834], [-118.28820452541721, 36.56692177914295], [-118.28801943565472, 36.56692377921829], [-118.28801695636838, 36.56677447595433], [-118.28764677750071, 36.566778475221604], [-118.287649256075, 36.5669277785072], [-118.28783434587397, 36.566925779006375], [-118.28784178277446, 36.56737368880735], [-118.28765669190732, 36.56737568834064], [-118.28766412790391, 36.56782359813904], [-118.28729642196853, 36.56797689968878], [-118.28730137800308, 36.568275506237086], [-118.28711628494491, 36.56827750497353], [-118.2871187626335, 36.56842680825267], [-118.28822932284523, 36.56841481146013], [-118.28803927060271, 36.568118205189776]], [[-118.28744929722193, 36.566033957883896], [-118.28726420952262, 36.56603595674531], [-118.28726916508286, 36.56633456339482], [-118.28763934188734, 36.56633056534147], [-118.28763190643818, 36.565882655426286], [-118.28744681911316, 36.56588465456413], [-118.28744929722193, 36.566033957883896]], [[-118.28649661993025, 36.564401611992146], [-118.2866817037864, 36.56439961439864], [-118.28667922730227, 36.564250310992776], [-118.28538364241831, 36.56426428803997], [-118.2853885904209, 36.56456289499909], [-118.28557367474238, 36.56456089911813], [-118.28557614912701, 36.56471020258105], [-118.2861314030502, 36.56470421318238], [-118.28612892759757, 36.564554909751884], [-118.28649909607661, 36.564550915404915], [-118.28649661993025, 36.564401611992146]], [[-118.29130133816153, 36.56390167179613], [-118.2911162558299, 36.563903676537684], [-118.2911088009657, 36.5634557670533], [-118.29036847572806, 36.563463783017184], [-118.29055852482021, 36.563760385848944], [-118.29092868886296, 36.56375637782361], [-118.29093614276897, 36.56420428731718], [-118.29149139189974, 36.5641982730274], [-118.29130133816153, 36.56390167179613]], [[-118.28778229216957, 36.56379040941871], [-118.28796737447414, 36.56378840985792], [-118.28777733509364, 36.5634918027018], [-118.28722209020641, 36.563497799595936], [-118.28721465793312, 36.563049889393994], [-118.28702957733549, 36.563051887751826], [-118.28702710030349, 36.56290258433258], [-118.28721218054517, 36.56290058598556], [-118.28720970317544, 36.56275128257323], [-118.28702462328975, 36.56275328090944], [-118.28720474849071, 36.56245267573691], [-118.28664951091469, 36.562458669819], [-118.28665198718006, 36.562607973271554], [-118.28683706674626, 36.56260597552058], [-118.28684697341387, 36.56320318924864], [-118.2866618924238, 36.56320518704286], [-118.28666684515507, 36.56350379390515], [-118.28685192685708, 36.5635017960893], [-118.28685440360606, 36.56365109950379], [-118.2864842394718, 36.563655094869915], [-118.28648671552703, 36.56380439830214], [-118.28685688037324, 36.5638004029144], [-118.28686183396233, 36.56409900972393], [-118.28741708323075, 36.56409301442327], [-118.28741460535915, 36.5639437110529], [-118.28778477073492, 36.56393971277133], [-118.28778229216957, 36.56379040941871]], [[-118.28519113799128, 36.56381837311185], [-118.28500605541329, 36.56382036836435], [-118.28500852863887, 36.56396967187914], [-118.28519361157282, 36.56396767661582], [-118.28519113799128, 36.56381837311185]], [[-118.28500358220593, 36.563671064845686], [-118.28518866442792, 36.563669069603975], [-118.28518619088278, 36.56351976609221], [-118.28537127273059, 36.56351777057409], [-118.28537374663169, 36.563667074075056], [-118.2857439109846, 36.56366308215554], [-118.28574143637154, 36.56351377867618], [-118.28555635456017, 36.56351577476875], [-118.28554645771392, 36.5629185607692], [-118.28573153810142, 36.56291656471985], [-118.28572658907564, 36.56261795771833], [-118.28628182799295, 36.56261196791188], [-118.28627935243952, 36.5624626644377], [-118.28646443168621, 36.562460667271964], [-118.2864594799221, 36.56216206033355], [-118.28627440138732, 36.56216405747769], [-118.28627192588856, 36.562014753991825], [-118.28590176947623, 36.56201874739688], [-118.28589929470759, 36.56186944388551], [-118.28515898308811, 36.56187742720598], [-118.28515650976149, 36.561728123647505], [-118.28497143216705, 36.561730118748834], [-118.28497390513773, 36.561879422318086], [-118.2844186711773, 36.56188540593125], [-118.28460869375446, 36.56218201885076], [-118.28479377245318, 36.56218002429146], [-118.28480119051581, 36.56262793498493], [-118.28461611074921, 36.56262992957663], [-118.28461858311718, 36.56277923314413], [-118.28480366323976, 36.56277723854164], [-118.28480613598191, 36.56292654209446], [-118.28462105550338, 36.56292853670775], [-118.28463094523012, 36.56352575092329], [-118.28481602713255, 36.56352375626682], [-118.28482097281713, 36.56382236332965], [-118.28500605541329, 36.56382036836435], [-118.28500358220593, 36.563671064845686]], [[-118.28592899313375, 36.56366108576497], [-118.28629915737734, 36.56365709212214], [-118.28629668169633, 36.56350778867522], [-118.28592651816469, 36.56351178229641], [-118.28592899313375, 36.56366108576497]], [[-118.28777237809066, 36.563193195969305], [-118.28814501903797, 36.56333849999363], [-118.28814006064762, 36.56303989329665], [-118.28776989961656, 36.563043892597214], [-118.28777237809066, 36.563193195969305]], [[-118.2861016988217, 36.562912571759526], [-118.28628677915452, 36.56291057484856], [-118.28628430356461, 36.562761271382165], [-118.28609922358777, 36.56276326828234], [-118.2861016988217, 36.562912571759526]], [[-118.28475915699384, 36.56008977392545], [-118.28475421221945, 36.55979116666806], [-118.2845691392157, 36.55979316105463], [-118.28457408327826, 36.56009176833362], [-118.28475915699384, 36.56008977392545]], [[-118.284939285205, 36.55978917199429], [-118.2849368124892, 36.55963986837055], [-118.28475173985956, 36.55964186303351], [-118.28475421221945, 36.55979116666806], [-118.284939285205, 36.55978917199429]], [[-118.28381402380963, 36.55890531353979], [-118.2832588108772, 36.55891129133617], [-118.28326128029889, 36.55906059507649], [-118.28307620892916, 36.55906258711174], [-118.28308114711525, 36.55936119460225], [-118.28345129126016, 36.55935721020147], [-118.28345623094259, 36.5596558176333], [-118.28401639104968, 36.55994844616513], [-118.28381402380963, 36.55890531353979]], [[-118.28252099471094, 36.55906856149443], [-118.2823359232685, 36.55907055238098], [-118.28234085860734, 36.55936915995773], [-118.28271347130612, 36.55951448161533], [-118.28270359778121, 36.55891726654803], [-118.28251852671283, 36.55891925771098], [-118.28252099471094, 36.55906856149443]], [[-118.28677020436994, 36.55857478122748], [-118.28658513441378, 36.55857677868652], [-118.2865876102052, 36.55872608224027], [-118.28621746952638, 36.558730076318454], [-118.28621994462424, 36.55887937988992], [-118.28696022733253, 36.55887139054164], [-118.28677020436994, 36.55857478122748]]], [[[-118.28040855816123, 36.565661801484836], [-118.28096382002009, 36.56565583601974], [-118.28097121690955, 36.56610374712393], [-118.28041595184649, 36.566109712685886], [-118.28040855816123, 36.565661801484836]]], [[[-118.29036719734502, 36.5745142140247], [-118.29054733537254, 36.57421360409628], [-118.29092003484358, 36.57435889803356], [-118.29092500598182, 36.57465750383537], [-118.29018705794769, 36.574814823693615], [-118.29018208962223, 36.574516217812814], [-118.29036719734502, 36.5745142140247]]], [[[-118.29131014010301, 36.57554931083327], [-118.29168036029715, 36.575545299369814], [-118.29168284742826, 36.575694602198105], [-118.29075978039316, 36.575853931634605], [-118.29076226577993, 36.57600323450937], [-118.29057715453192, 36.57600523898061], [-118.2905672145194, 36.575408027414795], [-118.29130765370259, 36.57540000797937], [-118.29131014010301, 36.57554931083327]]], [[[-118.29172015659229, 36.57793414415521], [-118.29190527236122, 36.57793213781876], [-118.29190029685552, 36.57763353229681], [-118.29208541189365, 36.57763152569471], [-118.29189532142304, 36.57733492675929], [-118.29245066434524, 36.57732890615607], [-118.29245315312099, 36.57747820889419], [-118.2928233823566, 36.57747419370021], [-118.29282587186312, 36.577623496412706], [-118.29319361151892, 36.577470177356766], [-118.29319610173786, 36.57761948004753], [-118.29338121664773, 36.57761747143391], [-118.29338370724123, 36.577766774109904], [-118.29319859197511, 36.577768782734395], [-118.29320357250467, 36.57806738809647], [-118.29283583007233, 36.57822070722377], [-118.29284080928696, 36.578519312605934], [-118.29247057506413, 36.57852332795204], [-118.29247306398642, 36.57867263065903], [-118.29154747632751, 36.57868266404961], [-118.29172015659229, 36.57793414415521]]]]}}, {"type": "Feature", "properties": {"index": 2, "distance_m": 700.0, "distance_mi": 0.4349609156548648, "elevation_m": 3766.38818359375, "lon": -118.28312162491683, "lat": 36.56842442431862}, "geometry": {"type": "MultiPolygon", "coordinates": [[[[-118.2837104768578, 36.563834327089765], [-118.28352539413424, 36.5638363200445], [-118.28351304251863, 36.56308980198053], [-118.2840732280226, 36.56338242958899], [-118.28407075664974, 36.56323312600467], [-118.28425583789482, 36.56323113223144], [-118.28425089449172, 36.5629325250727], [-118.28443597500664, 36.56293053103383], [-118.28444339120651, 36.563378441733704], [-118.28462847277113, 36.56337644737524], [-118.28463341770733, 36.56367505446745], [-118.28481849996572, 36.56367305980017], [-118.28482344568671, 36.56397166685522], [-118.28500852863887, 36.56396967187914], [-118.28501100188265, 36.56411897539002], [-118.2839005017607, 36.56413094100299], [-118.2837104768578, 36.563834327089765]]], [[[-118.29166653070622, 36.563599055197436], [-118.29185161227099, 36.563597049615936], [-118.29186155789542, 36.56419426206478], [-118.29149139189974, 36.5641982730274], [-118.29148393478987, 36.56375036363148], [-118.2916690167289, 36.56374835832634], [-118.29166653070622, 36.563599055197436]]], [[[-118.28656780438419, 36.557531653701346], [-118.28693793929598, 36.557527658647494], [-118.28694289206535, 36.55782626576232], [-118.28768068669977, 36.557668968610045], [-118.28805825774643, 36.558112880548705], [-118.2884283952134, 36.558108880813805], [-118.28843087450898, 36.55825818427104], [-118.29065418563184, 36.55838346493358], [-118.29065666923461, 36.55853276825298], [-118.29102680832536, 36.55852876041257], [-118.29121684723897, 36.55882536262367], [-118.29158698764356, 36.558821353016874], [-118.29179443061392, 36.56016307682625], [-118.29197950397358, 36.560161071207226], [-118.29198696296928, 36.560608980785766], [-118.29180188854184, 36.560610986437354], [-118.29181431878776, 36.56135750237799], [-118.29199939499486, 36.561355496672114], [-118.29219441855737, 36.56195070327464], [-118.29163918566476, 36.56195672052252], [-118.2916416714861, 36.56210602369425], [-118.29126903031153, 36.56196073058511], [-118.29127151542099, 36.56211003377854], [-118.29034860828597, 36.56226935720707], [-118.29035109165224, 36.56241866044697], [-118.29127648569478, 36.56240864015374], [-118.29128145604174, 36.56270724651336], [-118.29165161495453, 36.56270323634224], [-118.2918466395686, 36.56329844336815], [-118.29147647784468, 36.563302454200524], [-118.29147399223288, 36.563153151049086], [-118.29036350875785, 36.56316517658802], [-118.29037095924059, 36.56361308622593], [-118.29074360685073, 36.56375838197988], [-118.29074857539115, 36.56405698833452], [-118.29112122583086, 36.564202282841144], [-118.291126195905, 36.56450088912904], [-118.29075602833895, 36.564504897837296], [-118.29075851269148, 36.56465420099709], [-118.29094359683963, 36.56465219677573], [-118.29094608156645, 36.5648014999208], [-118.2911311660523, 36.56479949540136], [-118.29112868096948, 36.56465019226716], [-118.29131376508106, 36.564648187471334], [-118.29131625051986, 36.56479749059469], [-118.29168641940008, 36.56479348011969], [-118.29169139175657, 36.565092086311324], [-118.29206156198758, 36.565088074643974], [-118.29225162164136, 36.56538467449036], [-118.29243670742311, 36.56538266791689], [-118.29244168277411, 36.565681273990506], [-118.29225659628035, 36.56568328058569], [-118.29226903319828, 36.56642979575591], [-118.29171376826683, 36.56643581398094], [-118.29171625463725, 36.56658511703587], [-118.29190134332208, 36.56658311123725], [-118.29190383006684, 36.56673241427743], [-118.29227400809363, 36.566728401796745], [-118.29227152063679, 36.56657909877827], [-118.29245660926668, 36.56657709211792], [-118.29246158491073, 36.56687569812923], [-118.29302183068023, 36.56716828229007], [-118.29302680860705, 36.56746688820506], [-118.29284171789588, 36.56746889579236], [-118.29266160374233, 36.567769509035266], [-118.29229142080425, 36.56777352281702], [-118.29229639602924, 36.56807212878776], [-118.29211130382062, 36.56807413526948], [-118.29211627840677, 36.568372741246364], [-118.29230137132751, 36.56837073474294], [-118.29230385900412, 36.568520037714684], [-118.29267404550278, 36.568516023824316], [-118.29268151077888, 36.568963932651016], [-118.2924964164705, 36.568965939772426], [-118.29250139270069, 36.56926454565915], [-118.29195108169621, 36.56956917130125], [-118.29195356880717, 36.56971847426356], [-118.29213866495088, 36.569716467949675], [-118.29197097909656, 36.57076359489078], [-118.29178588044189, 36.57076560099339], [-118.2919834155669, 36.57151010950769], [-118.2917983151317, 36.5715121156646], [-118.29180080212458, 36.571661418587155], [-118.29143060048699, 36.57166543006077], [-118.29143308678596, 36.57181473300116], [-118.29051006512776, 36.571974059702455], [-118.2903299318937, 36.57227466958499], [-118.29014482951317, 36.57227667321043], [-118.29014731339244, 36.57242597621117], [-118.29051751884745, 36.5724219686513], [-118.29070759149769, 36.57271857036513], [-118.29033738465473, 36.57272257854301], [-118.29034483758038, 36.573170487465994], [-118.29015973306304, 36.573172491156505], [-118.29016470105927, 36.57347109710738], [-118.28997959581133, 36.57347310053226], [-118.28998704687443, 36.57392100946189], [-118.28980194053973, 36.573923012631965], [-118.28980442390785, 36.57407231561158], [-118.2892491037256, 36.57407832343039], [-118.28925158604349, 36.57422762643861], [-118.28906647892339, 36.57422962848108], [-118.28906399696164, 36.57408032546202], [-118.2888788901794, 36.57408232720632], [-118.28888137178498, 36.574231630236206], [-118.28851115745337, 36.574235632884495], [-118.28850867656014, 36.57408632983293], [-118.28813846286782, 36.57409033131025], [-118.28813598270514, 36.57394102823315], [-118.28795087618776, 36.57394302852998], [-118.28794591662954, 36.573644422342454], [-118.28813102243463, 36.57364242206725], [-118.28812854232676, 36.57349311897848], [-118.28794343687781, 36.57349511924285], [-118.28793599773222, 36.57304720992067], [-118.2881211021127, 36.57304520968877], [-118.2881111820829, 36.572447997248005], [-118.28829628502055, 36.572445996772096], [-118.28828388361346, 36.571699481187686], [-118.28809878245643, 36.57170148160945], [-118.28790376333308, 36.57110626911971], [-118.28771866356401, 36.57110826892358], [-118.28770874733243, 36.570511056193794], [-118.28807646427903, 36.57035775321483], [-118.28807398457282, 36.5702084500404], [-118.28770378932614, 36.57021244980555], [-118.28770626832018, 36.57036175300162], [-118.2873360722883, 36.57036575163927], [-118.2873385505884, 36.57051505485309], [-118.28715345218899, 36.57051705375179], [-118.28695844352931, 36.56992183939805], [-118.28658824948809, 36.56992583567251], [-118.28639819956507, 36.569629226808], [-118.28621310321104, 36.5696312242054], [-118.28621557928336, 36.56978052750357], [-118.28584538580846, 36.569784521458146], [-118.28584291044832, 36.56963521813837], [-118.28565781403961, 36.56963721467393], [-118.28583300918997, 36.5690380048203], [-118.28638334137747, 36.568733407002114], [-118.28638086507671, 36.56858410368751], [-118.28693614655175, 36.568578109998704], [-118.286933669201, 36.56842880671265], [-118.28600572621286, 36.56828949135958], [-118.2860106773355, 36.5685880980437], [-118.28527772418217, 36.5690439934355], [-118.28528267263843, 36.56934260016715], [-118.28509757688722, 36.56934459581926], [-118.28510252470419, 36.56964320255694], [-118.2849174282226, 36.56964519794339], [-118.28491990180231, 36.56979450131718], [-118.28307387251674, 36.57011304644084], [-118.28306893242456, 36.56981443948909], [-118.28343912644566, 36.56981045415297], [-118.28343418500187, 36.569511847228796], [-118.28380190611908, 36.56935855734035], [-118.28379943473048, 36.56920925389012], [-118.2834292436308, 36.569213240289066], [-118.28343171430724, 36.569362543760874], [-118.28250623445938, 36.56937250478482], [-118.28250376556335, 36.569223201259106], [-118.28213357420911, 36.56922718363619], [-118.28231373286995, 36.568926585506595], [-118.28268145356598, 36.56877329907144], [-118.28267651522538, 36.56847469200654], [-118.28249142135589, 36.568476683572094], [-118.28248895256894, 36.568327380023014], [-118.28212123356242, 36.56848066584141], [-118.28211629743092, 36.56818205869626], [-118.28193120421903, 36.568184049378466], [-118.2821113613721, 36.56788345153554], [-118.28192626887234, 36.56788544219621], [-118.28192380122627, 36.56773613859924], [-118.28210889336997, 36.56773414794935], [-118.28210148947251, 36.56728623716742], [-118.2824716715691, 36.56728225507054], [-118.28247907760284, 36.567730165787815], [-118.28321944585046, 36.5677221980176], [-118.28322438614562, 36.568020805056726], [-118.28359210071578, 36.567867515908866], [-118.28359457158456, 36.56801681940492], [-118.28377966427676, 36.56801482614811], [-118.28378707806044, 36.56846273658054], [-118.28415726552662, 36.56845874914041], [-118.28415479353507, 36.56830944568839], [-118.28452250753082, 36.568156153686466], [-118.28451508958359, 36.56770824336018], [-118.28470018147269, 36.56770624868864], [-118.28469770850397, 36.567556945249564], [-118.28451261697094, 36.5675589399103], [-118.28451014437648, 36.56740963645653], [-118.28469523555347, 36.56740764180659], [-118.28469028970704, 36.56710903490896], [-118.28432010875908, 36.567113023878406], [-118.28431516440965, 36.56681441692203], [-118.28524061308265, 36.56680444245199], [-118.28523813915507, 36.56665513902196], [-118.28505304981293, 36.56665713447967], [-118.28505057625958, 36.56650783103495], [-118.2852356652457, 36.56650583558804], [-118.28504562920753, 36.566209224133814], [-118.28486054091526, 36.56621121927188], [-118.28485806777257, 36.566061915804674], [-118.28448789184547, 36.566065905197476], [-118.28448541943303, 36.565916601704785], [-118.28411524414516, 36.56592058992702], [-118.28391780002504, 36.5651760659236], [-118.28373271411569, 36.56517805926267], [-118.28372777237549, 36.564879452140374], [-118.28354268715997, 36.56488144517063], [-118.28353280532185, 36.564284230836186], [-118.28390297288672, 36.56428024457474], [-118.28390544403098, 36.56442954814262], [-118.28427561223505, 36.56442556071069], [-118.28427808410947, 36.56457486425308], [-118.28464578036636, 36.56442157212986], [-118.28464825295278, 36.564570875650666], [-118.28501842172325, 36.56456688589933], [-118.28502089503986, 36.564716189394645], [-118.28520597975378, 36.56471419407735], [-118.28520350608117, 36.56456489059283], [-118.28557367474238, 36.56456089911813], [-118.28576370854513, 36.56485750985028], [-118.28687421825414, 36.564845526679655], [-118.28687174135929, 36.564696223296295], [-118.287056825891, 36.564694225106706], [-118.28705930314182, 36.564843528479244], [-118.28742947286248, 36.56483953121675], [-118.28742699489966, 36.56469022786584], [-118.28890767020442, 36.564674227413256], [-118.28891015101527, 36.56482353067756], [-118.28909523570219, 36.56482152931764], [-118.2894579594396, 36.56436961602901], [-118.29038586069977, 36.56450890539666], [-118.29038089347358, 36.56421029902197], [-118.29000824431151, 36.5640650021742], [-118.29018836070432, 36.5637643927254], [-118.28981571405244, 36.56361909521562], [-118.28981323160784, 36.563469791974356], [-118.28999831299951, 36.56346778927585], [-118.28999086470743, 36.563019879561196], [-118.28980578438367, 36.563021882227176], [-118.28998093390723, 36.56242266655384], [-118.28961325804981, 36.56257597479126], [-118.28961077608912, 36.5624266715119], [-118.28887046023362, 36.56243467798157], [-118.28886797971501, 36.56228537465498], [-118.28775502915508, 36.56214807228299], [-118.28775007248055, 36.56184946548043], [-118.28737991707183, 36.56185346345904], [-118.28737496189407, 36.56155485659764], [-118.28552666489576, 36.56172413258327], [-118.28552419087545, 36.56157482904253], [-118.28496895921458, 36.56158081517567], [-118.28496648628031, 36.56143151159863], [-118.28478140937958, 36.56143350639115], [-118.28478388195786, 36.561582809979], [-118.28441372738988, 36.56158679872406], [-118.28441619927447, 36.5617361023296], [-118.28349081075626, 36.561746069220234], [-118.28348834065137, 36.56159676556076], [-118.28330326324912, 36.5615987580665], [-118.2832983238058, 36.56130015071428], [-118.282925701388, 36.561154831117534], [-118.28292076347749, 36.56085622369884], [-118.28217305820179, 36.56041627705016], [-118.28197811525344, 36.55982105231301], [-118.281605502373, 36.55967572836579], [-118.28160056980877, 36.55937712071842], [-118.28141549756373, 36.55937911019065], [-118.28141303166475, 36.559229806350366], [-118.28104288783202, 36.55923378441178], [-118.28085288628034, 36.55893716525488], [-118.27955984945358, 36.55910038121871], [-118.27956231177534, 36.55924968517049], [-118.27919216757985, 36.55925365748844], [-118.27918970596988, 36.559104353515146], [-118.27900463420085, 36.55910633923262], [-118.2790070954549, 36.559255643216645], [-118.27863695115067, 36.559259613811534], [-118.27863449060844, 36.559110309806016], [-118.27844941878506, 36.55911229466196], [-118.27844695861685, 36.55896299064179], [-118.27881710153369, 36.558959020664226], [-118.27881217982798, 36.558660412655215], [-118.27899725054743, 36.558658427257164], [-118.2789923282024, 36.558359819254086], [-118.27917739819193, 36.55835783359037], [-118.27917247520762, 36.55805922559323], [-118.27954261370876, 36.5580552534473], [-118.27954015153202, 36.55790594946439], [-118.27990782637849, 36.55775267222604], [-118.27990290069211, 36.557454064283796], [-118.28027057267344, 36.55730078597118], [-118.28026318219904, 36.55685287408149], [-118.28081345202872, 36.55654830263987], [-118.2808035941916, 36.55595108683048], [-118.28098865830587, 36.555949098467345], [-118.28098619353612, 36.55579979451604], [-118.28117125727641, 36.55579780587652], [-118.28117372240203, 36.555947109817055], [-118.28154385053985, 36.55594313165506], [-118.28154631639532, 36.55609243557019], [-118.28321189531933, 36.556074519530895], [-118.2832143643956, 36.55622382334514], [-118.28432475166217, 36.55621186633293], [-118.284514759332, 36.55650847995835], [-118.28562515010462, 36.55649651075665], [-118.28563009763678, 36.55679511807729], [-118.28581516341356, 36.556793122183734], [-118.28581763756281, 36.55694242582741], [-118.28618776977342, 36.55693843315724], [-118.28619271955004, 36.557237040389694], [-118.28637778633973, 36.557235043602276], [-118.28656780438419, 36.557531653701346]], [[-118.28887640859213, 36.573933024172526], [-118.28869130214777, 36.57393502561867], [-118.2886937833789, 36.57408432866329], [-118.2888788901794, 36.57408232720632], [-118.28887640859213, 36.573933024172526]], [[-118.28825908216875, 36.5702064497269], [-118.28825660212472, 36.570057146559414], [-118.28807150488487, 36.570059146862086], [-118.28807398457282, 36.5702084500404], [-118.28825908216875, 36.5702064497269]], [[-118.2873286374976, 36.56991784197446], [-118.2873261592705, 36.569768538745066], [-118.28880693156485, 36.56975253764601], [-118.28916471579006, 36.56900201883445], [-118.28879452645987, 36.56900602187368], [-118.28879204549366, 36.568856718707536], [-118.28842185680256, 36.56886072057603], [-118.2884193765668, 36.56871141738433], [-118.28823428254991, 36.568713417876836], [-118.28823676242963, 36.56886272107936], [-118.28805166803843, 36.568864721295434], [-118.28805662714052, 36.569163327710456], [-118.28787153201891, 36.569165327660905], [-118.28786905281483, 36.56901602444451], [-118.28694605613718, 36.569175323104005], [-118.28694853357914, 36.56932462637059], [-118.28676343799197, 36.56932662460821], [-118.28695348851774, 36.56962323289211], [-118.28713858479883, 36.56962123434559], [-118.28695844352931, 36.56992183939805], [-118.2873286374976, 36.56991784197446]], [[-118.28398453025304, 36.56920726025973], [-118.28398205852655, 36.56905795681639], [-118.28379696336009, 36.56905995043598], [-118.28379943473048, 36.56920925389012], [-118.28398453025304, 36.56920726025973]], [[-118.28416715367482, 36.56905596290951], [-118.28416468161048, 36.56890665947308], [-118.28397958681828, 36.56890865336915], [-118.28398205852655, 36.56905795681639], [-118.28416715367482, 36.56905596290951]], [[-118.28600765274211, 36.55723903688997], [-118.28601012730188, 36.55738834051116], [-118.28619519446566, 36.55738634400008], [-118.28619271955004, 36.557237040389694], [-118.28600765274211, 36.55723903688997]], [[-118.2910479711171, 36.570922925516385], [-118.29105294212583, 36.5712215314756], [-118.29142314169994, 36.571217521216276], [-118.29142065547421, 36.57106821826033], [-118.2910479711171, 36.570922925516385]], [[-118.29084299156054, 36.56973050611405], [-118.29084050658606, 36.56958120308662], [-118.29065541067034, 36.569583207378706], [-118.29065789528872, 36.56973251041699], [-118.29084299156054, 36.56973050611405]], [[-118.28840697566169, 36.56796490136747], [-118.28840449553546, 36.56781559815242], [-118.28877716008003, 36.567960899628936], [-118.28877467924168, 36.56781159643555], [-118.28932499090585, 36.567506985372326], [-118.28931506360871, 36.56690977265869], [-118.28894240321809, 36.56676447275931], [-118.28893992216982, 36.5666151695456], [-118.28856974419678, 36.5666191716637], [-118.28800456021037, 36.5660279595762], [-118.287634384903, 36.56603195873524], [-118.28763190643818, 36.565882655426286], [-118.28744681911316, 36.56588465456413], [-118.28744929722193, 36.566033957883896], [-118.28707912180506, 36.56603795531949], [-118.28708407665327, 36.566336561990624], [-118.28726916508286, 36.56633456339482], [-118.28727412071608, 36.56663317002876], [-118.28745920983948, 36.56663117112405], [-118.28746416625773, 36.56692977772079], [-118.287649256075, 36.5669277785072], [-118.28765669190732, 36.56737568834064], [-118.28747160102196, 36.567377687586685], [-118.28748151429636, 36.56797490068672], [-118.28729642196853, 36.56797689968878], [-118.28730137800308, 36.568275506237086], [-118.28748647104302, 36.568273507213384], [-118.28748894944373, 36.568422810470885], [-118.28785913618097, 36.568418811540035], [-118.28785665706816, 36.56826950830418], [-118.28804175005335, 36.568267508418685], [-118.28803679117033, 36.56796890195695], [-118.28840697566169, 36.56796490136747]], [[-118.2898901958896, 36.56809819064355], [-118.28988771289663, 36.567948887519066], [-118.28970262080622, 36.56795089025553], [-118.28970510344311, 36.56810019339086], [-118.2898901958896, 36.56809819064355]], [[-118.29228147057401, 36.567176310828785], [-118.29227898306225, 36.567027007822], [-118.29209389334594, 36.567029014227685], [-118.29209638050168, 36.567178317245336], [-118.29228147057401, 36.567176310828785]], [[-118.29020822676118, 36.564958818310814], [-118.2902057434401, 36.56480951512627], [-118.29002065886282, 36.56481151820956], [-118.29002314182789, 36.56496082140496], [-118.29020822676118, 36.564958818310814]], [[-118.28983557426724, 36.56481352100564], [-118.28983309167641, 36.56466421779551], [-118.28946292314244, 36.56466822250429], [-118.28946540502126, 36.564817525736096], [-118.28983557426724, 36.56481352100564]], [[-118.28476657429194, 36.56053768478238], [-118.28476904676103, 36.56068698839358], [-118.28458397162174, 36.56068898284493], [-118.28458891590267, 36.56098759007723], [-118.28495659472533, 36.56083429725154], [-118.28495164905708, 36.560535690054635], [-118.28476657429194, 36.56053768478238]], [[-118.28568699949278, 36.56022910114576], [-118.2856771028257, 36.55963188684695], [-118.28549203026888, 36.559633882658616], [-118.28549945167414, 36.56008179342096], [-118.28531437803139, 36.56008378897786], [-118.28532179853278, 36.5605316997376], [-118.28513672380402, 36.560533695039716], [-118.28513919698497, 36.56068299862932], [-118.28587702260972, 36.56052571210816], [-118.28587207345505, 36.560227105003705], [-118.28568699949278, 36.56022910114576]], [[-118.28475668459755, 36.559940470298706], [-118.28475173985956, 36.55964186303351], [-118.28456666721173, 36.5596438574093], [-118.28457161123788, 36.55994246469607], [-118.28475668459755, 36.559940470298706]], [[-118.28363883349337, 36.55950452127739], [-118.28362895285034, 36.55890730642575], [-118.28307373986338, 36.55891328336063], [-118.2828936062693, 36.55921388261779], [-118.28252346272717, 36.559217865273965], [-118.28252099471094, 36.55906856149443], [-118.2823359232685, 36.55907055238098], [-118.28234085860734, 36.55936915995773], [-118.28326621919679, 36.55935920254545], [-118.28345623094259, 36.5596558176333], [-118.2838263764384, 36.559651832040664], [-118.28383131761724, 36.559950439413775], [-118.28420146446395, 36.559946452629276], [-118.28419652186145, 36.55964784529933], [-118.28401144915902, 36.559649838813584], [-118.28400897824098, 36.55950053513199], [-118.28363883349337, 36.55950452127739]], [[-118.2869577508111, 36.558722087013415], [-118.28732045975381, 36.55827018009476], [-118.28658265864058, 36.55842747512888], [-118.2864025398749, 36.55872807942294], [-118.28603239915964, 36.5587320729268], [-118.28603487390158, 36.558881376509085], [-118.28621994462424, 36.55887937988992], [-118.28622241974031, 36.559028683457505], [-118.2865925618427, 36.55902468933608], [-118.28659008601484, 36.55887538579012], [-118.28714529796403, 36.55886939248665], [-118.28714282108669, 36.55872008896924], [-118.2869577508111, 36.558722087013415]], [[-118.28564494067034, 36.5576909399458], [-118.2856498884939, 36.55798954720417], [-118.28602002572313, 36.55798555495702], [-118.28601755109051, 36.55783625135139], [-118.28564494067034, 36.5576909399458]]], [[[-118.28713858479883, 36.56962123434559], [-118.28713610696431, 36.56947193109759], [-118.28732120287106, 36.56946993227461], [-118.28732368106166, 36.56961923551179], [-118.28713858479883, 36.56962123434559]]], [[[-118.28165971144756, 36.57416017111944], [-118.27999127870349, 36.57402876948461], [-118.27998881423024, 36.57387946592876], [-118.279618600288, 36.57388344092893], [-118.27961613654521, 36.573734137347664], [-118.27887570986775, 36.573742083857084], [-118.27887324756776, 36.57359278022892], [-118.27905835390814, 36.573590794043305], [-118.27905589127012, 36.573441490422006], [-118.27998142091936, 36.57343155523785], [-118.27997895651868, 36.57328225166643], [-118.28016406203795, 36.5732802637784], [-118.28054166948394, 36.5737241977461], [-118.28109698902936, 36.57371823053727], [-118.28109945562144, 36.57386753403244], [-118.28202252124183, 36.57370827944272], [-118.28202992641502, 36.574156189754994], [-118.28165724375064, 36.57401086766435], [-118.28165971144756, 36.57416017111944]]], [[[-118.29036222838039, 36.57421560815001], [-118.29054733537254, 36.57421360409628], [-118.29054982020185, 36.57436290702472], [-118.29091754930192, 36.57420959512683], [-118.29092500598182, 36.57465750383537], [-118.29073989795775, 36.57465950849631], [-118.29074238319814, 36.574808811402235], [-118.29036968185474, 36.5746635169562], [-118.29036222838039, 36.57421560815001]]], [[[-118.29075232434265, 36.57540602298695], [-118.29112254393424, 36.57540201326923], [-118.29112502997847, 36.57555131613399], [-118.29149276345262, 36.57539800240216], [-118.29168284742826, 36.575694602198105], [-118.29131262652176, 36.575698613683265], [-118.29131511295878, 36.57584791652937], [-118.29057466950134, 36.575855936094996], [-118.2905696994951, 36.57555733031209], [-118.29075480967452, 36.57555532587339], [-118.29075232434265, 36.57540602298695]]], [[[-118.29061194688097, 36.578095478970404], [-118.29134495163116, 36.57763955037895], [-118.29134246497443, 36.57749024757956], [-118.2928233823566, 36.57747419370021], [-118.29282587186312, 36.577623496412706], [-118.29319859197511, 36.577768782734395], [-118.29320357250467, 36.57806738809647], [-118.29283334049255, 36.578071404526845], [-118.29284080928696, 36.578519312605934], [-118.29247057506413, 36.57852332795204], [-118.29247306398642, 36.57867263065903], [-118.29154747632751, 36.57868266404961], [-118.29136733236545, 36.57898327539817], [-118.2909970957121, 36.57898728621147], [-118.2909995818394, 36.57913658899362], [-118.29062934440034, 36.57914059867912], [-118.29063182983343, 36.57928990147907], [-118.29044671073021, 36.5792919059016], [-118.2904342855289, 36.57854539180863], [-118.29061940285091, 36.578543387440355], [-118.29061194688097, 36.578095478970404]]], [[[-118.2722171918595, 36.55156310577982], [-118.27203213756977, 36.55156508032665], [-118.27202969042135, 36.551415775743806], [-118.27221474435528, 36.55141380120768], [-118.2722171918595, 36.55156310577982]]], [[[-118.26574271608729, 36.55178134903667], [-118.26592777134387, 36.55177938424056], [-118.2659253359182, 36.55163007930974], [-118.26629544566596, 36.55162614887749], [-118.26630275413147, 36.55207406359445], [-118.265932642249, 36.55207799409053], [-118.26574271608729, 36.55178134903667]]], [[[-118.27538519480943, 36.552873233895006], [-118.27501753344252, 36.553026497028405], [-118.27501262741784, 36.55272788827906], [-118.2746425136689, 36.55273184586986], [-118.27445255294965, 36.55243521540542], [-118.27389738427149, 36.55244114871275], [-118.27389248266071, 36.55214253980377], [-118.27370742711015, 36.552144516977265], [-118.27370497668763, 36.55199521250624], [-118.27241203775122, 36.55215834915287], [-118.2722171918595, 36.55156310577982], [-118.2729574088381, 36.5515552047216], [-118.27295495991082, 36.55140590019223], [-118.27332506758042, 36.55140194796192], [-118.27332261795962, 36.55125264345005], [-118.27369272484553, 36.55124869009277], [-118.27368782423497, 36.550950081100176], [-118.27424298229393, 36.55094414897528], [-118.27425033643875, 36.55139206236203], [-118.27388267965569, 36.55154532193914], [-118.27388513037988, 36.551694626411134], [-118.27407018484507, 36.55169264898265], [-118.2738900318824, 36.55199323534345], [-118.2750003626721, 36.55198136633758], [-118.27499790977714, 36.55183206193761], [-118.27555307386089, 36.551826123590985], [-118.27555061991666, 36.551676819219274], [-118.27666094546166, 36.55166493483868], [-118.27665848940084, 36.551515630527426], [-118.27702859705968, 36.55151166679191], [-118.27704825174513, 36.55270610100142], [-118.27575530912544, 36.552869273985905], [-118.27576021803267, 36.553167882641766], [-118.27557516017211, 36.55316986276131], [-118.27538519480943, 36.552873233895006]], [[-118.27611560292526, 36.55226809565575], [-118.27611069281174, 36.55196948699611], [-118.27574058283746, 36.55197344792501], [-118.27574549152784, 36.552272056627515], [-118.27611560292526, 36.55226809565575]]], [[[-118.27614506512468, 36.55405974728691], [-118.27596000516537, 36.554061728045006], [-118.27595755023849, 36.55391242375308], [-118.27614260984198, 36.55391044300571], [-118.27614506512468, 36.55405974728691]]], [[[-118.27670270126234, 36.55420310753501], [-118.27614752042547, 36.55420905156422], [-118.27614506512468, 36.55405974728691], [-118.27670024489412, 36.55405380328987], [-118.27670270126234, 36.55420310753501]]], [[[-118.27821269468775, 36.555978893764866], [-118.2783977590558, 36.55597690942167], [-118.27839529926791, 36.55582760531984], [-118.27876542723799, 36.55582363579353], [-118.27912817161042, 36.555371752918724], [-118.27838792001288, 36.555379692990954], [-118.2783854602974, 36.55523038887354], [-118.27820039770857, 36.55523237316302], [-118.27820285706821, 36.55538167729118], [-118.27783273112453, 36.55538564503022], [-118.27783027247658, 36.55523634088059], [-118.2774601471722, 36.555240307449615], [-118.27746260510848, 36.555389611620726], [-118.27672235285925, 36.555397541356115], [-118.27671743985152, 36.55509893292417], [-118.27801041714837, 36.554935748875934], [-118.27800549926752, 36.55463714057092], [-118.27837562161662, 36.55463317236501], [-118.27837808125966, 36.55478247649798], [-118.27893326571498, 36.55477652200343], [-118.27893572644363, 36.554925826100295], [-118.27930585003494, 36.55492185498013], [-118.27930831149335, 36.55507115905158], [-118.28004609700007, 36.55491390929426], [-118.28005102278169, 36.55521251734725], [-118.28079620100425, 36.55550317493262], [-118.28080112977766, 36.55580178286843], [-118.28043100220636, 36.55580575871178], [-118.2802508651044, 36.55610635418755], [-118.27988073600089, 36.55611032835111], [-118.27988319867184, 36.556259632359186], [-118.27914293882382, 36.5562675772836], [-118.27914540008948, 36.5564168813308], [-118.27840267868594, 36.55627551761372], [-118.2784075983885, 36.556574125790185], [-118.27785240095973, 36.556580078087215], [-118.27784748339234, 36.5562814698463], [-118.27821761360616, 36.556277501978386], [-118.27821269468775, 36.555978893764866]]], [[[-118.28022839923196, 36.56596239689149], [-118.28059857528305, 36.565958420733445], [-118.28060350517306, 36.56625702816763], [-118.28004823893302, 36.56626299203838], [-118.28022839923196, 36.56596239689149]]], [[[-118.27840212533961, 36.567475298752676], [-118.27858721711594, 36.567473313582276], [-118.27876738581475, 36.56717272053759], [-118.27932265884431, 36.56716676250555], [-118.27950282398265, 36.56686616840376], [-118.28079845530533, 36.56685225441482], [-118.28079598992262, 36.566702950726004], [-118.28135125914915, 36.56669698331138], [-118.28135372559997, 36.5668462869679], [-118.28153881566188, 36.56684429724442], [-118.2815486830709, 36.56744151178851], [-118.28136359158482, 36.56744350155506], [-118.28136605812642, 36.56759280519213], [-118.28099587438767, 36.567596783884994], [-118.28099834023533, 36.5677460875397], [-118.28007287879055, 36.56775602929862], [-118.28007041472316, 36.567606725590096], [-118.2784045861844, 36.567624602561835], [-118.27840212533961, 36.567475298752676]]]]}}, {"type": "Feature", "properties": {"index": 3, "distance_m": 1050.0, "distance_mi": 0.6524413734822971, "elevation_m": 3855.4775390625, "lon": -118.28543748147084, "lat": 36.570966672807224}, "geometry": {"type": "MultiPolygon", "coordinates": [[[[-118.2780300893959, 36.55613018194037], [-118.2784002188618, 36.55612621351964], [-118.27839529926791, 36.55582760531984], [-118.27876542723799, 36.55582363579353], [-118.27912817161042, 36.555371752918724], [-118.27838792001288, 36.555379692990954], [-118.2783854602974, 36.55523038887354], [-118.27820039770857, 36.55523237316302], [-118.27820285706821, 36.55538167729118], [-118.27783273112453, 36.55538564503022], [-118.27783027247658, 36.55523634088059], [-118.27764520983345, 36.55523832430866], [-118.27764766812557, 36.555387628469035], [-118.2772775420733, 36.55539159448527], [-118.27727999967182, 36.55554089866321], [-118.27690987283552, 36.55554486355238], [-118.2769074159487, 36.55539555935297], [-118.2765372897517, 36.555399523072126], [-118.27653237745565, 36.555100914618734], [-118.27708756458897, 36.555094968673664], [-118.27708510740057, 36.55494566447332], [-118.27727016938631, 36.554943681928115], [-118.27727262693055, 36.55509298611771], [-118.27764275155943, 36.555089020144415], [-118.27800549926752, 36.55463714057092], [-118.27837562161662, 36.55463317236501], [-118.27837808125966, 36.55478247649798], [-118.27893326571498, 36.55477652200343], [-118.27912324935092, 36.55507314476598], [-118.27930831149335, 36.55507115905158], [-118.27930585003494, 36.55492185498013], [-118.27986103528598, 36.55491589614641], [-118.28023854846316, 36.555359834196366], [-118.2806086739357, 36.55535585899184], [-118.28061113793936, 36.555505162976345], [-118.28079620100425, 36.55550317493262], [-118.28080112977766, 36.55580178286843], [-118.28043100220636, 36.55580575871178], [-118.2800682635885, 36.55625764541022], [-118.27914540008948, 36.5564168813308], [-118.27914786137327, 36.55656618537411], [-118.27822007309254, 36.556426806079315], [-118.27803992595415, 36.55672739837922], [-118.2778548597706, 36.55672938220182], [-118.27784748339234, 36.5562814698463], [-118.2780325485083, 36.556279486055914], [-118.2780300893959, 36.55613018194037]]], [[[-118.27767716904253, 36.557179278090025], [-118.27786223631179, 36.557177294522354], [-118.27786469519505, 36.557326598621415], [-118.27767962756992, 36.557328582199816], [-118.27767716904253, 36.557179278090025]]], [[[-118.27768208611542, 36.55747788630572], [-118.2774970181163, 36.5574798696077], [-118.2774945599267, 36.55733056549106], [-118.27767962756992, 36.557328582199816], [-118.27768208611542, 36.55747788630572]]], [[[-118.27660606949155, 36.55958003978604], [-118.27660115618278, 36.55928143155046], [-118.27623101140797, 36.5592853946788], [-118.27622609959516, 36.558986786384764], [-118.27641117127979, 36.55898480498563], [-118.27641362753307, 36.55913410912388], [-118.27678377155992, 36.55913014544264], [-118.27678131459484, 36.55898084132584], [-118.27696638622523, 36.55897885906519], [-118.27696392892234, 36.558829554955246], [-118.27677885764787, 36.55883153720517], [-118.27677148691545, 36.55838362481982], [-118.27750930933585, 36.558226390132575], [-118.27752160100783, 36.55897291056021], [-118.27733652943175, 36.55897489368238], [-118.27752651780332, 36.55927151870402], [-118.2771563732094, 36.55927548470413], [-118.27716128865363, 36.55957409287532], [-118.2769762156177, 36.55957607546608], [-118.27697375824245, 36.55942677137169], [-118.27660606949155, 36.55958003978604]]], [[[-118.28164989871952, 36.562363196491795], [-118.28164743210148, 36.56221389274009], [-118.28183251109108, 36.562211902776035], [-118.28182757719756, 36.56191329528249], [-118.28108972949164, 36.56207055712113], [-118.28109466057383, 36.56236916469304], [-118.280166799531, 36.56222980211319], [-118.28016433577878, 36.56208049827146], [-118.278868783819, 36.5620944038194], [-118.2788663225766, 36.56194509989853], [-118.27849616542261, 36.561949070305886], [-118.27849370491025, 36.56179976635965], [-118.2781235483957, 36.56180373559672], [-118.27812108861336, 36.56165443162509], [-118.27793601068485, 36.561656415802084], [-118.27793109188639, 36.5613578078257], [-118.27756093739889, 36.56136177527514], [-118.2775584787387, 36.561212471259616], [-118.27718832489069, 36.5612164375388], [-118.2771858669605, 36.56106713349794], [-118.27681571375196, 36.56107109860689], [-118.27681325655172, 36.56092179454066], [-118.27662818027628, 36.56092377665361], [-118.27680834220554, 36.560623186396555], [-118.27717849327841, 36.560619221352006], [-118.27735865237831, 36.56031863030366], [-118.2777288019189, 36.560314663578914], [-118.27772388415818, 36.56001605551103], [-118.27809403220267, 36.56001208768049], [-118.2780915726376, 36.55986278366219], [-118.27771896646986, 36.55971744742757], [-118.27771404885395, 36.55941883932856], [-118.27808419405112, 36.55941487158394], [-118.27826434694356, 36.55911427923072], [-118.27863449060844, 36.559110309806016], [-118.27862956957831, 36.558811701783284], [-118.27899971174713, 36.55880773125287], [-118.2789923282024, 36.558359819254086], [-118.27954261370876, 36.5580552534473], [-118.279722757885, 36.557754658995385], [-118.27990782637849, 36.55775267222604], [-118.27990536352623, 36.557603368256856], [-118.28009043164572, 36.5576013812111], [-118.28026318219904, 36.55685287408149], [-118.28081345202872, 36.55654830263987], [-118.2808035941916, 36.55595108683048], [-118.28098865830587, 36.555949098467345], [-118.28098619353612, 36.55579979451604], [-118.28135878648, 36.555945120879635], [-118.28136125197963, 36.55609442480553], [-118.28302683106709, 36.55607651135049], [-118.28302929978751, 36.556225815175516], [-118.2832143643956, 36.55622382334514], [-118.28321189531933, 36.556074519530895], [-118.28358202376921, 36.556070535030294], [-118.2835844935572, 36.556219838822976], [-118.28432475166217, 36.55621186633293], [-118.28432722289175, 36.55636117007856], [-118.284882417347, 36.55635518766368], [-118.28488488966237, 36.55650449137303], [-118.28562515010462, 36.55649651075665], [-118.28562762386161, 36.556645814418914], [-118.28581268928251, 36.556643818536166], [-118.28581763756281, 36.55694242582741], [-118.28618776977342, 36.55693843315724], [-118.28619271955004, 36.557237040389694], [-118.28582258591597, 36.55724103310309], [-118.28582506011986, 36.557390336735075], [-118.28675039584773, 36.557380352743934], [-118.2867528718492, 36.557529656317996], [-118.28693793929598, 36.557527658647494], [-118.28694289206535, 36.55782626576232], [-118.28712796020565, 36.55782426778304], [-118.28712548345597, 36.55767496423838], [-118.28768068669977, 36.557668968610045], [-118.28787071077588, 36.557965576491824], [-118.28824084756758, 36.55796157735289], [-118.28824332648902, 36.558110880824835], [-118.28916866992826, 36.5581008778981], [-118.28917115064738, 36.55825018131201], [-118.28972635755942, 36.55824417607756], [-118.28972883936444, 36.55839347945506], [-118.29083925483047, 36.55838146116779], [-118.29102929265815, 36.55867806370639], [-118.29139943238754, 36.55867405469562], [-118.29140440253158, 36.558972661228196], [-118.29158947308063, 36.55897065627036], [-118.29159444400965, 36.559269262765646], [-118.29177951525219, 36.55926725749894], [-118.29159941501189, 36.55956786924536], [-118.29178448696624, 36.55956586395695], [-118.29179194467454, 36.560013773614756], [-118.2919770176783, 36.560011768006596], [-118.29198199028717, 36.56031037440396], [-118.29179691657158, 36.56031238003384], [-118.29179940254755, 36.56046168323754], [-118.29161432845773, 36.560463688591085], [-118.29141931340286, 36.55986848073246], [-118.29123424070009, 36.55987048546824], [-118.29123672555342, 36.56001978871617], [-118.29086657938123, 36.56002379734789], [-118.2908715477191, 36.56032240387549], [-118.29068647389373, 36.56032440778227], [-118.29068895773416, 36.56047371105108], [-118.29031880931673, 36.56047771802479], [-118.29013870068079, 36.56077832767187], [-118.28921580671454, 36.560937642096775], [-118.28867050052199, 36.5615408587981], [-118.28830034671957, 36.56154485960537], [-118.28793762884162, 36.56199676945274], [-118.2877525508087, 36.56199876888366], [-118.28775007248055, 36.56184946548043], [-118.28756499478533, 36.56185146461333], [-118.28756747275752, 36.56200076802738], [-118.28589929470759, 36.56186944388551], [-118.2859042442631, 36.56216805090434], [-118.2849788511337, 36.562178029444944], [-118.2849763781266, 36.56202872588345], [-118.28516145643295, 36.56202673076054], [-118.28497143216705, 36.561730118748834], [-118.28404357274904, 36.56159078632032], [-118.2838634370531, 36.56189138695961], [-118.28293804648234, 36.5619013495962], [-118.28275790576672, 36.5622019486477], [-118.28238774795096, 36.562205931160655], [-118.28239021599285, 36.56235523486925], [-118.28220513670175, 36.562357225705696], [-118.28221007212812, 36.56265583313281], [-118.28239515213112, 36.562653842274806], [-118.28240008834206, 36.56295244966479], [-118.28221500762713, 36.562954440544345], [-118.28221747540388, 36.56310374424427], [-118.28129453579186, 36.563262998137596], [-118.28129206977682, 36.56311369438769], [-118.28147715093856, 36.563111704933426], [-118.28146481935578, 36.56236518617941], [-118.28164989871952, 36.562363196491795]], [[-118.28530201089325, 36.55933727096714], [-118.28513672380402, 36.560533695039716], [-118.28476657429194, 36.56053768478238], [-118.28440384003332, 36.56098958426298], [-118.28477399175384, 36.560985595604286], [-118.28495412188211, 36.560684993655045], [-118.28550934713611, 36.56067900771629], [-118.28550687324328, 36.5605297041483], [-118.28606209726561, 36.56052371565729], [-118.28605962232322, 36.56037441211782], [-118.28587454802327, 36.56037640855787], [-118.28586959890504, 36.56007780144563], [-118.28568452529868, 36.56007979757689], [-118.2856771028257, 36.55963188684695], [-118.28604724788465, 36.5596278943621], [-118.28604229823677, 36.559329287232565], [-118.28622737002712, 36.55932729058099], [-118.28622489487461, 36.559177987021194], [-118.28603982344016, 36.559179983661956], [-118.28603487390158, 36.558881376509085], [-118.28584980316073, 36.558883372841066], [-118.285852277565, 36.559032676430256], [-118.28548213531687, 36.559036668254336], [-118.28548708275645, 36.55933527546426], [-118.28530201089325, 36.55933727096714]], [[-118.28621994462424, 36.55887937988992], [-118.28622241974031, 36.559028683457505], [-118.28696022733253, 36.55887139054164], [-118.2869552743079, 36.558572783481296], [-118.28732541412909, 36.558568787127406], [-118.28732045975381, 36.55827018009476], [-118.28658018288561, 36.55827817156736], [-118.28658265864058, 36.55842747512888], [-118.28621251938534, 36.55843146916383], [-118.28621499444674, 36.558580772743085], [-118.2860299244359, 36.558582769340624], [-118.28603487390158, 36.558881376509085], [-118.28621994462424, 36.55887937988992]], [[-118.28289607501554, 36.55936318637188], [-118.28326621919679, 36.55935920254545], [-118.283268688673, 36.5595085062741], [-118.28345376109229, 36.559506513919324], [-118.2834488214462, 36.55920790647971], [-118.28307867801313, 36.55921189085894], [-118.28307620892916, 36.55906258711174], [-118.28289113754126, 36.559064578859804], [-118.28289607501554, 36.55936318637188]], [[-118.28527480479174, 36.557694931001095], [-118.28564741457299, 36.55784024357691], [-118.2856498884939, 36.55798954720417], [-118.28602002572313, 36.55798555495702], [-118.28601507647608, 36.55768694774188], [-118.28564494067034, 36.5576909399458], [-118.28564246678587, 36.55754163631077], [-118.28527233161904, 36.55754562734447], [-118.28527480479174, 36.557694931001095]]], [[[-118.29180437455442, 36.56076028963326], [-118.29181183270197, 36.561208199197644], [-118.29162675683249, 36.56121020460547], [-118.29162427112094, 36.56106090141037], [-118.2914391955891, 36.56106290652015], [-118.29143422493276, 36.56076430009659], [-118.29180437455442, 36.56076028963326]]], [[[-118.28536385113651, 36.563069860047854], [-118.28536137730823, 36.562920556531324], [-118.2861016988217, 36.562912571759526], [-118.28609922358777, 36.56276326828234], [-118.28646938352324, 36.5627592741948], [-118.28646690759562, 36.56260997073532], [-118.28665198718006, 36.562607973271554], [-118.28665693976546, 36.562906580164984], [-118.28628925476264, 36.563059878311066], [-118.28610912463282, 36.56336048216779], [-118.28573896177667, 36.563364475192934], [-118.28554893189818, 36.56306786427491], [-118.28536385113651, 36.563069860047854]]], [[[-118.28333784138898, 36.56368900909624], [-118.28333537140365, 36.56353970547656], [-118.28315028935567, 36.5635416978353], [-118.28314535015156, 36.56324309056268], [-118.28296026879735, 36.56324508261264], [-118.2829528611954, 36.562797171642174], [-118.28313794148167, 36.56279517962456], [-118.2833279615568, 36.563091794594136], [-118.2836981234623, 36.56308780907972], [-118.28370306476594, 36.56338641629541], [-118.2840732280226, 36.56338242958899], [-118.28407075664974, 36.56323312600467], [-118.28425583789482, 36.56323113223144], [-118.28424842281747, 36.5627832214875], [-118.28461858311718, 36.56277923314413], [-118.28498132415898, 36.562327333002514], [-118.28516640317726, 36.562325337858006], [-118.28518619088278, 36.56351976609221], [-118.28500110901678, 36.56352176132312], [-118.28500852863887, 36.56396967187914], [-118.28482344568671, 36.56397166685522], [-118.28482591857448, 36.564120970376905], [-118.28371541834335, 36.56413293426653], [-118.28371294759148, 36.563983630680085], [-118.28352786451194, 36.56398562364563], [-118.28352292377475, 36.563687016439495], [-118.28333784138898, 36.56368900909624]], [[-118.28463341770733, 36.56367505446745], [-118.28481849996572, 36.56367305980017], [-118.2848135543176, 36.563374452729555], [-118.28499863584582, 36.56337245779667], [-118.28499616269309, 36.56322315426633], [-118.28462600033036, 36.563227143823305], [-118.28463341770733, 36.56367505446745]]], [[[-118.28593146812102, 36.563810389229616], [-118.28593394312654, 36.56395969269039], [-118.28556377738612, 36.56396368522755], [-118.28555882881727, 36.56366507825891], [-118.28611407526466, 36.56365908908717], [-118.28611655060791, 36.563808392541006], [-118.28593146812102, 36.563810389229616]]], [[[-118.28832108920427, 36.573939027648976], [-118.28739555652602, 36.57394902769658], [-118.28739803526405, 36.57409833081699], [-118.28702782135265, 36.57410232884639], [-118.28703029939656, 36.57425163198453], [-118.28666008469988, 36.57425562888628], [-118.2866576073683, 36.5741063257265], [-118.28647250034875, 36.57410832373556], [-118.28647497732418, 36.57425762690616], [-118.28573454763902, 36.574265616112385], [-118.28573702320801, 36.57441491932231], [-118.2844412680642, 36.57442888944668], [-118.2844387949884, 36.57427958616115], [-118.28406857978146, 36.57428357501769], [-118.28407105214492, 36.5744328783248], [-118.28388594415797, 36.57443487233287], [-118.2838834721507, 36.57428556901496], [-118.28240261044957, 36.574301510649335], [-118.28240507960749, 36.574450814053534], [-118.28221997145684, 36.57445280547562], [-118.28221750265507, 36.574303502060644], [-118.28184728701163, 36.5743074840213], [-118.28165724375064, 36.57401086766435], [-118.28147213659584, 36.57401285790479], [-118.28147460393654, 36.57416216137065], [-118.28110438886007, 36.57416614101111], [-118.28110192223167, 36.574016837523715], [-118.28073417371098, 36.574170119502256], [-118.2807317077949, 36.57402081599333], [-118.27999127870349, 36.57402876948461], [-118.27980124316926, 36.57373215000201], [-118.27776506930776, 36.57375399500142], [-118.2777675294889, 36.57390329869016], [-118.27721220789586, 36.57390925041565], [-118.2772097487832, 36.5737599466947], [-118.27683953500964, 36.57376391305359], [-118.27683215991726, 36.573316001803036], [-118.27664705407182, 36.5733179845193], [-118.27681986845859, 36.57256948297428], [-118.27774784854684, 36.572708869071384], [-118.2777527686737, 36.57300747649942], [-118.27849318866303, 36.572999537100664], [-118.27849072716597, 36.57285023343156], [-118.27793049246667, 36.57255758096503], [-118.2777306286734, 36.571663742950705], [-118.27865859929683, 36.57180312215687], [-118.27866598453025, 36.57225103320198], [-118.27885108768345, 36.572249047400426], [-118.27885354982031, 36.572398351063605], [-118.27922375678459, 36.57239437857705], [-118.27978892294664, 36.57298563209112], [-118.28015913257872, 36.572981656645396], [-118.28015173852594, 36.57253374591673], [-118.28070704963268, 36.572527780690116], [-118.2806971868761, 36.57193056645989], [-118.28199290218456, 36.571916637843415], [-118.28199537033939, 36.572065941331424], [-118.28218047280977, 36.57206395036908], [-118.28217800429881, 36.571914646891855], [-118.28310351459747, 36.571904687824414], [-118.28309857406883, 36.57160608096607], [-118.28291347275771, 36.5716080733326], [-118.28290112353493, 36.57086155606471], [-118.28271602398618, 36.57086354809004], [-118.28271355455229, 36.57071424461401], [-118.28197315760008, 36.57072220979926], [-118.28196822163565, 36.57042360274928], [-118.28215332018877, 36.57042161190545], [-118.2821508518777, 36.57027230838543], [-118.2827061463597, 36.57026633416256], [-118.28288630506762, 36.56996573521484], [-118.2838117918554, 36.56995577110239], [-118.28380932039401, 36.56980646766772], [-118.2843646111801, 36.569800485785215], [-118.28436213866864, 36.56965118237903], [-118.28454723520483, 36.56964918785443], [-118.28454970807238, 36.56979849124983], [-118.28491990180231, 36.56979450131718], [-118.28492484901638, 36.5700931080531], [-118.28473975144831, 36.57009510318466], [-118.28455959972456, 36.570395704792475], [-118.28418940307301, 36.57039969366234], [-118.28419187531937, 36.57054899705986], [-118.2840067766102, 36.57055099107465], [-118.2840117204453, 36.570849597879615], [-118.28382662100573, 36.5708515916287], [-118.28382909259447, 36.57100089503612], [-118.28475459139091, 36.57099092336381], [-118.2847570647784, 36.57114022671338], [-118.28512726488178, 36.57113623601178], [-118.28512973899969, 36.57128553933586], [-118.28568504008645, 36.57127955109636], [-118.28568751529096, 36.57142885438414], [-118.28587261597289, 36.57142685771889], [-118.28587509155173, 36.57157616099198], [-118.28531978838294, 36.57158215015821], [-118.28532226291162, 36.5717314534598], [-118.28439675548537, 36.5717414297115], [-118.28439922825166, 36.571890733063206], [-118.28421412635565, 36.57189272746243], [-118.28421165394548, 36.57174342409993], [-118.28347124760397, 36.57175139878065], [-118.28347371858963, 36.5719007021863], [-118.28328861660266, 36.57190269514901], [-118.28347866061554, 36.57219930898594], [-118.2842190712306, 36.572191334175756], [-118.2844165381255, 36.572935856416144], [-118.2849718511831, 36.5729298712679], [-118.28496937722093, 36.57278056797584], [-118.28533958512266, 36.57277657646204], [-118.28533711046644, 36.572627273187685], [-118.28552221403382, 36.57262527701062], [-118.28551726406376, 36.572326670471824], [-118.28588499404937, 36.57217337404536], [-118.2858800427641, 36.57187476752646], [-118.28625024621, 36.571870773269225], [-118.28624281728207, 36.57142286352652], [-118.2864279179093, 36.571420865999386], [-118.28642544128034, 36.57127156275485], [-118.28772362178931, 36.57140687526511], [-118.28826900252751, 36.570803662357925], [-118.28863671968415, 36.570650357652184], [-118.28863423887313, 36.570501054518026], [-118.28900195385661, 36.57034774872032], [-118.28899450945137, 36.56989983934783], [-118.2891796062438, 36.56989783761957], [-118.28917712445585, 36.56974853449844], [-118.28899202801946, 36.569750536215864], [-118.28898706521052, 36.56945192994027], [-118.28935477455138, 36.569298623139524], [-118.28934732839332, 36.56885071375029], [-118.28897713981183, 36.568854717342404], [-118.28897217722209, 36.568556111020094], [-118.28878708361607, 36.56855811236358], [-118.28878212181152, 36.56825950600405], [-118.28896721470541, 36.568257504682215], [-118.28877716008003, 36.567960899628936], [-118.28896225226181, 36.567958898328776], [-118.28895977106743, 36.56780959514622], [-118.28858710693366, 36.567664294229495], [-118.28857718526015, 36.56706708135811], [-118.28839209517815, 36.567069082018776], [-118.28839457521309, 36.56721838525329], [-118.28802439428222, 36.5672223857345], [-118.28802935298268, 36.56752099223517], [-118.28784426177776, 36.56752299206656], [-118.28784674079935, 36.567672295321856], [-118.28747655762267, 36.5676762941445], [-118.2874790359504, 36.56782559741756], [-118.28729394397864, 36.5678275964088], [-118.28729146600695, 36.56767829312492], [-118.28692128272081, 36.56768229022399], [-118.28691137386494, 36.567085076963], [-118.28672628361869, 36.567087075038394], [-118.28653624045984, 36.566790466129426], [-118.28616606130034, 36.5667944608007], [-118.28616358559258, 36.56664515742469], [-118.28634867482542, 36.56664316024349], [-118.28634619877984, 36.56649385687439], [-118.28616110990303, 36.56649585404478], [-118.28615368294379, 36.566047943881735], [-118.28689403406926, 36.56603995360642], [-118.28688908000608, 36.56574134689807], [-118.28670399296409, 36.56574334487614], [-118.28670646963054, 36.56589264824307], [-118.28633629477984, 36.5658966433591], [-118.28614625614857, 36.565600033683644], [-118.28429291573818, 36.56547068542574], [-118.28411277246296, 36.56577128640886], [-118.28355751046276, 36.565777266555536], [-118.2835624517092, 36.566075873652714], [-118.28319227552736, 36.5660798590241], [-118.28338971528161, 36.56682438421079], [-118.28320462540144, 36.56682637680679], [-118.28320709543083, 36.56697568035165], [-118.28283691490384, 36.56697966470346], [-118.28283938423932, 36.567128968266], [-118.28228904883359, 36.5674335498497], [-118.28229398549549, 36.567732157012216], [-118.28155361688437, 36.567740119037204], [-118.28155608381834, 36.56788942265571], [-118.2811858986917, 36.567893401966174], [-118.28118836493172, 36.56804270560232], [-118.28081571349242, 36.56789738012759], [-118.28081817902032, 36.56804668378526], [-118.28026290001709, 36.568052648905194], [-118.28026536449498, 36.568201952591274], [-118.27933989734643, 36.56821188876628], [-118.27934236006212, 36.568361192502245], [-118.27897217236365, 36.56836516498287], [-118.2789746343853, 36.56851446873647], [-118.27823425734658, 36.56852241029347], [-118.2782367179621, 36.56867171408615], [-118.27712614972415, 36.56868361786796], [-118.27712860822135, 36.56883292172115], [-118.2767559601667, 36.56868758349703], [-118.27675841795173, 36.5688368873717], [-118.27490746551835, 36.568856698387926], [-118.27490991976069, 36.56900600236594], [-118.27379934529672, 36.5690178752507], [-118.27380179742062, 36.56916717928907], [-118.27343160507603, 36.56917113464051], [-118.2732514110421, 36.56947172001462], [-118.27270102030022, 36.56977625826749], [-118.27270347037783, 36.56992556235061], [-118.27233327425579, 36.56992951436165], [-118.27233817304068, 36.57022812255904], [-118.27196797542209, 36.57023207346367], [-118.27197042412938, 36.57038137757792], [-118.27160022572647, 36.57038532735477], [-118.27159777773142, 36.57023602321916], [-118.27141267885902, 36.57023799766595], [-118.27141512649801, 36.57038730181226], [-118.27030697626908, 36.570548446730534], [-118.27030453074876, 36.57039914252403], [-118.27048963008534, 36.5703971697903], [-118.27066249851129, 36.5696486757852], [-118.27103024669667, 36.56949542480097], [-118.27102779987801, 36.56934612060996], [-118.2719557321561, 36.56948555283412], [-118.27250122465412, 36.56888240976126], [-118.27305651127813, 36.56887648067655], [-118.27305406061464, 36.56872717658759], [-118.27360934600803, 36.568721244949515], [-118.27360689429437, 36.568571940888766], [-118.27434727314187, 36.568564028058965], [-118.27434482002198, 36.56841472403714], [-118.27508519715623, 36.56840680665381], [-118.27508274263009, 36.56825750267098], [-118.27563802422284, 36.56825156164929], [-118.2756355686466, 36.568102257694704], [-118.27656103582594, 36.56809235030014], [-118.27655857848742, 36.5679430463953], [-118.27711385750976, 36.56793709854354], [-118.27711139912118, 36.567787794666984], [-118.27748158433344, 36.567783828017625], [-118.27747912525086, 36.567634524158656], [-118.27803440186531, 36.567628572062354], [-118.27803194173265, 36.5674792682317], [-118.27840212533961, 36.567475298752676], [-118.27839966451299, 36.567325994939615], [-118.27913756785259, 36.56716874880348], [-118.27913510563799, 36.56701944502563], [-118.2795052868912, 36.567015472163995], [-118.27968545097954, 36.56671487779945], [-118.27987054084876, 36.566712890672], [-118.27986561369815, 36.56641428317511], [-118.27968052454102, 36.56641627028103], [-118.27967806134897, 36.56626696651598], [-118.27986315015008, 36.56626497942081], [-118.27986068662011, 36.56611567566262], [-118.28023086345583, 36.566111700632035], [-118.28022839923196, 36.56596239689149], [-118.28059857528305, 36.565958420733445], [-118.28059364546566, 36.56565981328371], [-118.28077873275195, 36.565657824795345], [-118.2807738022951, 36.56535921735157], [-118.28095888885122, 36.56535722859749], [-118.280956423294, 36.565207924880546], [-118.28132659563973, 36.565203946532215], [-118.28132906190895, 36.56535325022763], [-118.2815141484106, 36.56535126061185], [-118.28151168178535, 36.56520195692719], [-118.2816967679128, 36.56519996703495], [-118.28169183400479, 36.56490135967549], [-118.2820620047812, 36.56489737907238], [-118.2820570695218, 36.56459877174045], [-118.28242723880155, 36.56459479003151], [-118.28260738609143, 36.56429419146337], [-118.28446069630981, 36.56442356656388], [-118.28446316854023, 36.56457287009549], [-118.28557367474238, 36.56456089911813], [-118.28557614912701, 36.56471020258105], [-118.28650404842404, 36.564849522218786], [-118.28650652462511, 36.56499882561987], [-118.28687669516721, 36.56499483005912], [-118.28687421825414, 36.564845526679655], [-118.28742947286248, 36.56483953121675], [-118.28743195084358, 36.564988834563756], [-118.28761703603254, 36.564986835490835], [-118.28779716383536, 36.56468622947605], [-118.28798224827584, 36.56468422985033], [-118.28798472730669, 36.56483353316877], [-118.2881698120849, 36.564831533244984], [-118.28816733269808, 36.564682229937375], [-118.28853750148777, 36.564678229249765], [-118.2885399815866, 36.56482753253573], [-118.28872506631005, 36.56482553175026], [-118.28872258585523, 36.56467622847512], [-118.28909275453537, 36.56467222606416], [-118.28909523570219, 36.56482152931764], [-118.28983557426724, 36.56481352100564], [-118.28983805687632, 36.56496282421187], [-118.29020822676118, 36.564958818310814], [-118.2902057434401, 36.56480951512627], [-118.29057591253985, 36.564805508098], [-118.29057342852504, 36.56465620493123], [-118.29075851269148, 36.56465420099709], [-118.29076099706229, 36.56480350415301], [-118.29131625051986, 36.56479749059469], [-118.29131376508106, 36.564648187471334], [-118.29149884917433, 36.564646182388294], [-118.2915013349691, 36.56479548550081], [-118.29224913434933, 36.56523537143685], [-118.29225162164136, 36.56538467449036], [-118.29243670742311, 36.56538266791689], [-118.29226405837618, 36.566131189699504], [-118.29170879558085, 36.56613720785938], [-118.29170630926532, 36.56598790479276], [-118.29152122198632, 36.56598991026072], [-118.29152370794581, 36.56613921333819], [-118.29096844493085, 36.56614522805117], [-118.2909709298406, 36.56629453115731], [-118.29023057747379, 36.566302546796614], [-118.29023306097773, 36.56645184994224], [-118.2913460772127, 36.566589127771365], [-118.29134856288938, 36.566738430844126], [-118.29153365196684, 36.56673642560915], [-118.29153116593413, 36.56658712254724], [-118.29245660926668, 36.56657709211792], [-118.29245909707956, 36.56672639512553], [-118.29264418604716, 36.56672438816705], [-118.2926491624399, 36.567022994148864], [-118.29283425210126, 36.567020986881424], [-118.29284171789588, 36.56746889579236], [-118.29246904851418, 36.56732360711702], [-118.29247153641863, 36.56747291010516], [-118.29210135486808, 36.567476923268956], [-118.29210384207876, 36.567626226274925], [-118.29191875091998, 36.5676282324368], [-118.2919212377929, 36.56777753544973], [-118.29229142080425, 36.56777352281702], [-118.29229390840759, 36.56792282580433], [-118.29210881655503, 36.567924832275175], [-118.29211627840677, 36.568372741246364], [-118.29248646422995, 36.568368727952254], [-118.29249144031357, 36.568667333870124], [-118.29267653390981, 36.568665326770436], [-118.2924964164705, 36.568965939772426], [-118.29212871519259, 36.56911925612047], [-118.29231878544833, 36.56941585546341], [-118.29195108169621, 36.56956917130125], [-118.29195605593644, 36.56986777722199], [-118.29214115243622, 36.569865770897245], [-118.29214612746188, 36.57016437678069], [-118.29196103024991, 36.57016638312716], [-118.29196600463662, 36.570464989016756], [-118.29178090669414, 36.57046699509765], [-118.2919834155669, 36.57151010950769], [-118.2917983151317, 36.5715121156646], [-118.29180080212458, 36.571661418587155], [-118.29124549964075, 36.571667435366635], [-118.29124798558358, 36.571816738317864], [-118.29069268186666, 36.57182275254421], [-118.2903299318937, 36.57227466958499], [-118.29014482951317, 36.57227667321043], [-118.29014731339244, 36.57242597621117], [-118.29051751884745, 36.5724219686513], [-118.29052248808537, 36.57272057459773], [-118.29033738465473, 36.57272257854301], [-118.29034235325355, 36.573021184495566], [-118.28997462852739, 36.57317449455969], [-118.29016470105927, 36.57347109710738], [-118.28997959581133, 36.57347310053226], [-118.28998704687443, 36.57392100946189], [-118.28980194053973, 36.573923012631965], [-118.28980442390785, 36.57407231561158], [-118.2894342104713, 36.57407632111145], [-118.28943669314536, 36.574225624108834], [-118.28925158604349, 36.57422762643861], [-118.2892491037256, 36.57407832343039], [-118.28851115745337, 36.574235632884495], [-118.28832108920427, 36.573939027648976]], [[-118.28887640859213, 36.573933024172526], [-118.28869130214777, 36.57393502561867], [-118.2886937833789, 36.57408432866329], [-118.2888788901794, 36.57408232720632], [-118.28887640859213, 36.573933024172526]], [[-118.28699313065329, 36.57201208450368], [-118.2873633345926, 36.57200808677719], [-118.28735589919975, 36.57156017724084], [-118.28717079830757, 36.57156217621527], [-118.28717575450565, 36.57186078259837], [-118.28699065288299, 36.57186278130715], [-118.28699313065329, 36.57201208450368]], [[-118.29123307020109, 36.570920920552076], [-118.2910479711171, 36.570922925516385], [-118.29105045661231, 36.57107222849793], [-118.29123555605243, 36.57107022352278], [-118.29123307020109, 36.570920920552076]], [[-118.29065044148847, 36.569284601290455], [-118.29046534626659, 36.569286605273575], [-118.2904678304923, 36.56943590833049], [-118.29065292607025, 36.56943390433653], [-118.2904727989986, 36.56973451443265], [-118.29102808781406, 36.56972850152384], [-118.29083305177247, 36.56913329398094], [-118.29064795692497, 36.56913529824049], [-118.29065044148847, 36.569284601290455]], [[-118.29157343097951, 36.56912527407003], [-118.2913883362052, 36.56912727947866], [-118.291390822193, 36.569276582485216], [-118.29157591732339, 36.56927457706573], [-118.29157343097951, 36.56912527407003]], [[-118.28801695636838, 36.56677447595433], [-118.28783186694366, 36.5667764757316], [-118.28783434587397, 36.566925779006375], [-118.28801943565472, 36.56692377921829], [-118.28801695636838, 36.56677447595433]], [[-118.28208421434778, 36.56624111187341], [-118.2818991257645, 36.56624310241555], [-118.28170910300072, 36.565946485365465], [-118.2813364608256, 36.565801161290565], [-118.2813487927165, 36.56654767965098], [-118.28209161786366, 36.566689022737044], [-118.28208421434778, 36.56624111187341]], [[-118.28226930291288, 36.56623912104403], [-118.28226683475457, 36.566089817425805], [-118.28208174654547, 36.56609180824441], [-118.28208421434778, 36.56624111187341], [-118.28226930291288, 36.56623912104403]], [[-118.28133399450189, 36.56565185760682], [-118.28114890727008, 36.5656538469569], [-118.28115137323775, 36.56580315065142], [-118.2813364608256, 36.565801161290565], [-118.28133399450189, 36.56565185760682]], [[-118.28061090014414, 36.5667049392897], [-118.28097861396236, 36.56655165819311], [-118.28097614825994, 36.56640235450727], [-118.28060597014526, 36.566406331878866], [-118.28061090014414, 36.5667049392897]]], [[[-118.28586766486988, 36.571128251161056], [-118.28512726488178, 36.57113623601178], [-118.28511984263723, 36.5706883260162], [-118.28567513945067, 36.570682337906334], [-118.28568008973211, 36.57098094450913], [-118.2858651893457, 36.570978947876306], [-118.28586766486988, 36.571128251161056]]], [[[-118.28087489117227, 36.5714806668382], [-118.28087735713586, 36.57162997040251], [-118.2801394154676, 36.57178722795778], [-118.28031958759875, 36.571486632700726], [-118.28087489117227, 36.5714806668382]]], [[[-118.29073492753187, 36.5743609026728], [-118.29073244234637, 36.57421159975521], [-118.29091754930192, 36.57420959512683], [-118.29110762805314, 36.574506195999], [-118.2903721663828, 36.57481281988381], [-118.29036719734502, 36.5745142140247], [-118.29073492753187, 36.5743609026728]]], [[[-118.29075480967452, 36.57555532587339], [-118.29075232434265, 36.57540602298695], [-118.29093743414761, 36.57540401827176], [-118.29093991983564, 36.57555332114735], [-118.29149525020922, 36.57554730524521], [-118.29149773698417, 36.57569660808435], [-118.29131262652176, 36.575698613683265], [-118.29131511295878, 36.57584791652937], [-118.29075978039316, 36.575853931634605], [-118.2907572950247, 36.57570462875594], [-118.29057218448906, 36.57570663320549], [-118.2905696994951, 36.57555733031209], [-118.29075480967452, 36.57555532587339]]], [[[-118.29025662218577, 36.57899530438955], [-118.29024916818861, 36.578547395889565], [-118.29061691750931, 36.57839408462093], [-118.29061194688097, 36.578095478970404], [-118.2909796933335, 36.57794216662738], [-118.29097720735261, 36.57779286381409], [-118.2915325537555, 36.57778684742356], [-118.29153006672426, 36.57763754463892], [-118.29171518179903, 36.57763553861155], [-118.29171766918651, 36.577784841385316], [-118.29190278459922, 36.57778283505973], [-118.29190029685552, 36.57763353229681], [-118.29301098680965, 36.577621488373794], [-118.2930134766907, 36.577770791071536], [-118.29319859197511, 36.577768782734395], [-118.29320357250467, 36.57806738809647], [-118.29283583007233, 36.57822070722377], [-118.29265569218468, 36.578521320422674], [-118.29228545792522, 36.57852533519404], [-118.29228794649127, 36.57867463791189], [-118.2909946096031, 36.57883798342543], [-118.2909995818394, 36.57913658899362], [-118.29081446312902, 36.57913859398006], [-118.29081694891838, 36.579287896769166], [-118.29026159160867, 36.579293910036746], [-118.29025910688809, 36.5791446072151], [-118.29007398810451, 36.57914661105203], [-118.29007150375845, 36.57899730821564], [-118.29025662218577, 36.57899530438955]]], [[[-118.2900789568515, 36.579445216713125], [-118.29007647246887, 36.57929591388452], [-118.29026159160867, 36.579293910036746], [-118.29026407634755, 36.5794432128545], [-118.2900789568515, 36.579445216713125]]], [[[-118.25013054295204, 36.524767764227], [-118.25012814027818, 36.52461845771197], [-118.25049572019617, 36.524465272265104], [-118.25050052694745, 36.52476388525705], [-118.2499503556179, 36.52506831632116], [-118.24976055888587, 36.52477164204965], [-118.25013054295204, 36.524767764227]]], [[[-118.26096836484304, 36.542722750902335], [-118.26096593975706, 36.54257344545844], [-118.261521040654, 36.54256757371266], [-118.261518614519, 36.54241826829668], [-118.26170364776, 36.54241631048467], [-118.26170122128723, 36.542267005075416], [-118.26133115549867, 36.542270920391225], [-118.261328729755, 36.54212161495688], [-118.26114369718955, 36.5421235721737], [-118.26131660130459, 36.54137508772688], [-118.26168666282581, 36.54137117253824], [-118.2616842364781, 36.54122186710178], [-118.26242435788379, 36.54121403332299], [-118.26242921344192, 36.5415126441072], [-118.26261424445985, 36.5415106849238], [-118.26261910080068, 36.54180929567126], [-118.26243406907152, 36.54181125487587], [-118.26245106433821, 36.542856392443795], [-118.26226603010181, 36.542858351435655], [-118.2622636025086, 36.54270904606985], [-118.26170850075911, 36.54271492129154], [-118.26171092728543, 36.54286422668913], [-118.2611558243083, 36.54287009935954], [-118.26115824978562, 36.54301940478506], [-118.26060314558087, 36.54302527490416], [-118.26060072117045, 36.54287596944685], [-118.26096836484304, 36.542722750902335]], [[-118.26207371418836, 36.54241239399963], [-118.2618886809831, 36.54241435238565], [-118.26189110782934, 36.54256365778042], [-118.26207614139022, 36.5425616993838], [-118.26207371418836, 36.54241239399963]]], [[[-118.26044235233975, 36.544520285501626], [-118.26025246625746, 36.544223630569725], [-118.2598823909367, 36.54422754156872], [-118.2598799678061, 36.54407823610017], [-118.25969493047461, 36.54408019115855], [-118.25969008497823, 36.5437815801886], [-118.25913497501067, 36.54378744357811], [-118.25913013171949, 36.54348883252913], [-118.25931516768188, 36.54348687837413], [-118.2593175896742, 36.543636183889994], [-118.26005773476803, 36.54362836435752], [-118.26043507969352, 36.54407236920289], [-118.26062011695363, 36.54407041299641], [-118.26061769241825, 36.54392110756631], [-118.26154287667276, 36.54391132228158], [-118.26154045037703, 36.54376201690059], [-118.26191295024957, 36.54390740615854], [-118.2619105232425, 36.543758100798755], [-118.26246563240676, 36.543752224493346], [-118.26264581195345, 36.54345165450441], [-118.26301588318191, 36.54344773500078], [-118.2630207414101, 36.54374634560477], [-118.2626530971887, 36.54389957046822], [-118.26265552563622, 36.54404887578172], [-118.26228545149108, 36.54405279422213], [-118.26229030701712, 36.5443514048799], [-118.26173519353149, 36.54435728045148], [-118.26173762025434, 36.54450658580634], [-118.26155258203441, 36.544508543766746], [-118.26155015566721, 36.544359238401285], [-118.26136511778505, 36.54436119606407], [-118.26136754379662, 36.54451050144013], [-118.26044235233975, 36.544520285501626]]], [[[-118.26218052797637, 36.54898182722724], [-118.26218295596459, 36.54913113244044], [-118.2625530543327, 36.54912721385285], [-118.262550625633, 36.548977908660866], [-118.26273567443451, 36.54897594894707], [-118.26274296165447, 36.549423864479536], [-118.26163023521724, 36.54928631340987], [-118.26162538135735, 36.548987702923746], [-118.26218052797637, 36.54898182722724]]], [[[-118.2655333144783, 36.550290263849895], [-118.26553087994341, 36.55014095885894], [-118.26571593130446, 36.55013899446692], [-118.26571836619509, 36.55028829944724], [-118.2655333144783, 36.550290263849895]]], [[[-118.26479310743196, 36.550298118589694], [-118.26479554056174, 36.55044742361928], [-118.26442543621955, 36.550451349287925], [-118.26442786865569, 36.55060065433488], [-118.26424281610198, 36.55060261674919], [-118.26424038402162, 36.550453311691605], [-118.263870279572, 36.55045723563771], [-118.26386784822103, 36.55030793055501], [-118.26479310743196, 36.550298118589694]]], [[[-118.26536773682167, 36.55148666783826], [-118.26536530249919, 36.55133736286777], [-118.26555035672425, 36.551335398677764], [-118.2655527914025, 36.55148470363763], [-118.26536773682167, 36.55148666783826]]], [[[-118.27633012506591, 36.55405776624168], [-118.27632766942737, 36.553908461971204], [-118.27669778854397, 36.55390449904085], [-118.27670024489412, 36.55405380328987], [-118.27633012506591, 36.55405776624168]]], [[[-118.27577739977714, 36.55421301281475], [-118.275774945188, 36.55406370851598], [-118.27596000516537, 36.554061728045006], [-118.27596246011035, 36.55421103233305], [-118.27577739977714, 36.55421301281475]]], [[[-118.22957800103774, 36.55887971699808], [-118.22995051733595, 36.55902520553282], [-118.22994341684739, 36.55857728513007], [-118.23031356480526, 36.55857346576039], [-118.23030882980966, 36.5582748521805], [-118.2304939030506, 36.55827294208556], [-118.23049153522304, 36.55812363530015], [-118.23067660809063, 36.55812172492836], [-118.2306742399246, 36.55797241814939], [-118.23122945735504, 36.557966685342], [-118.23122471893979, 36.55766807183451], [-118.23159486238258, 36.55766424856842], [-118.23159012261348, 36.557365635086796], [-118.2312199805943, 36.5573694583115], [-118.2312152423186, 36.55707084477297], [-118.2314003126251, 36.557068933324906], [-118.23139794315755, 36.55691962656016], [-118.23176808300644, 36.556915802823205], [-118.23176334270003, 36.55661718932349], [-118.23194841188653, 36.55661527704497], [-118.23194367093816, 36.55631666355044], [-118.23212873939545, 36.55631475100545], [-118.23212162703614, 36.555866830765616], [-118.23230669440832, 36.55586491796454], [-118.23229958113849, 36.55541699772084], [-118.23248464742562, 36.55541508466369], [-118.2324775332453, 36.55496716441613], [-118.2326625984474, 36.554965251102885], [-118.23265785503612, 36.554666637605834], [-118.23284291950901, 36.55466472402616], [-118.23284054747371, 36.55451541728217], [-118.23302561157331, 36.55451350342571], [-118.23302798396448, 36.554662810159336], [-118.23321304840245, 36.55466089600538], [-118.23321779394888, 36.554959509440266], [-118.23359029770698, 36.55510498692034], [-118.23378485880284, 36.555700298557156], [-118.23434480938924, 36.555993164826525], [-118.23434718444618, 36.55614247144879], [-118.23416211655442, 36.55614438742932], [-118.23416449127298, 36.55629369405807], [-118.23434955952062, 36.556291778067155], [-118.23435430972197, 36.556590391292275], [-118.23416924076257, 36.55659230730392], [-118.2341834896509, 36.55748814694836], [-118.23399841853863, 36.55749006273507], [-118.23400316759614, 36.557788675939584], [-118.23363539773871, 36.55794181331011], [-118.23364251937308, 36.55838973313835], [-118.23327237275527, 36.558393562825934], [-118.23310153675409, 36.559291316977216], [-118.2321761591388, 36.55930088504533], [-118.23217853030926, 36.55945019170659], [-118.2319934543779, 36.559452104468996], [-118.2319981960593, 36.559750717800554], [-118.2318131193986, 36.55975263029648], [-118.23200767963158, 36.56034794441716], [-118.2318226015471, 36.56034985695449], [-118.23182734272604, 36.5606484702602], [-118.23164226391218, 36.56065038253103], [-118.231647004449, 36.56094899584193], [-118.23146192490579, 36.56095090784624], [-118.23146429484443, 36.56110021450623], [-118.23109413499368, 36.561104037673935], [-118.23110124277846, 36.56155195769268], [-118.23091616175903, 36.56155386887674], [-118.23091379283595, 36.56140456219736], [-118.23072871215506, 36.56140647308387], [-118.23073108072214, 36.5615557797736], [-118.23036091859605, 36.561559600705664], [-118.23036328646863, 36.56170890741218], [-118.22999075640024, 36.56156342048886], [-118.2299954907389, 36.561862033939384], [-118.22962532704949, 36.56186585261505], [-118.22944497745111, 36.56216637501907], [-118.22925989485086, 36.56216828365952], [-118.2292575290619, 36.56201897690262], [-118.22888972959814, 36.56217210007875], [-118.22889919008026, 36.56276932715017], [-118.22852902190996, 36.56277314250313], [-118.22853375083149, 36.56307175605688], [-118.22834866600823, 36.563073663323145], [-118.22835103013911, 36.56322297010452], [-118.22706015672688, 36.563534926693734], [-118.22706724185205, 36.56398284720797], [-118.22762722868308, 36.564275743988546], [-118.22762959152911, 36.56442505078016], [-118.2274445034147, 36.564426956703116], [-118.22726886399273, 36.56502608954905], [-118.22653558803763, 36.56548162987506], [-118.22652850559516, 36.5650337093844], [-118.22634341595233, 36.56503561362511], [-118.22633633473437, 36.56458769306861], [-118.22615124614225, 36.56458959699115], [-118.22633161400931, 36.564289079344896], [-118.22614652612924, 36.56429098324681], [-118.22614180618571, 36.56399236948696], [-118.22595671900032, 36.563994273081036], [-118.22612528693071, 36.5629472212053], [-118.22594020223738, 36.56294912472725], [-118.22593312388527, 36.56250120394601], [-118.22574804024258, 36.56250310714983], [-118.22555352187075, 36.56190778222139], [-118.22592368632564, 36.5619039761834], [-118.22592132697916, 36.561754669233046], [-118.22610640882455, 36.56175276579352], [-118.22609697018842, 36.56115553799455], [-118.22646713097932, 36.5611517303363], [-118.22646005004883, 36.56070380950815], [-118.2268302086344, 36.5607000007629], [-118.22682784764706, 36.56055069383306], [-118.22701292655783, 36.56054878903992], [-118.22718855882806, 36.55994965628388], [-118.22755871371503, 36.559945845344096], [-118.227553989084, 36.55964723152423], [-118.22792414247762, 36.55964341947692], [-118.2279194164924, 36.55934480568281], [-118.22828956839265, 36.559340992527986], [-118.22829193208842, 36.55949029940634], [-118.2284770083684, 36.55948839238783], [-118.22847464431669, 36.55933908551978], [-118.22884479611251, 36.55933527064182], [-118.22884243136635, 36.55918596379054], [-118.22939765786171, 36.559180239350624], [-118.22957800103774, 36.55887971699808]], [[-118.22884716087611, 36.5594845774892], [-118.22866208463097, 36.559486485082104], [-118.2286668134985, 36.559785098785895], [-118.22885189045556, 36.55978319117233], [-118.22886371470881, 36.56052972531227], [-118.22923387213015, 36.560525909120265], [-118.2292220443174, 36.559779375083615], [-118.22903696739517, 36.55978128327157], [-118.22902987198434, 36.55933336277204], [-118.22884479611251, 36.55933527064182], [-118.22884716087611, 36.5594845774892]], [[-118.22943078084269, 36.56127053448147], [-118.22924570037831, 36.56127244305994], [-118.2292480660802, 36.56142174983623], [-118.22943314690053, 36.561419841247435], [-118.22943078084269, 36.56127053448147]], [[-118.22756816318577, 36.56054307293729], [-118.22738308432717, 36.56054497859204], [-118.22738544638239, 36.560694285490946], [-118.22757052559695, 36.56069237982588], [-118.22756816318577, 36.56054307293729]], [[-118.23234226311418, 36.55810451865922], [-118.23215719040358, 36.55810643161561], [-118.2321595614344, 36.558255738307906], [-118.23234463450089, 36.558253825341154], [-118.23234226311418, 36.55810451865922]], [[-118.23177045318582, 36.55706510956725], [-118.23158538291419, 36.55706702158967], [-118.23158775275512, 36.55721632834017], [-118.23177282338264, 36.5572144163074], [-118.23177045318582, 36.55706510956725]]], [[[-118.24097624743811, 36.57712930227596], [-118.24097146818367, 36.57683069082946], [-118.24133931139251, 36.57667752987266], [-118.24133453081873, 36.57637891844457], [-118.2417023711601, 36.57622575641014], [-118.241697589267, 36.57592714500051], [-118.24206781837357, 36.57592328757822], [-118.24206303512601, 36.575624676194806], [-118.24243087042748, 36.57547151198819], [-118.24224097313254, 36.575174830000584], [-118.24260880595813, 36.575021665280715], [-118.2426064133626, 36.57487235959898], [-118.2429766373061, 36.574868499449316], [-118.24296706425046, 36.574271276767114], [-118.24315217477101, 36.574269346303055], [-118.24314978119494, 36.57412004063323], [-118.24333489134168, 36.57411810989229], [-118.2433301035301, 36.57381949856192], [-118.24351521294682, 36.57381756755452], [-118.24351281871128, 36.573668261893964], [-118.24332770965073, 36.57367019289091], [-118.24331813430952, 36.57307297016804], [-118.24368595506, 36.57291980230089], [-118.24367877165504, 36.57247188526903], [-118.24386387783099, 36.57246995378104], [-118.24385908827018, 36.57217134242795], [-118.24404419371616, 36.572169410673546], [-118.24403221834196, 36.57142288227517], [-118.24421732198957, 36.57142095028572], [-118.24421253125104, 36.571122338920105], [-118.24439763416876, 36.571120406664264], [-118.24439523846982, 36.57097110098607], [-118.24458034101374, 36.57096916845339], [-118.24457075696984, 36.57037194574368], [-118.24493856247665, 36.570218774233844], [-118.24511407522255, 36.56961961822973], [-118.24584727712846, 36.56916396524346], [-118.24584487881, 36.56901465959853], [-118.24621747336951, 36.56916009554518], [-118.24621027633053, 36.56871217866153], [-118.24639537335628, 36.56871024341288], [-118.24657567100232, 36.56840969664365], [-118.24713095978403, 36.568403888374995], [-118.24731125386923, 36.56810334054591], [-118.24768144484229, 36.56809946639778], [-118.24768384661564, 36.56824877196124], [-118.24786894243175, 36.56824683444576], [-118.24786413819056, 36.567948223335925], [-118.2482319255392, 36.56779504194534], [-118.24822952275069, 36.567645736401694], [-118.24859971141045, 36.56764185944374], [-118.24859490446221, 36.567343248386756], [-118.24877999805341, 36.567341309497856], [-118.24877519046382, 36.56704269844633], [-118.24896028332519, 36.56704075929115], [-118.2489578792009, 36.566891453770054], [-118.24877278669557, 36.566893392914736], [-118.24876797921219, 36.56659478183991], [-118.24913575835363, 36.56644159778301], [-118.24913094955222, 36.56614298672687], [-118.24950113091383, 36.566139107106174], [-118.24949872582759, 36.56598980159327], [-118.24986890640629, 36.565985920844554], [-118.24986650062567, 36.56583661534878], [-118.25060686014633, 36.56582885044631], [-118.2506044529593, 36.565679544988676], [-118.25097222401982, 36.56552635539446], [-118.2509674083102, 36.5652277445018], [-118.25078231991621, 36.56522968669075], [-118.25077028273247, 36.5644831593386], [-118.25114045594256, 36.56447927477858], [-118.25113804784696, 36.56432996931752], [-118.25187598312837, 36.56417289136981], [-118.2518735736442, 36.56402358594305], [-118.25261391529565, 36.56401580890662], [-118.25261150440518, 36.56386650351808], [-118.2529816744124, 36.56386261329751], [-118.25298408601486, 36.564011918665], [-118.25316917134786, 36.56400997311334], [-118.2533494320519, 36.563709416577694], [-118.25353451663737, 36.56370747047265], [-118.25353692929008, 36.56385677581243], [-118.25372201421378, 36.56385482940961], [-118.25371960120506, 36.56370552408036], [-118.25408977028718, 36.56370163043409], [-118.25409218400789, 36.56385093574227], [-118.25446235373091, 36.56384704092599], [-118.25446476818139, 36.5639963462092], [-118.25464985337224, 36.56399439835967], [-118.25483010823811, 36.56369383969481], [-118.25538536151464, 36.563687993624434], [-118.25538294531971, 36.563538688386195], [-118.25630594735433, 36.56337963405439], [-118.25630352941502, 36.56323032886116], [-118.25648861264798, 36.563228378192115], [-118.2564837761108, 36.56292976781508], [-118.25703902356696, 36.56292391414796], [-118.25704386224007, 36.56322252446161], [-118.25741644862099, 36.56336792566835], [-118.2575966912584, 36.5630673630229], [-118.25778177401071, 36.563065410353865], [-118.25777451180942, 36.56261749499269], [-118.25814225371455, 36.56246428374934], [-118.2581398323223, 36.56231497863844], [-118.25850999414234, 36.56231107139554], [-118.25850514998741, 36.56201246120438], [-118.2588728875496, 36.561859247774684], [-118.25887046480479, 36.561709942690534], [-118.25924062363443, 36.56170603323458], [-118.25923577677447, 36.561407423096966], [-118.25942085545061, 36.561405467959325], [-118.25941600795015, 36.56110685782735], [-118.25960108589652, 36.56110490242368], [-118.25959623775552, 36.56080629229731], [-118.25978131497216, 36.56080433662761], [-118.25977889057249, 36.560655031569176], [-118.25996396741533, 36.56065307562288], [-118.25996154267756, 36.56050377057116], [-118.26070184844664, 36.56049594395636], [-118.26069942230296, 36.56034663894311], [-118.26106957436846, 36.560342723933736], [-118.26106714753078, 36.5601934189378], [-118.2612522231808, 36.56019146101292], [-118.26142758879345, 36.55959228286301], [-118.26179530898467, 36.559439060689144], [-118.26179045269423, 36.55914045073153], [-118.26216059885047, 36.55913653244554], [-118.26215817002021, 36.55898722748212], [-118.2623432427156, 36.558985267918956], [-118.26232866797429, 36.558089438120454], [-118.26251373851636, 36.55808747833376], [-118.26250159161091, 36.55734095344784], [-118.2623165228483, 36.55734291318148], [-118.26231409387672, 36.55719360818202], [-118.2626818010069, 36.55704038346667], [-118.26267208252408, 36.55644316349932], [-118.26230194928722, 36.556447083126464], [-118.26229952042297, 36.55629777810369], [-118.2628547191838, 36.55629189826408], [-118.26285228926984, 36.55614259326924], [-118.26359012129087, 36.555985444549194], [-118.26358525870553, 36.55568683462502], [-118.26395295615575, 36.555533606137296], [-118.26394322842468, 36.5549363863117], [-118.26412829133245, 36.55493442416356], [-118.26430362393106, 36.55433524192552], [-118.26448868537967, 36.55433327924561], [-118.26448381962985, 36.55403466934215], [-118.26485150749033, 36.55388143822714], [-118.2648417734307, 36.55328421844303], [-118.26502683233485, 36.55328225497614], [-118.26502196470089, 36.55298364508203], [-118.26520702287552, 36.55298168134929], [-118.26520215460162, 36.552683071460876], [-118.26538721204672, 36.552681107462284], [-118.26537990870291, 36.55223319263242], [-118.2651948523252, 36.55223515659912], [-118.26518998423052, 36.551936546671854], [-118.26537503989665, 36.551934582726425], [-118.2653726055204, 36.55178527776759], [-118.26611282658249, 36.55177741915735], [-118.26629300954664, 36.55147684396407], [-118.26666311851112, 36.551472912404705], [-118.26667042905753, 36.55192082706946], [-118.2668554845802, 36.55191886082721], [-118.26685304735767, 36.55176955595349], [-118.26851854305191, 36.55175184694941], [-118.26851610264531, 36.55160254216765], [-118.26870115727688, 36.55160057307569], [-118.26870359803927, 36.55174987784679], [-118.26888865300864, 36.55174790845707], [-118.26888621189046, 36.55159860369664], [-118.26981148468882, 36.55158875249486], [-118.26981392758587, 36.551738057201966], [-118.26999898244738, 36.55173608608965], [-118.26999653919454, 36.55158678139321], [-118.27018159368227, 36.551584810004464], [-118.27018403729089, 36.55173411469023], [-118.27055170260378, 36.551580866365676], [-118.27055414692397, 36.551730171030094], [-118.2707392017135, 36.551728198769375], [-118.27073675703754, 36.551578894115636], [-118.2716620289363, 36.55156902855899], [-118.27165958249945, 36.55141972395478], [-118.2725848521691, 36.55140985127414], [-118.27258730038484, 36.5515591558249], [-118.2729574088381, 36.5515552047216], [-118.27295495991082, 36.55140590019223], [-118.27332506758042, 36.55140194796192], [-118.27332261795962, 36.55125264345005], [-118.27369272484553, 36.55124869009277], [-118.27369027453122, 36.551099385598405], [-118.27406038063343, 36.55109543111416], [-118.27405792962566, 36.550946126637335], [-118.27424298229393, 36.55094414897528], [-118.27424788503907, 36.55124275790366], [-118.27406283165928, 36.551244735587126], [-118.27407263594307, 36.55184195344004], [-118.27388758112212, 36.55184393087923], [-118.2738900318824, 36.55199323534345], [-118.27481530758561, 36.55198334522297], [-118.27481285504645, 36.5518340408123], [-118.2751829644898, 36.55183008277583], [-118.27518051125712, 36.551680778382696], [-118.2761057827705, 36.55167087832092], [-118.27610823778205, 36.55182018266045], [-118.27629329238633, 36.551818201776086], [-118.27629083701895, 36.551668897447264], [-118.27666094546166, 36.55166493483868], [-118.27665848940084, 36.551515630527426], [-118.27702859705968, 36.55151166679191], [-118.27703596743105, 36.551959579649655], [-118.27685091254335, 36.55196156169314], [-118.2768533690142, 36.552110865982], [-118.27703842425768, 36.55210888392778], [-118.27704579484613, 36.55255679673885], [-118.27667813839376, 36.552710064908595], [-118.27668059459926, 36.55285936918874], [-118.2761254233692, 36.55286531292837], [-118.27612787852536, 36.55301461723679], [-118.27594282105673, 36.55301659791984], [-118.27594036625636, 36.55286729360069], [-118.27557025197648, 36.55287125408401], [-118.27557516017211, 36.55316986276131], [-118.27520504439674, 36.55317382213906], [-118.27520749781004, 36.55332312649331], [-118.27446726461937, 36.55333104184632], [-118.27446971662752, 36.553480346239525], [-118.27372948172481, 36.553488257041515], [-118.27372703113993, 36.55333895260549], [-118.27354197272491, 36.553340929577494], [-118.27337651378323, 36.55453734181296], [-118.27356157506279, 36.55453536504246], [-118.27356892623712, 36.55498327827766], [-118.27375398856614, 36.55498130118794], [-118.2737564393495, 36.55513060558118], [-118.27357137666466, 36.555132582681615], [-118.27357382711023, 36.555281887081684], [-118.27375889015092, 36.55527990997056], [-118.27377114442861, 36.556026431859024], [-118.27395620923049, 36.556024454407236], [-118.2739635630812, 36.55647236746155], [-118.2741486289326, 36.55647038969051], [-118.27415353230171, 36.55676899835252], [-118.27396846573856, 36.55677097614499], [-118.2739807226978, 36.55751749778551], [-118.27379565433726, 36.557519475344336], [-118.27379320326519, 36.55737017101332], [-118.2734230672017, 36.55737412524811], [-118.27323309918815, 36.55707749319683], [-118.27286296443994, 36.557081445665894], [-118.27286051520137, 36.5569321412697], [-118.2726754481561, 36.55693411706281], [-118.2726729992914, 36.55678481265202], [-118.2723004177236, 36.55663945891933], [-118.27229307342701, 36.556191545587836], [-118.27210800810697, 36.556193520466024], [-118.2721055604, 36.55604421600372], [-118.27117778939916, 36.55590478151448], [-118.2711753435075, 36.55575547699097], [-118.27080521476837, 36.5557594229504], [-118.2708027696064, 36.555610118401646], [-118.2702475774303, 36.55561603515519], [-118.26987011918268, 36.55517206439215], [-118.26894236215557, 36.55503261220287], [-118.26893992064201, 36.55488330752797], [-118.2680146082555, 36.554893152724695], [-118.26801216853904, 36.55474384799262], [-118.26782710636368, 36.55474581615991], [-118.2678295457243, 36.55489512090264], [-118.267459420608, 36.55489905639714], [-118.26746185927489, 36.5550483611573], [-118.26709173337512, 36.55505229552457], [-118.26709660933936, 36.55535090507579], [-118.26672648194445, 36.555354838337095], [-118.26672891924179, 36.55550414312817], [-118.26598866281323, 36.555512006247696], [-118.26617859946069, 36.55580865053287], [-118.26562827531967, 36.55611315546538], [-118.26563071057159, 36.55626246030087], [-118.26655360310696, 36.556103328506765], [-118.26673379389032, 36.55580275269867], [-118.2672841113748, 36.555498242773574], [-118.2672816730099, 36.55534893801443], [-118.2674667366625, 36.55534697066594], [-118.26747405287857, 36.55579488489974], [-118.26728898815843, 36.55579685228018], [-118.26729386501388, 36.556095461771235], [-118.26710879956408, 36.556097428885835], [-118.26692860960011, 36.5563980052314], [-118.26655847718732, 36.55640193806745], [-118.26656091425443, 36.55655124284196], [-118.26637584766524, 36.55655320883991], [-118.26638559468954, 36.55715042794164], [-118.26583526202842, 36.557454933931616], [-118.2658450052126, 36.55805215306771], [-118.26603007541439, 36.55805018782485], [-118.26603251161116, 36.55819949258853], [-118.26584744105348, 36.55820145784203], [-118.26584987691228, 36.55835076261245], [-118.2654797350313, 36.558354692279224], [-118.26548217019626, 36.558503997067035], [-118.26511202753179, 36.55850792560639], [-118.26512420006634, 36.55925444959346], [-118.26530927318707, 36.5592524854142], [-118.26531414303821, 36.55955109496055], [-118.26549921685287, 36.55954913047284], [-118.26550165216123, 36.55969843522954], [-118.26531657799065, 36.55970039972789], [-118.26532144794935, 36.55999900925091], [-118.26495373242507, 36.5601522422055], [-118.26514367705366, 36.560448887770605], [-118.26495860106756, 36.56045085174772], [-118.2649610354157, 36.560600156513004], [-118.26403565343684, 36.56060997214385], [-118.2640380860232, 36.56075927695839], [-118.26366793239441, 36.56076320122161], [-118.26367036428677, 36.560912506053505], [-118.26348528708958, 36.560914467764945], [-118.26367522812524, 36.561211115705596], [-118.26349015021613, 36.561213077438275], [-118.26349501341431, 36.56151168709607], [-118.2633099347754, 36.56151364856277], [-118.26331236604537, 36.56166295339645], [-118.26257204988694, 36.56167079643371], [-118.262574479751, 36.561820101305955], [-118.26183659034056, 36.56197724470114], [-118.26183901881652, 36.562126549608045], [-118.26165393859277, 36.56212850853233], [-118.26165879488637, 36.56242711835569], [-118.26147371393279, 36.56242907701396], [-118.26147614175044, 36.56257838193041], [-118.26110597907773, 36.562582298406525], [-118.26111083334271, 36.56288090827017], [-118.26092575126759, 36.5628828660986], [-118.2609306048921, 36.56318147596789], [-118.26074552208715, 36.563183433530284], [-118.26075037507113, 36.56348204340522], [-118.26056529153632, 36.563484000701585], [-118.26057014387978, 36.56378261058216], [-118.26075522812658, 36.5637806532646], [-118.26075765468109, 36.56392995818846], [-118.26057257007831, 36.56393191551662], [-118.2603923371963, 36.56423248243598], [-118.25983708109118, 36.56423835189891], [-118.25983950591926, 36.56438765686407], [-118.25947175851516, 36.5645408734068], [-118.25928182482541, 36.56424421877673], [-118.25946691026517, 36.564242263438025], [-118.25946206208657, 36.563943653453705], [-118.25982980671404, 36.563790436980106], [-118.25982495721856, 36.56349182701482], [-118.25963987359448, 36.56349378287505], [-118.2596374492295, 36.56334447787598], [-118.25908219931814, 36.5633503437016], [-118.25908946926269, 36.563798258782406], [-118.25872172306848, 36.563951473000486], [-118.25872656839904, 36.56425008306947], [-118.25854148288789, 36.56425203725924], [-118.25854632757779, 36.56455064733382], [-118.25817857673766, 36.56470385994658], [-118.25818584182363, 36.56515177508111], [-118.25800075412293, 36.56515372847262], [-118.25800317549788, 36.565303033520266], [-118.25763299933094, 36.56530693946269], [-118.25763057866803, 36.56515763439391], [-118.25781566640438, 36.56515568157689], [-118.25780598250687, 36.56455846130516], [-118.25799106880135, 36.56455650824318], [-118.25798380499734, 36.564108593030305], [-118.25835397539673, 36.564104686108074], [-118.25834913152586, 36.56380607598902], [-118.25853421598681, 36.56380412211822], [-118.25853179372211, 36.56365481706343], [-118.25760637301904, 36.56366458349233], [-118.25760879350375, 36.56381388859998], [-118.25687087427504, 36.56397100176128], [-118.25687329337136, 36.56412030690342], [-118.25613295193115, 36.564128110407495], [-118.2559527012126, 36.56442867094364], [-118.25558252892607, 36.564432570440026], [-118.25558494558373, 36.564581875644386], [-118.25539985905776, 36.564583824972274], [-118.25540227537722, 36.564733130183335], [-118.25484701462453, 36.56473897647521], [-118.25484942989372, 36.56488828171402], [-118.25447925525765, 36.56489217782683], [-118.25448408442527, 36.565190788334945], [-118.25374614527801, 36.56534788248837], [-118.25374855848216, 36.56549718777489], [-118.25356346964227, 36.565499134293596], [-118.25356829539176, 36.565797744876036], [-118.25338320582206, 36.56579969112857], [-118.25338803093052, 36.56609830171653], [-118.25320294063097, 36.56610024770288], [-118.25320776509841, 36.56639885829637], [-118.25283999457011, 36.5665520547614], [-118.25284240613614, 36.5667013600695], [-118.25247222256432, 36.566705250115625], [-118.252474633436, 36.56685455544089], [-118.25228954126742, 36.56685650004359], [-118.25248427710015, 36.5674517767031], [-118.25211650014504, 36.56760497103232], [-118.25211891041106, 36.56775427635534], [-118.2515636273365, 36.56776010776743], [-118.25120307265139, 36.568361215402696], [-118.25064778503787, 36.56836704263185], [-118.25065260006775, 36.56866565340339], [-118.25083769666882, 36.56866371125994], [-118.25084010456645, 36.56881301662938], [-118.25065500760928, 36.56881495878336], [-118.25065982274549, 36.5691135695316], [-118.25028962735362, 36.569117453019736], [-118.25028481364177, 36.568818842229454], [-118.24991461960339, 36.56882272452642], [-118.24991943189086, 36.569121335358716], [-118.24973433413291, 36.56912327609728], [-118.24973673994711, 36.56927258151813], [-118.24899875172133, 36.569429647100435], [-118.24900115614655, 36.56957895255551], [-118.24937135392305, 36.56957507302641], [-118.24956126382492, 36.5698717436664], [-118.24993146291956, 36.56986786237153], [-118.24993627545504, 36.57016647314947], [-118.24975117520435, 36.570168413961554], [-118.24975358114254, 36.5703177193552], [-118.24938337987578, 36.57032160013849], [-118.24938578511944, 36.570470905549264], [-118.24901558306964, 36.57047478520435], [-118.24901798761877, 36.570624090632215], [-118.24864778478587, 36.57062796915909], [-118.24865018864045, 36.570777274604076], [-118.24772708155959, 36.570936271439436], [-118.24773188579594, 36.5712348824149], [-118.24718137904527, 36.5715393048895], [-118.24700587845207, 36.5721384635274], [-118.24682077328853, 36.57214039987894], [-118.24682557424632, 36.57243901089709], [-118.24664046835278, 36.57244094698226], [-118.24664526866893, 36.572739558005836], [-118.24646016204541, 36.572741493824644], [-118.24628945250277, 36.57363926245934], [-118.24592163375927, 36.57379243831055], [-118.24593122939943, 36.57438966036993], [-118.24574611878732, 36.574391595154616], [-118.24575331463431, 36.574839511689795], [-118.24556820293596, 36.57484144621854], [-118.2453950810894, 36.575589908045586], [-118.24502725135675, 36.575743081297404], [-118.24484693141989, 36.576043625801645], [-118.24392375329198, 36.576202594384036], [-118.24392854380497, 36.576501205527435], [-118.24374342801178, 36.576503137297685], [-118.2437458229385, 36.57665244287401], [-118.24300775168395, 36.57680947273741], [-118.24301014522099, 36.57695877834776], [-118.24208216853886, 36.57681912163526], [-118.2420845602947, 36.57696842729784], [-118.2417143262009, 36.57697228486627], [-118.2417167172619, 36.577121590545836], [-118.24097624743811, 36.57712930227596]], [[-118.24282263509016, 36.57681140309172], [-118.24282024192699, 36.57666209746702], [-118.24263512567181, 36.57666402752353], [-118.24263751847874, 36.576813333158654], [-118.24282263509016, 36.57681140309172]], [[-118.24317611150072, 36.57576240278758], [-118.24299099741815, 36.57576433335613], [-118.24299339083183, 36.575913638993676], [-118.24317850527062, 36.57591170841468], [-118.24318329286328, 36.57621031965722], [-118.24336840799691, 36.576208388769984], [-118.2433564373663, 36.57546186068674], [-118.24298621064364, 36.57546572206939], [-118.24317611150072, 36.57576240278758]], [[-118.24407293641295, 36.57396107843361], [-118.24425804611533, 36.5739591462664], [-118.24425325477716, 36.5736605350328], [-118.24406814578714, 36.57366246717909], [-118.24407293641295, 36.57396107843361]], [[-118.2440657505007, 36.57351316154602], [-118.24388064184922, 36.573515093394526], [-118.24388303677948, 36.57366439903806], [-118.24406814578714, 36.57366246717909], [-118.2440657505007, 36.57351316154602]], [[-118.24899394292402, 36.56913103617865], [-118.24899634731382, 36.569280341641495], [-118.2491814454987, 36.56927840204159], [-118.2491790407528, 36.56912909658924], [-118.24899394292402, 36.56913103617865]], [[-118.24936413856386, 36.56912715671254], [-118.24936173347956, 36.56897785126683], [-118.24917663602457, 36.568979791133025], [-118.2491790407528, 36.56912909658924], [-118.24936413856386, 36.56912715671254]], [[-118.24860932551925, 36.568239081511095], [-118.2484242297739, 36.56824102017568], [-118.24842663298926, 36.56839032569329], [-118.24861172909068, 36.568388387018224], [-118.24860932551925, 36.568239081511095]], [[-118.25155639979627, 36.56731219169207], [-118.25137130647079, 36.56731413489], [-118.25137371527705, 36.567463440262856], [-118.25155880895859, 36.5674614970544], [-118.25155639979627, 36.56731219169207]], [[-118.2594475179791, 36.56304782340746], [-118.25944509402365, 36.56289851838615], [-118.25926001178784, 36.56290047362961], [-118.2592648590046, 36.56319908368951], [-118.25963502488234, 36.563195172873044], [-118.25963260055306, 36.563045867866194], [-118.2594475179791, 36.56304782340746]], [[-118.25963017624164, 36.56289656285548], [-118.25962775194806, 36.56274725784086], [-118.25944267008606, 36.56274921336096], [-118.25944509402365, 36.56289851838615], [-118.25963017624164, 36.56289656285548]], [[-118.2594402461663, 36.56259990833187], [-118.25925516464244, 36.56260186355416], [-118.25925758820622, 36.562751168593834], [-118.25944267008606, 36.56274921336096], [-118.2594402461663, 36.56259990833187]], [[-118.25961805495218, 36.56215003774356], [-118.25924789405815, 36.562153948411854], [-118.25925274109649, 36.56245255851062], [-118.25962290341442, 36.56244864779998], [-118.25961805495218, 36.56215003774356]], [[-118.26544564460447, 36.55626442484179], [-118.26489044659557, 36.55627031674167], [-118.26489531430624, 36.55656892648602], [-118.26434011400089, 36.556574815865304], [-118.26434254681548, 36.55672412076354], [-118.26545294940013, 36.55671233935681], [-118.26545051445031, 36.55656303452235], [-118.26563558112916, 36.556561069960175], [-118.26544564460447, 36.55626442484179]], [[-118.26615667371529, 36.55446490705588], [-118.26615423761103, 36.55431560220567], [-118.26578411501842, 36.55431953244667], [-118.26578898582156, 36.55461814218575], [-118.26615667371529, 36.55446490705588]], [[-118.26633929888041, 36.55431363665448], [-118.26633686243828, 36.554164331811016], [-118.26615180152469, 36.55416629735156], [-118.26615423761103, 36.55431560220567], [-118.26633929888041, 36.55431363665448]], [[-118.27556043580205, 36.55227403668275], [-118.27556288981854, 36.552423341038896], [-118.27574794590014, 36.55242136097296], [-118.27574549152784, 36.552272056627515], [-118.27556043580205, 36.55227403668275]], [[-118.27630065859684, 36.55226611473921], [-118.27611069281174, 36.55196948699611], [-118.27574303717361, 36.5521227522782], [-118.27574549152784, 36.552272056627515], [-118.27630065859684, 36.55226611473921]], [[-118.26648293700597, 36.55177348812961], [-118.2662978818032, 36.55177545378703], [-118.26630031795837, 36.55192475869268], [-118.26648537351693, 36.551922793024616], [-118.26648293700597, 36.55177348812961]]], [[[-118.27203164767087, 36.57411397917004], [-118.27202919851285, 36.57396467515304], [-118.2701781203043, 36.573984415109486], [-118.2701732291657, 36.57368580685012], [-118.27276472818026, 36.573658163165064], [-118.2727671787269, 36.573807467147084], [-118.27313739329567, 36.573803513430576], [-118.2731349420367, 36.57365420946997], [-118.27332004893786, 36.57365223219143], [-118.27332250055298, 36.57380153614135], [-118.27350760779224, 36.57379955856477], [-118.27332740383737, 36.57410014402951], [-118.27295718788001, 36.57410409836346], [-118.27295963883692, 36.57425340232312], [-118.27258942209502, 36.57425735552915], [-118.27259187235767, 36.574406659506295], [-118.27203164767087, 36.57411397917004]]], [[[-118.26354828433007, 36.57614550378856], [-118.26335830549363, 36.57584885707019], [-118.26298807975854, 36.5758527806057], [-118.26298321597163, 36.57555417160929], [-118.262427879372, 36.57556005469372], [-118.26223790627063, 36.57526340605032], [-118.26205279472947, 36.57526536619519], [-118.26204793464773, 36.57496675706158], [-118.2616777129365, 36.57497067644686], [-118.26167528363487, 36.57482137185303], [-118.26186039414321, 36.57481941231466], [-118.2618555348812, 36.5745208031365], [-118.26092998572246, 36.57453059784888], [-118.26092513009381, 36.57423198854916], [-118.26185067569074, 36.5742221939428], [-118.2620406446593, 36.57451884333201], [-118.26222575441952, 36.57451688324018], [-118.26222089380431, 36.5742182740889], [-118.26240600283428, 36.57421631373094], [-118.26240357219734, 36.574067009160096], [-118.2625886808532, 36.57406504852541], [-118.26259111184633, 36.57421435308565], [-118.26296132981675, 36.57421043093307], [-118.2629637615401, 36.57435973546819], [-118.26314887085465, 36.57435777395029], [-118.26315373506748, 36.57465638298765], [-118.26389660855403, 36.57479783842804], [-118.26389904212998, 36.574947142894516], [-118.26371393146233, 36.574949105604276], [-118.26372123122906, 36.575397019012264], [-118.26409388868741, 36.57554239768199], [-118.26428386951778, 36.57583904320276], [-118.26465409500203, 36.575835115644324], [-118.26466140043438, 36.576283028822964], [-118.26484651421823, 36.57628106458082], [-118.26503649978693, 36.57657770877511], [-118.26429604176592, 36.576585565254], [-118.26429117281289, 36.576286956445166], [-118.26410605897527, 36.57628891982524], [-118.26410362488184, 36.57613961540436], [-118.26354828433007, 36.57614550378856]], [[-118.26334614259859, 36.575102334656215], [-118.26316103152101, 36.57510429651455], [-118.26316346370801, 36.57525360101574], [-118.26334857514176, 36.575251639146785], [-118.26334614259859, 36.575102334656215]]], [[[-118.24023100092833, 36.57683839787817], [-118.24022861275247, 36.57668909210738], [-118.24041372923644, 36.57668716578668], [-118.24023816556148, 36.57728631516724], [-118.23986792969085, 36.5772901670299], [-118.23986315467614, 36.576991555466044], [-118.24023100092833, 36.57683839787817]]], [[[-118.23893995397178, 36.577150485825385], [-118.23893756825443, 36.57700117998944], [-118.23949292016017, 36.57699540613752], [-118.23949769374991, 36.57729401774306], [-118.23968281172917, 36.577292092530165], [-118.23968519890663, 36.577441398316694], [-118.23912984384741, 36.57744717312448], [-118.23894949701682, 36.5777477091304], [-118.23857925876271, 36.57775155703225], [-118.23857448863005, 36.57745294534587], [-118.2387596070534, 36.577451021559455], [-118.23875483627849, 36.57715240987836], [-118.23893995397178, 36.577150485825385]]]]}}, {"type": "Feature", "properties": {"index": 4, "distance_m": 1400.0, "distance_mi": 0.8699218313097296, "elevation_m": 3965.796875, "lon": -118.28775336742316, "lat": 36.573508945514455}, "geometry": {"type": "MultiPolygon", "coordinates": [[[[-118.2765127289947, 36.55390648064958], [-118.27669778854397, 36.55390449904085], [-118.27670024489412, 36.55405380328987], [-118.27651518498905, 36.554055784909345], [-118.2765127289947, 36.55390648064958]]], [[[-118.27651764100145, 36.55420508916521], [-118.27614752042547, 36.55420905156422], [-118.27614506512468, 36.55405974728691], [-118.27651518498905, 36.554055784909345], [-118.27651764100145, 36.55420508916521]]], [[[-118.27577739977714, 36.55421301281475], [-118.275774945188, 36.55406370851598], [-118.27596000516537, 36.554061728045006], [-118.27596246011035, 36.55421103233305], [-118.27577739977714, 36.55421301281475]]], [[[-118.27784748339234, 36.5562814698463], [-118.27821515413791, 36.55612819787358], [-118.27839529926791, 36.55582760531984], [-118.27876542723799, 36.55582363579353], [-118.2787629667565, 36.555674331709284], [-118.27894803035853, 36.55567234652615], [-118.27894310873822, 36.555373738367486], [-118.27801779410541, 36.55538366130427], [-118.27801533510163, 36.555234357165375], [-118.27783027247658, 36.55523634088059], [-118.27783273112453, 36.55538564503022], [-118.27746260510848, 36.555389611620726], [-118.27746506306283, 36.555538915787935], [-118.27672480939025, 36.555546845566255], [-118.27634731504173, 36.555102896026156], [-118.27671743985152, 36.55509893292417], [-118.27671989634634, 36.555248237142095], [-118.27690495907994, 36.555246255149676], [-118.27690250222926, 36.555096950942485], [-118.27727262693055, 36.55509298611771], [-118.27727016938631, 36.554943681928115], [-118.27764029330353, 36.554939715976275], [-118.27763783506572, 36.55479041180424], [-118.2780079581989, 36.55478644472536], [-118.27800549926752, 36.55463714057092], [-118.27856068276402, 36.55463118783136], [-118.27856314276288, 36.55478049195359], [-118.27893326571498, 36.55477652200343], [-118.27912324935092, 36.55507314476598], [-118.27930831149335, 36.55507115905158], [-118.27930585003494, 36.55492185498013], [-118.27967597355375, 36.55491788271144], [-118.27967843572382, 36.5550671867614], [-118.28004609700007, 36.55491390929426], [-118.28005102278169, 36.55521251734725], [-118.28023608518932, 36.55521053018646], [-118.28023854846316, 36.555359834196366], [-118.28079373664477, 36.55535387095887], [-118.28080112977766, 36.55580178286843], [-118.28061606600107, 36.55580377093367], [-118.28061853005916, 36.5559530749065], [-118.2802484017399, 36.55595705019708], [-118.2802508651044, 36.55610635418755], [-118.28006580056172, 36.5561083414129], [-118.28007072663345, 36.55640694940366], [-118.27970059607026, 36.55641092303595], [-118.27970305842159, 36.556560227047015], [-118.2784075983885, 36.556574125790185], [-118.27840513852814, 36.5564248217039], [-118.27822007309254, 36.556426806079315], [-118.278222532597, 36.55657611017634], [-118.27785240095973, 36.556580078087215], [-118.27784748339234, 36.5562814698463]]], [[[-118.27823483039099, 36.55732263060315], [-118.27804976280207, 36.557324614755856], [-118.27805222205932, 36.55747391884028], [-118.2774970181163, 36.5574798696077], [-118.27749210175519, 36.55718126137053], [-118.27786223631179, 36.557177294522354], [-118.27785977744662, 36.55702799041941], [-118.27822991121909, 36.557024022444104], [-118.27823483039099, 36.55732263060315]]], [[[-118.27604839457103, 36.55943667996413], [-118.27585841135718, 36.55914005249193], [-118.27641362753307, 36.55913410912388], [-118.27641117127979, 36.55898480498563], [-118.27678377155992, 36.55913014544264], [-118.27678131459484, 36.55898084132584], [-118.27696638622523, 36.55897885906519], [-118.27696147163755, 36.558680250841405], [-118.27677640071897, 36.5586822330806], [-118.27677148691545, 36.55838362481982], [-118.27695655712222, 36.55838164260207], [-118.2769540998917, 36.558232338476564], [-118.27750930933585, 36.558226390132575], [-118.27752651780332, 36.55927151870402], [-118.2773414455154, 36.55927350184766], [-118.27734636167146, 36.559572109997404], [-118.27716128865363, 36.55957409287532], [-118.27716374640288, 36.55972339695509], [-118.27697867301103, 36.559725379556575], [-118.2769762156177, 36.55957607546608], [-118.27604839457103, 36.55943667996413]]], [[[-118.28333784138898, 36.56368900909624], [-118.28315275898504, 36.56369100146576], [-118.28314781974453, 36.56339239420093], [-118.28296273803436, 36.56339438626166], [-118.28295779957853, 36.5630957789597], [-118.28277271856213, 36.563097770711664], [-118.28277024971744, 36.562948467044066], [-118.2820323943148, 36.563105734847376], [-118.28203486175376, 36.5632550385542], [-118.28184978029053, 36.56325702888088], [-118.28185224739165, 36.56340633259456], [-118.28148208369876, 36.5634103124078], [-118.2814845501061, 36.56355961613916], [-118.28111191993324, 36.56341429107217], [-118.28129206977682, 36.56311369438769], [-118.28147715093856, 36.563111704933426], [-118.28164496550158, 36.5620645889845], [-118.28108972949164, 36.56207055712113], [-118.28091451159848, 36.56266976109692], [-118.27869600959907, 36.56284290877714], [-118.27850600765325, 36.562546286052], [-118.2788761676549, 36.56254231555866], [-118.27887124507953, 36.56224370773637], [-118.27813092785142, 36.562251647488246], [-118.27812846801473, 36.56210234352829], [-118.27775831000392, 36.56210631165952], [-118.27775339180873, 36.56180770368498], [-118.27738323514933, 36.561811670624444], [-118.27719324080539, 36.561515045608864], [-118.2768230854612, 36.5615190107822], [-118.27681817097029, 36.5612204026692], [-118.27644801697754, 36.56122436665083], [-118.2764455604711, 36.561075062567035], [-118.27626048380353, 36.56107704411634], [-118.27625557155679, 36.56077843591565], [-118.2768107993696, 36.56077249047056], [-118.27699096024912, 36.560471899950706], [-118.27736111057396, 36.560467934353234], [-118.27754126862418, 36.560167343042146], [-118.27791141741672, 36.560163375764496], [-118.27790649898034, 36.55986476771031], [-118.2780915726376, 36.55986278366219], [-118.27808911309067, 36.55971347963999], [-118.27771896646986, 36.55971744742757], [-118.27771404885395, 36.55941883932856], [-118.27845187897141, 36.55926159867822], [-118.27844695861685, 36.55896299064179], [-118.27881710153369, 36.558959020664226], [-118.27881217982798, 36.558660412655215], [-118.27899725054743, 36.558658427257164], [-118.27898986705706, 36.558210515246714], [-118.27954507590364, 36.558204557426315], [-118.2795376893734, 36.557756645477596], [-118.27990782637849, 36.55775267222604], [-118.27990536352623, 36.557603368256856], [-118.28009043164572, 36.5576013812111], [-118.28026318219904, 36.55685287408149], [-118.28044824850288, 36.55685088651522], [-118.28044578469182, 36.556701582554965], [-118.28063085062166, 36.55669959471229], [-118.28062592234225, 36.556400986801656], [-118.28081098754222, 36.55639899869336], [-118.28080605862365, 36.55610039078867], [-118.28062099413539, 36.556102378875444], [-118.28061853005916, 36.5559530749065], [-118.28098865830587, 36.555949098467345], [-118.28098619353612, 36.55579979451604], [-118.28117125727641, 36.55579780587652], [-118.28117372240203, 36.555947109817055], [-118.28154385053985, 36.55594313165506], [-118.28154631639532, 36.55609243557019], [-118.28339695955334, 36.55607252742416], [-118.28339942898548, 36.55622183122762], [-118.28432475166217, 36.55621186633293], [-118.28432722289175, 36.55636117007856], [-118.2846973525468, 36.556357182089116], [-118.28469982450626, 36.55650648580926], [-118.28562515010462, 36.55649651075665], [-118.28581516341356, 36.556793122183734], [-118.28618776977342, 36.55693843315724], [-118.28619024465262, 36.557087736775415], [-118.28600517820055, 36.55708973326488], [-118.28601012730188, 36.55738834051116], [-118.28675039584773, 36.557380352743934], [-118.28694041567157, 36.557676962206855], [-118.28768068669977, 36.557668968610045], [-118.28805825774643, 36.558112880548705], [-118.28916866992826, 36.5581008778981], [-118.28935870072958, 36.558397483253536], [-118.29065418563184, 36.55838346493358], [-118.29065666923461, 36.55853276825298], [-118.29102680832536, 36.55852876041257], [-118.29102929265815, 36.55867806370639], [-118.291214362532, 36.558676059344585], [-118.29121684723897, 36.55882536262367], [-118.29103177700925, 36.55882736699632], [-118.29048649952684, 36.55943059164223], [-118.29030142780037, 36.559432594909595], [-118.29012132139992, 36.55973320453528], [-118.28993624892509, 36.55973520724997], [-118.28939095660424, 36.560338427088695], [-118.2890208086428, 36.560342430020185], [-118.28902576993538, 36.56064103674901], [-118.288658100439, 36.56079434195532], [-118.28847798459314, 36.561094949218855], [-118.28773768111353, 36.56110294840594], [-118.28774015935043, 36.561252251828634], [-118.28737248433256, 36.56140555316109], [-118.28682716037035, 36.56200876173026], [-118.2860868476915, 36.56201675083795], [-118.28590671906817, 36.56231735440791], [-118.28553656115913, 36.562321346707364], [-118.2855390352705, 36.56247065022866], [-118.28535395593269, 36.56247264595839], [-118.28535890349819, 36.5627712530109], [-118.28572906357942, 36.56276726122103], [-118.28573153810142, 36.56291656471985], [-118.28591661847067, 36.5629145683833], [-118.2859141435927, 36.562765264895276], [-118.28683706674626, 36.56260597552058], [-118.28684449671962, 36.56305388582245], [-118.28665941608553, 36.56305588360586], [-118.28647928741603, 36.563356487993765], [-118.28610912463282, 36.56336048216779], [-118.28611159993962, 36.56350978562943], [-118.28537127273059, 36.56351777057409], [-118.28537374663169, 36.563667074075056], [-118.2864842394718, 36.563655094869915], [-118.28648671552703, 36.56380439830214], [-118.28611655060791, 36.563808392541006], [-118.28612150134913, 36.56410699943704], [-118.28538116844435, 36.56411498455457], [-118.28537869448859, 36.5639656810653], [-118.28500852863887, 36.56396967187914], [-118.28501100188265, 36.56411897539002], [-118.2842706685408, 36.56412695361422], [-118.28427314037884, 36.5642762571644], [-118.28408805664186, 36.56427825101318], [-118.28408558515984, 36.56412894745222], [-118.28371541834335, 36.56413293426653], [-118.28371294759148, 36.563983630680085], [-118.2833427814142, 36.56398761632394], [-118.28333784138898, 36.56368900909624]], [[-118.28461611074921, 36.56262992957663], [-118.28442608699498, 36.56233331671284], [-118.28479377245318, 36.56218002429146], [-118.28479129980205, 36.56203072071918], [-118.28516145643295, 36.56202673076054], [-118.28497143216705, 36.561730118748834], [-118.28460127692354, 36.56173410808987], [-118.28460374918231, 36.561883411680725], [-118.2844186711773, 36.56188540593125], [-118.28441619927447, 36.5617361023296], [-118.28312312463287, 36.56189935764328], [-118.28312559406221, 36.56204866131655], [-118.28275543703108, 36.56205264495675], [-118.28276284329247, 36.56250055601791], [-118.28239268405291, 36.562504538573975], [-118.28239515213112, 36.562653842274806], [-118.28295039203111, 36.562647867977574], [-118.28295533037787, 36.56294647530288], [-118.2835105722501, 36.56294049835608], [-118.28388814640337, 36.56338442308581], [-118.28425583789482, 36.56323113223144], [-118.28424842281747, 36.5627832214875], [-118.28461611074921, 36.56262992957663]], [[-118.28568947370509, 36.560378404710725], [-118.2856771028257, 36.55963188684695], [-118.28604724788465, 36.5596278943621], [-118.28604229823677, 36.559329287232565], [-118.28622737002712, 36.55932729058099], [-118.28603734866176, 36.559030680087474], [-118.28677763286656, 36.55902269184461], [-118.2867751566828, 36.558873388309465], [-118.28714529796403, 36.55886939248665], [-118.2869552743079, 36.558572783481296], [-118.28732293693234, 36.55841948361302], [-118.28731798259354, 36.558120876572595], [-118.28713291375972, 36.558122874860665], [-118.28713539056412, 36.55827217839366], [-118.28639511362299, 36.55828016871761], [-118.28639758902209, 36.558429472289944], [-118.2860274497304, 36.55843346575056], [-118.2860299244359, 36.558582769340624], [-118.28565978435955, 36.55858676167421], [-118.28566968051663, 36.559183976081975], [-118.28529953752023, 36.559187967353324], [-118.28530448428447, 36.55948657457708], [-118.28511941204712, 36.55948856980358], [-118.28513425064129, 36.56038439144622], [-118.28494917625025, 36.56038638645034], [-118.28458644375311, 36.560838286463024], [-118.28495659472533, 36.56083429725154], [-118.28495412188211, 36.560684993655045], [-118.28569442218435, 36.56067701182901], [-118.28587454802327, 36.56037640855787], [-118.28568947370509, 36.560378404710725]], [[-118.2828936062693, 36.55921388261779], [-118.28289607501554, 36.55936318637188], [-118.28308114711525, 36.55936119460225], [-118.28307867801313, 36.55921189085894], [-118.2828936062693, 36.55921388261779]], [[-118.28527480479174, 36.557694931001095], [-118.28527727798266, 36.55784423465383], [-118.28601755109051, 36.55783625135139], [-118.28601507647608, 36.55768694774188], [-118.28564494067034, 36.5576909399458], [-118.28564246678587, 36.55754163631077], [-118.28527480479174, 36.557694931001095]]], [[[-118.29207399675923, 36.565834589946334], [-118.29225908362731, 36.565832583627525], [-118.29226405837618, 36.566131189699504], [-118.29207897079604, 36.566133196040035], [-118.29207399675923, 36.565834589946334]]], [[[-118.2866576073683, 36.5741063257265], [-118.28666008469988, 36.57425562888628], [-118.28591965508764, 36.57426361924182], [-118.2859221310128, 36.574412922440935], [-118.28462637599654, 36.57442689457661], [-118.28462884944672, 36.57457619784747], [-118.28425863285149, 36.57458018732185], [-118.28406857978146, 36.57428357501769], [-118.28351325683454, 36.574289556147534], [-118.2835157281295, 36.574438859487024], [-118.28166464689585, 36.57445877801791], [-118.28165230841132, 36.57371226074251], [-118.28146720196884, 36.573714250961416], [-118.28146226741453, 36.57341564400249], [-118.28127716166618, 36.573417633912534], [-118.2807317077949, 36.57402081599333], [-118.28036149328551, 36.57402479331362], [-118.28035902809991, 36.5738754897793], [-118.28017392117415, 36.573877477997705], [-118.28017638600357, 36.57402678154279], [-118.2798061713853, 36.57403075713912], [-118.27979631502578, 36.57343354284933], [-118.27998142091936, 36.57343155523785], [-118.27997649213613, 36.57313294809112], [-118.28034670244422, 36.57312897204925], [-118.28034916753907, 36.57327827560304], [-118.28090941631461, 36.573570916384384], [-118.28090695011498, 36.57342161287066], [-118.28127469477242, 36.573268330416454], [-118.28126976103938, 36.572969723412626], [-118.28145486571927, 36.57296773353489], [-118.28145239852384, 36.572818430037906], [-118.2812672942001, 36.57282041990488], [-118.28126236057605, 36.5725218128777], [-118.28089215329862, 36.572525791706624], [-118.28088228911751, 36.57192857751945], [-118.28106739134076, 36.57192658829171], [-118.28106492498472, 36.57177728474594], [-118.28032698233883, 36.57193454347884], [-118.28013695091036, 36.57163792435432], [-118.28032205249396, 36.57163593629732], [-118.2805022235749, 36.571335340777466], [-118.2812426268062, 36.57132738461337], [-118.28123522694216, 36.57087947395002], [-118.2817855906814, 36.57057489684351], [-118.28178065546551, 36.57027628976422], [-118.28214838358481, 36.570123004861486], [-118.28214344705357, 36.569824397801945], [-118.2825136412565, 36.569820415338654], [-118.28251611022522, 36.56996971884882], [-118.28344159719485, 36.56995975760923], [-118.28343912644566, 36.56981045415297], [-118.2843646111801, 36.569800485785215], [-118.28454476235552, 36.56949988445515], [-118.2849149546611, 36.56949589456569], [-118.28471749276349, 36.56875137265323], [-118.28509015529842, 36.56889668568357], [-118.28508520766358, 36.56859807890698], [-118.28527030163441, 36.56859608330886], [-118.28526782748825, 36.56844677992553], [-118.28563801466309, 36.5684427878891], [-118.28563553982303, 36.56829348452347], [-118.28582063302706, 36.56829148808516], [-118.28581320754799, 36.56784357799737], [-118.28525793108578, 36.567849566353274], [-118.28526040515906, 36.56799886975218], [-118.2850753126125, 36.56800086530709], [-118.28508026010162, 36.568299472114816], [-118.28433988688478, 36.56830745154821], [-118.28433494224414, 36.56800884465411], [-118.28377966427676, 36.56801482614811], [-118.28378213551979, 36.56816412962948], [-118.28322685632048, 36.56817010857047], [-118.28322438614562, 36.568020805056726], [-118.28303929339887, 36.56802279745173], [-118.28267651522538, 36.56847469200654], [-118.28230632746823, 36.56847867485039], [-118.28212616976658, 36.56877927297098], [-118.28175844789332, 36.568932557714824], [-118.28176091532869, 36.56908186129143], [-118.28139072454124, 36.56908584134874], [-118.28138825781804, 36.568936537750595], [-118.28120316275317, 36.56893852733757], [-118.28120562912028, 36.569087830946486], [-118.28027768715647, 36.568948470963335], [-118.28064048166183, 36.56849658342786], [-118.28119576376073, 36.568490616487466], [-118.28119329746625, 36.56834131286297], [-118.28137839110683, 36.56833932331907], [-118.28137592447443, 36.56819001970147], [-118.28063555122739, 36.568197976110405], [-118.28045538759255, 36.56849857183345], [-118.28008519939958, 36.568502547782835], [-118.2800876635758, 36.568651851468], [-118.27971747459812, 36.5686558262898], [-118.27971993808033, 36.5688051299926], [-118.2789820205591, 36.56896237997387], [-118.27899186904459, 36.56955959490259], [-118.27936206244031, 36.56955562224995], [-118.27937191406457, 36.570152837030435], [-118.27955701215961, 36.570150850230185], [-118.27956193879277, 36.57044945757558], [-118.2793768399855, 36.570451444397335], [-118.279374377016, 36.570302140715825], [-118.2775233915077, 36.570321993024955], [-118.27752093211731, 36.57017268923213], [-118.27678053883126, 36.57018062206872], [-118.27677808088339, 36.57003131822907], [-118.27659298287273, 36.570033300709255], [-118.2765954404645, 36.570182604559655], [-118.27641034207967, 36.57018458676329], [-118.27640788484399, 36.570035282902175], [-118.2756674925481, 36.57004320880094], [-118.2756699483594, 36.570192512704956], [-118.2745593572366, 36.57020439299877], [-118.27456181092936, 36.57035369696318], [-118.27419161303169, 36.570357654784225], [-118.27419406603029, 36.57050695876619], [-118.27326856918957, 36.570516848344695], [-118.27327102042568, 36.57066615237629], [-118.2716051217707, 36.57068393561435], [-118.27160756981982, 36.57083323973831], [-118.27049452185622, 36.57069577817806], [-118.27049696776866, 36.57084508236613], [-118.27031186736376, 36.570847055131885], [-118.27030942180743, 36.57069775093315], [-118.27012432174064, 36.570699723400935], [-118.27011698624797, 36.5702518107494], [-118.2704871842269, 36.570247865590574], [-118.27048473838646, 36.570098561386985], [-118.27066983699281, 36.570096588387315], [-118.27084270308816, 36.56934809413081], [-118.27121289664984, 36.56934414680185], [-118.27121044949311, 36.56919484261763], [-118.27176573863223, 36.56918891950163], [-118.27176818685722, 36.569338223653794], [-118.271953283557, 36.569336248696544], [-118.27195083497591, 36.56918694455507], [-118.27232102760914, 36.56918299380012], [-118.2723185783339, 36.56903368967615], [-118.27268877018285, 36.56902973779345], [-118.27286896544742, 36.568729153225746], [-118.27397708375423, 36.568567985048404], [-118.27397463134648, 36.56841868100517], [-118.27490010289975, 36.56840878643056], [-118.27489764872972, 36.568259482437], [-118.27545293037667, 36.56825354227713], [-118.27545047515649, 36.56810423831182], [-118.27637594242623, 36.56809433235359], [-118.2763734854438, 36.56794502843801], [-118.27692876452042, 36.56793908144805], [-118.2769263064879, 36.56778977756077], [-118.27729649173637, 36.56778581148594], [-118.27729403300981, 36.567636507616236], [-118.27784930967859, 36.567630556381715], [-118.277846849902, 36.56748125254033], [-118.27876984733538, 36.56732202433305], [-118.27895001498418, 36.56702143102557], [-118.27968791422602, 36.56686418155281], [-118.27967559817505, 36.56611766274705], [-118.28023086345583, 36.566111700632035], [-118.28022839923196, 36.56596239689149], [-118.28041348726657, 36.565960408956094], [-118.28058871572084, 36.5653612058184], [-118.2807738022951, 36.56535921735157], [-118.28039623571537, 36.56491528273859], [-118.28132166315571, 36.564905339129695], [-118.28132659563973, 36.565203946532215], [-118.28151168178535, 36.56520195692719], [-118.28150921517825, 36.56505265323864], [-118.28187938670301, 36.56504867318844], [-118.28187445211928, 36.56475006584276], [-118.28261232341414, 36.5645927987462], [-118.28260738609143, 36.56429419146337], [-118.28408805664186, 36.56427825101318], [-118.2840905281421, 36.564427554570265], [-118.28446069630981, 36.56442356656388], [-118.28446316854023, 36.56457287009549], [-118.28575875904568, 36.56455890294994], [-118.28576370854513, 36.56485750985028], [-118.28705930314182, 36.564843528479244], [-118.2870617804109, 36.56499283184788], [-118.28835489684487, 36.56482953303397], [-118.28835241710206, 36.56468022973718], [-118.28890767020442, 36.564674227413256], [-118.2890977168873, 36.564970832567205], [-118.28928280191197, 36.56496883090922], [-118.28928032037086, 36.56481952767048], [-118.28946540502126, 36.564817525736096], [-118.28946788691836, 36.564966828964], [-118.29039331167621, 36.564956814929445], [-118.29057342852504, 36.56465620493123], [-118.29075851269148, 36.56465420099709], [-118.29076099706229, 36.56480350415301], [-118.2911311660523, 36.56479949540136], [-118.29112868096948, 36.56465019226716], [-118.29131376508106, 36.564648187471334], [-118.29131625051986, 36.56479749059469], [-118.29168641940008, 36.56479348011969], [-118.29187647688123, 36.56509008062125], [-118.29224664707563, 36.56508606837945], [-118.29225410895171, 36.56553397753997], [-118.29095850547483, 36.56554801558771], [-118.29077838817005, 36.56584862613538], [-118.29040821412278, 36.56585263388995], [-118.29041069792788, 36.56600193703642], [-118.29022561052079, 36.56600394049369], [-118.29023057747379, 36.566302546796614], [-118.29004548933638, 36.56630454998833], [-118.29004797248426, 36.5664538531448], [-118.29097589971497, 36.566593137357884], [-118.29097838467956, 36.566742440452344], [-118.29116347379363, 36.566740435791864], [-118.29116098847297, 36.566591132708254], [-118.2913460772127, 36.566589127771365], [-118.29134856288938, 36.566738430844126], [-118.29153365196684, 36.56673642560915], [-118.29153116593413, 36.56658712254724], [-118.29264169787825, 36.56657508517031], [-118.29264667423436, 36.56687369115991], [-118.29227649556877, 36.56687770481132], [-118.29228147057401, 36.567176310828785], [-118.29191129041102, 36.56718032337463], [-118.2917311732443, 36.567480935283726], [-118.29136099154732, 36.567484946149484], [-118.29136596313857, 36.567783552244364], [-118.29155105470831, 36.567781546933425], [-118.29174111934844, 36.56807814737111], [-118.29211130382062, 36.56807413526948], [-118.29248895226262, 36.56851803091313], [-118.29230385900412, 36.568520037714684], [-118.29230634669904, 36.56866934068253], [-118.29212125306616, 36.568671347207676], [-118.29211876572732, 36.56852204422898], [-118.29082311227711, 36.56853608178554], [-118.29082062744902, 36.56838677872696], [-118.29063553438185, 36.56838878293227], [-118.29062808107548, 36.56794087370061], [-118.29081317307447, 36.56793886952784], [-118.29081068831952, 36.56778956645368], [-118.29062559667659, 36.567791570615604], [-118.29062311229602, 36.56764226752671], [-118.29006783832563, 36.567648278256385], [-118.28988771289663, 36.567948887519066], [-118.28970262080622, 36.56795089025553], [-118.28970758609827, 36.56824949652229], [-118.28933988239972, 36.568402804326006], [-118.28934484637718, 36.568701410612746], [-118.28861191239577, 36.56915732613548], [-118.28843921896443, 36.56990584280891], [-118.2882541220989, 36.56990784338804], [-118.28807894400349, 36.57050705638535], [-118.2873385505884, 36.57051505485309], [-118.28734102890671, 36.57066435806302], [-118.28697083137745, 36.57066835559479], [-118.28697330900181, 36.57081765882245], [-118.28789880446857, 36.570807662784254], [-118.28790624279272, 36.57125557228161], [-118.28772114266754, 36.57125757209629], [-118.28772858008762, 36.571705481591074], [-118.28754347887582, 36.571707481150945], [-118.28755835207201, 36.572603300100354], [-118.2873732487052, 36.572605299437846], [-118.28738068448123, 36.573053208892446], [-118.28830620647491, 36.57304320916957], [-118.28829628502055, 36.572445996772096], [-118.28903917834931, 36.57258729505732], [-118.28904414192559, 36.5728859011694], [-118.28922924584036, 36.57288389922446], [-118.28940938473598, 36.57258329092346], [-118.2892242815518, 36.57258529313404], [-118.28903421484611, 36.57228868892966], [-118.28921931733632, 36.57228668702805], [-118.28921683525597, 36.57213738396921], [-118.28977214154857, 36.572131376573076], [-118.28976469221209, 36.57168346747075], [-118.28994979320468, 36.57168146446329], [-118.2899572436095, 36.57212937353309], [-118.2903299318937, 36.57227466958499], [-118.29033490038276, 36.572573275560906], [-118.2899671777386, 36.572726585571644], [-118.28998207948077, 36.57362240351269], [-118.29016718508484, 36.57362040007696], [-118.29016966912869, 36.57376970304268], [-118.28998456316843, 36.57377170648923], [-118.28998704687443, 36.57392100946189], [-118.28961683418677, 36.573925015514725], [-118.28961931719871, 36.574074318505176], [-118.2892491037256, 36.57407832343039], [-118.289059033093, 36.57378171941222], [-118.28868882093491, 36.573785722570165], [-118.28869130214777, 36.57393502561867], [-118.28721044993563, 36.57395102684413], [-118.28721292831747, 36.574100329975344], [-118.2866576073683, 36.5741063257265]], [[-118.28942924517803, 36.57377771510499], [-118.28942676255879, 36.57362841209592], [-118.28905655118608, 36.57363241638147], [-118.289059033093, 36.57378171941222], [-118.28942924517803, 36.57377771510499]], [[-118.28720053659073, 36.57335381428034], [-118.2870154314067, 36.573355813097294], [-118.28701790935939, 36.57350511625491], [-118.28720301489957, 36.57350311742713], [-118.28720053659073, 36.57335381428034]], [[-118.28290853301404, 36.571309466437114], [-118.28253833176173, 36.57131345026515], [-118.28253586262943, 36.57116414679002], [-118.28216566201664, 36.5711681294473], [-118.2821631936147, 36.571018825946716], [-118.28197809363716, 36.571020816833624], [-118.28198056168297, 36.571170120345], [-118.28161036096118, 36.5711741012785], [-118.2816177630709, 36.57162201185386], [-118.28143266161436, 36.57162400192199], [-118.28143512866447, 36.57177330545008], [-118.2827283714284, 36.57161006541183], [-118.28290853301404, 36.571309466437114]], [[-118.28271602398618, 36.57086354809004], [-118.28253092441929, 36.57086553982806], [-118.28253339351527, 36.571014843310984], [-118.28271849343828, 36.57101285156217], [-118.28271602398618, 36.57086354809004]], [[-118.28548014161126, 36.57008712093472], [-118.28585033658342, 36.57008312808604], [-118.28584786118682, 36.56993382477404], [-118.28529256976954, 36.56993981358372], [-118.28529009545943, 36.56979051023542], [-118.28510499863998, 36.56979250591994], [-118.28510994656622, 36.57009111263426], [-118.28455959972456, 36.570395704792475], [-118.28456701865485, 36.5708436149086], [-118.28475211802161, 36.57084162001035], [-118.28474964467054, 36.570692316653], [-118.28530494159327, 36.57068633026687], [-118.28529751844438, 36.57023842026866], [-118.28548261631389, 36.57023642426445], [-118.28548014161126, 36.57008712093472]], [[-118.28657338894523, 36.56903001597821], [-118.28694357871348, 36.569026019833515], [-118.28694110130797, 36.568876716559146], [-118.28731129029113, 36.56887271928699], [-118.28731376840874, 36.56902202253972], [-118.287498863229, 36.56902002346193], [-118.28749638475533, 36.56887072022001], [-118.28823428254991, 36.568713417876836], [-118.28822684302027, 36.56826550824592], [-118.28674609877383, 36.56828150158461], [-118.2867436218156, 36.56813219827996], [-118.28655852905878, 36.56813419614379], [-118.28656100566094, 36.56828349945925], [-118.28619081938045, 36.568287494346734], [-118.28619577121522, 36.568586101009245], [-118.28582805867013, 36.56873939813792], [-118.28583300918997, 36.5690380048203], [-118.28546529377809, 36.56919130087468], [-118.28547024298292, 36.56948990757692], [-118.28620815112109, 36.56933261759739], [-118.28620567510347, 36.56918331428754], [-118.28657586565677, 36.56917931927032], [-118.28657338894523, 36.56903001597821]], [[-118.286173488533, 36.56724237090537], [-118.28598839785778, 36.567244367842555], [-118.28599582418633, 36.567692277944644], [-118.2863660076548, 36.567688283718155], [-118.2863610553267, 36.56738967703057], [-118.28673123729806, 36.567385681698305], [-118.28672628361869, 36.567087075038394], [-118.28617101277055, 36.567093067541045], [-118.286173488533, 36.56724237090537]], [[-118.28543065138453, 36.56710105352303], [-118.28506047058221, 36.567105044790495], [-118.2850629442084, 36.56725434821966], [-118.2854331257228, 36.567250356930586], [-118.28543065138453, 36.56710105352303]], [[-118.28486796045256, 36.56665912965014], [-118.28505304981293, 36.56665713447967], [-118.28505552338449, 36.56680643792051], [-118.28524061308265, 36.56680444245199], [-118.2852356652457, 36.56650583558804], [-118.28505057625958, 36.56650783103495], [-118.28504810272445, 36.566358527586324], [-118.28486301407615, 36.56636052273519], [-118.28486796045256, 36.56665912965014]], [[-118.284682871074, 36.56666112453334], [-118.28431269226225, 36.566665113438006], [-118.28431516440965, 36.56681441692203], [-118.28468534393348, 36.56681042799577], [-118.284682871074, 36.56666112453334]], [[-118.2818991257645, 36.56624310241555], [-118.28152648180922, 36.56609777897678], [-118.28153388206634, 36.566545689949045], [-118.281718971398, 36.56654369995986], [-118.28172143854272, 36.56669300359873], [-118.28208915000685, 36.56653971911973], [-118.2818991257645, 36.56624310241555]], [[-118.28060843513563, 36.566555635586234], [-118.28061090014414, 36.5667049392897], [-118.28079598992262, 36.566702950726004], [-118.28079352455808, 36.566553647033295], [-118.28060843513563, 36.566555635586234]], [[-118.28097861396236, 36.56655165819311], [-118.28097614825994, 36.56640235450727], [-118.28079105921167, 36.56640434333669], [-118.28079352455808, 36.566553647033295], [-118.28097861396236, 36.56655165819311]], [[-118.28670646963054, 36.56589264824307], [-118.28689155702855, 36.5658906502542], [-118.28688908000608, 36.56574134689807], [-118.28614873172874, 36.56574933708689], [-118.28615120732715, 36.56589864048625], [-118.28578103236708, 36.565902633878835], [-118.28560089397507, 36.56620323699616], [-118.28597354569273, 36.566348547533316], [-118.28615368294379, 36.566047943881735], [-118.28670894631524, 36.56604195160611], [-118.28670646963054, 36.56589264824307]]], [[[-118.29120821269434, 36.56942789063096], [-118.29083802162991, 36.569431900055285], [-118.29083553669203, 36.569282597020056], [-118.29102063187732, 36.56928059246238], [-118.2908305668712, 36.568983990937916], [-118.29120075579917, 36.56897998157871], [-118.29120572704431, 36.56927858761744], [-118.29157591732339, 36.56927457706573], [-118.29176598589028, 36.569571177317], [-118.29213617748383, 36.56956716499822], [-118.29214115243622, 36.569865770897245], [-118.29195605593644, 36.56986777722199], [-118.29195356880717, 36.56971847426356], [-118.29139828026621, 36.56972449148156], [-118.29120821269434, 36.56942789063096]]], [[[-118.28991254364873, 36.56944191858874], [-118.29028025102643, 36.569288608969416], [-118.29028521878398, 36.56958721510106], [-118.29047031473631, 36.569585211383526], [-118.29047528327918, 36.5698838174779], [-118.29066037992536, 36.56988181345139], [-118.29066783394511, 36.570329722531206], [-118.29085293164128, 36.57032771818488], [-118.29085790179147, 36.57062632419692], [-118.29067280338309, 36.57062832856496], [-118.29067528812949, 36.570777631575986], [-118.29123058436807, 36.570771617577485], [-118.29105045661231, 36.57107222849793], [-118.28993985958756, 36.57108425231573], [-118.28993737622896, 36.5709349492691], [-118.28975227701693, 36.57093695222237], [-118.28974731106683, 36.57063834609576], [-118.28993240956667, 36.570636343164175], [-118.28991254364873, 36.56944191858874]]], [[[-118.28049482798423, 36.57088742998496], [-118.28049236282364, 36.57073812637967], [-118.28067746223424, 36.570736137812645], [-118.28067992775094, 36.57088544140716], [-118.28049482798423, 36.57088742998496]]], [[[-118.27792557173622, 36.57225897353513], [-118.2777306286734, 36.571663742950705], [-118.27791573049267, 36.57166175862865], [-118.27791327022706, 36.571512454892286], [-118.27828347309901, 36.57150848540776], [-118.27828593407686, 36.571657789122625], [-118.2784710358418, 36.57165580393866], [-118.27847595856412, 36.571954411335234], [-118.27866106102319, 36.57195242584247], [-118.27866844631097, 36.57240033687591], [-118.27829823923793, 36.57240430763859], [-118.27830070032446, 36.572553611330115], [-118.27793049246667, 36.57255758096503], [-118.27792803209238, 36.57240827725204], [-118.27718761758399, 36.57241621303116], [-118.27718515865236, 36.57226690927131], [-118.27792557173622, 36.57225897353513]]], [[[-118.2905547899154, 36.574661512869916], [-118.29055230504949, 36.57451220994927], [-118.29073741273568, 36.57451020558651], [-118.29073989795775, 36.57465950849631], [-118.2905547899154, 36.574661512869916]]], [[[-118.27749816892519, 36.58002871556321], [-118.27786841251246, 36.58002474657831], [-118.27787087345443, 36.580174050103636], [-118.27731550697759, 36.5801800031821], [-118.2773130471044, 36.580030699624565], [-118.27675768153338, 36.58003665008429], [-118.27675522274713, 36.579887346490665], [-118.27749570871389, 36.57987941201252], [-118.27749816892519, 36.58002871556321]]], [[[-118.26205187017563, 36.54106864536723], [-118.2622369001625, 36.54106668678963], [-118.26223932755917, 36.541215992198175], [-118.26205429721668, 36.54121795078637], [-118.26205187017563, 36.54106864536723]]], [[[-118.26060072117045, 36.54287596944685], [-118.26078575556761, 36.54287401303809], [-118.26078333081938, 36.54272470758752], [-118.2613384328368, 36.54271883667096], [-118.26115824978562, 36.54301940478506], [-118.26060314558087, 36.54302527490416], [-118.26060072117045, 36.54287596944685]]], [[[-118.26321063671982, 36.544042995968425], [-118.26340053350579, 36.54433964598705], [-118.26303045808109, 36.5443435667661], [-118.26285027807342, 36.54464413730366], [-118.26248020111879, 36.544648056403], [-118.26211983407958, 36.54524919563444], [-118.26119463408824, 36.54525898570148], [-118.26119220834308, 36.545109680334264], [-118.2608245539667, 36.545262899719056], [-118.26081970391688, 36.54496428893834], [-118.26025973789027, 36.54467154688858], [-118.26025731399481, 36.544522241452846], [-118.25988723725142, 36.54452615249419], [-118.25932243371233, 36.54393479491004], [-118.25894993831916, 36.54378939746724], [-118.25894751702029, 36.543640091934115], [-118.25839240790576, 36.54364595184765], [-118.25820253179951, 36.54334929341562], [-118.25875763883366, 36.54334343442658], [-118.25876005974123, 36.54349273997805], [-118.25968523955316, 36.5434829692031], [-118.25968766225678, 36.543632274697785], [-118.26005773476803, 36.54362836435752], [-118.26006015820077, 36.54377766982715], [-118.2604326555138, 36.54392306376219], [-118.26043507969352, 36.54407236920289], [-118.26062011695363, 36.54407041299641], [-118.26061769241825, 36.54392110756631], [-118.26154287667276, 36.54391132228158], [-118.26154045037703, 36.54376201690059], [-118.26265066875906, 36.54375026515085], [-118.26301102502524, 36.54314912438126], [-118.26226845771292, 36.54300765679757], [-118.2622636025086, 36.54270904606985], [-118.26207856860997, 36.542711004764094], [-118.26208099584758, 36.54286031014049], [-118.26152589297759, 36.54286618453295], [-118.26152346680686, 36.54271687912476], [-118.2613384328368, 36.54271883667096], [-118.261518614519, 36.54241826829668], [-118.26114612257759, 36.542272877618636], [-118.26113642113255, 36.54167565581556], [-118.26132145263118, 36.54167369863054], [-118.26150163207413, 36.541373130276064], [-118.26187169355963, 36.54136921451342], [-118.26186926685631, 36.541219909087566], [-118.26224175497369, 36.54136529760283], [-118.26223932755917, 36.541215992198175], [-118.2627944184794, 36.541210114711625], [-118.26279199001596, 36.54106080933491], [-118.26316204982886, 36.54105688959681], [-118.26315962067208, 36.54090758423743], [-118.26334465019613, 36.5409056239485], [-118.26339567371193, 36.5440410354566], [-118.26321063671982, 36.544042995968425]], [[-118.26207614139022, 36.5425616993838], [-118.26189110782934, 36.54256365778042], [-118.26189353469346, 36.54271296317132], [-118.26207856860997, 36.542711004764094], [-118.26207614139022, 36.5425616993838]], [[-118.26150648411195, 36.541671741158524], [-118.26169151557482, 36.54166978339951], [-118.26168908919139, 36.54152047797081], [-118.2615040580841, 36.54152243571923], [-118.26150648411195, 36.541671741158524]], [[-118.26279684696073, 36.54135942008447], [-118.26298187758732, 36.54135746033768], [-118.26297944875039, 36.541208154975465], [-118.2627944184794, 36.541210114711625], [-118.26279684696073, 36.54135942008447]], [[-118.2615598612432, 36.544956459839824], [-118.26156228768185, 36.54510576518974], [-118.26174732732446, 36.54510380718694], [-118.26174490053013, 36.54495450184761], [-118.2615598612432, 36.544956459839824]], [[-118.26174004699507, 36.54465589115731], [-118.26174247375366, 36.54480519650441], [-118.26192751266709, 36.544803238235765], [-118.2619250855528, 36.54465393289928], [-118.26174004699507, 36.54465589115731]], [[-118.2619202313779, 36.54435532221464], [-118.26192265845643, 36.5445046275589], [-118.26210769664064, 36.54450266902444], [-118.26210526920644, 36.54435336369078], [-118.2619202313779, 36.54435532221464]], [[-118.26228787924519, 36.544202099552955], [-118.26229030701712, 36.5443514048799], [-118.26266038258488, 36.54434748639705], [-118.26265795410161, 36.54419818109132], [-118.26228787924519, 36.544202099552955]], [[-118.26284056268196, 36.54404691613097], [-118.262842991503, 36.54419622142997], [-118.26302802888652, 36.5441942614816], [-118.26302559970985, 36.544044956193204], [-118.26284056268196, 36.54404691613097]], [[-118.26263367025223, 36.542705127820355], [-118.2626360985567, 36.54285443316494], [-118.26282113275735, 36.54285247359907], [-118.26281870409723, 36.54270316826509], [-118.26263367025223, 36.542705127820355]], [[-118.26243892477262, 36.54210986562899], [-118.26244135265001, 36.54225917099973], [-118.262626385446, 36.54225721176329], [-118.26262395721304, 36.542107906403174], [-118.26243892477262, 36.54210986562899]], [[-118.26169879483234, 36.54211769966227], [-118.26170122128723, 36.542267005075416], [-118.26188625415475, 36.542265046987], [-118.26188382734422, 36.542115741584446], [-118.26169879483234, 36.54211769966227]], [[-118.26298673531483, 36.54165607105047], [-118.26298916420541, 36.541805376401044], [-118.26317419588092, 36.54180341633544], [-118.26317176663476, 36.54165411099548], [-118.26298673531483, 36.54165607105047]], [[-118.26224660985635, 36.54166390840047], [-118.26224903732448, 36.541813213793475], [-118.26243406907152, 36.54181125487587], [-118.26243164124777, 36.54166194949348], [-118.26224660985635, 36.54166390840047]]], [[[-118.26175703468041, 36.54570102850535], [-118.26138937870424, 36.54585424964983], [-118.26138452637753, 36.545555638963755], [-118.26119948563218, 36.545557596424295], [-118.2611970598513, 36.54540829106483], [-118.2617521809667, 36.545402417853914], [-118.26175703468041, 36.54570102850535]]], [[[-118.261632662174, 36.54943561864711], [-118.26163023521724, 36.54928631340987], [-118.26144518559701, 36.54928827142243], [-118.26144275901387, 36.549138966170716], [-118.26107266043132, 36.549142881313394], [-118.26107023457752, 36.548993576036594], [-118.26273567443451, 36.54897594894707], [-118.26274053256326, 36.54927455930592], [-118.26292558205836, 36.54927259928383], [-118.26293044097015, 36.549571209605936], [-118.26274539076357, 36.54957316964924], [-118.26274781989055, 36.54972247481507], [-118.26256276931032, 36.54972443458191], [-118.26256034053911, 36.54957512940549], [-118.26219024003652, 36.549579048056714], [-118.26218781199466, 36.54942974285517], [-118.261632662174, 36.54943561864711]]], [[[-118.26534582856448, 36.55014292296389], [-118.26571593130446, 36.55013899446692], [-118.26571836619509, 36.55028829944724], [-118.26534826274359, 36.55029222796548], [-118.26534582856448, 36.55014292296389]]], [[[-118.26368279632514, 36.5503098920868], [-118.26386784822103, 36.55030793055501], [-118.26386541688798, 36.55015862546842], [-118.26405046841022, 36.55015666366015], [-118.26405290009903, 36.55030596873611], [-118.26479310743196, 36.550298118589694], [-118.26479067432011, 36.55014881355622], [-118.2649757257528, 36.55014685031254], [-118.26498059270595, 36.55044546035435], [-118.2646104883996, 36.55044938659715], [-118.26443030110975, 36.550749959377946], [-118.26424524820027, 36.550751921802885], [-118.26424281610198, 36.55060261674919], [-118.26405776353037, 36.5506045788764], [-118.26405533180575, 36.5504552738082], [-118.26368522732034, 36.55045919718013], [-118.26368279632514, 36.5503098920868]]], [[[-118.26537017116208, 36.55163597280486], [-118.26536530249919, 36.55133736286777], [-118.26555035672425, 36.551335398677764], [-118.26555522609868, 36.55163400859358], [-118.26537017116208, 36.55163597280486]]], [[[-118.26063634883657, 36.55646470723463], [-118.26063149753152, 36.55616609699438], [-118.26118669570737, 36.5561602249396], [-118.26118426901404, 36.55601091984545], [-118.26136933468106, 36.55600896193016], [-118.26137176173025, 36.556158267013714], [-118.26192695969166, 36.556152391513145], [-118.26174674929786, 36.556452960413544], [-118.26156168259898, 36.55645491893494], [-118.26155925515818, 36.55630561386975], [-118.26063634883657, 36.55646470723463]]], [[[-118.26045370735395, 36.55661596915798], [-118.2604512820305, 36.5564666640331], [-118.26063634883657, 36.55646470723463], [-118.26063877451588, 36.55661401234891], [-118.26045370735395, 36.55661596915798]]], [[[-118.25891892309, 36.56469604363504], [-118.25854874994948, 36.56469995236528], [-118.25873868203757, 36.5649966081739], [-118.25855359474637, 36.56499856241655], [-118.2585584396146, 36.565297172452276], [-118.25819068530345, 36.56545038515137], [-118.25819552885456, 36.565748995206086], [-118.2574551722483, 36.56575680721779], [-118.25744791122072, 36.56530889200304], [-118.25781566640438, 36.56515568157689], [-118.25798380499734, 36.564108593030305], [-118.25853421598681, 36.56380412211822], [-118.25853179372211, 36.56365481706343], [-118.25797654135376, 36.56366067778246], [-118.25797896255044, 36.56380998286897], [-118.25760637301904, 36.56366458349233], [-118.25742612910018, 36.56396514614897], [-118.25687087427504, 36.56397100176128], [-118.25687329337136, 36.56412030690342], [-118.25650312268685, 36.564124209229924], [-118.25650554108898, 36.564273514389285], [-118.2559502838607, 36.56427936575648], [-118.25558977895246, 36.5648804860415], [-118.25577486617267, 36.56487853640527], [-118.25577728323977, 36.565027841587444], [-118.25614745833883, 36.56502394143214], [-118.25615229395045, 36.5653225517426], [-118.25670755860172, 36.56531669929198], [-118.2567099775023, 36.5654660044097], [-118.25708015455949, 36.56546210131861], [-118.25708257418995, 36.565611406411314], [-118.25671239642072, 36.56561530952354], [-118.25671481535693, 36.56576461463351], [-118.25634463680437, 36.565768516617865], [-118.25634221858023, 36.565619211486776], [-118.2561571296333, 36.56562116203752], [-118.2561595475014, 36.565770467179156], [-118.25578936884204, 36.565774367440014], [-118.25579178601586, 36.56592367259886], [-118.2544985723548, 36.56608661976609], [-118.25413563401962, 36.56653843062496], [-118.25376545140857, 36.566542324671666], [-118.25377027811889, 36.56684093517864], [-118.25340250668228, 36.5669941333872], [-118.25340733207496, 36.567292743912994], [-118.25396743901243, 36.56758551442461], [-118.25415736118481, 36.567882177594285], [-118.25508524942276, 36.56802174212265], [-118.25508766543925, 36.568171047265444], [-118.25564295070582, 36.56816519938389], [-118.25564536780836, 36.56831450449113], [-118.25638816788359, 36.56845600831279], [-118.25639058644602, 36.56860531337003], [-118.2550973296831, 36.56876826779771], [-118.25509974578853, 36.56891757292107], [-118.2545444550206, 36.56892341837533], [-118.25454687007554, 36.56907272352643], [-118.25380648071172, 36.56908051348562], [-118.25380889436003, 36.56922981867502], [-118.25343869885931, 36.569233711951966], [-118.25344111181323, 36.56938301715853], [-118.2532560136801, 36.56938496337661], [-118.25326325158012, 36.56983287900462], [-118.25307815236094, 36.56983482496702], [-118.25289787705503, 36.570135381083475], [-118.25234257710098, 36.57014121644814], [-118.25234498802482, 36.570290521694595], [-118.25178968684267, 36.57029635450517], [-118.25179209671589, 36.57044565977929], [-118.25160699593023, 36.5704476034854], [-118.25160458641312, 36.57029829820076], [-118.25141948596587, 36.57030024160906], [-118.25142189512682, 36.570449546904214], [-118.2503112899341, 36.57046120138376], [-118.25031369697608, 36.57061050673812], [-118.24994349439115, 36.570614389287236], [-118.24976320507247, 36.570914940890944], [-118.24791458625108, 36.571083639214386], [-118.24773428794065, 36.5713841878968], [-118.24717897795132, 36.571389999380024], [-118.2469986760795, 36.571690547002504], [-118.2464433637412, 36.571696355100855], [-118.24626305830795, 36.57199690166332], [-118.2458952472058, 36.57215007732683], [-118.24590004460204, 36.57244868844973], [-118.24497691146006, 36.572607664427245], [-118.2449793084215, 36.572756970031335], [-118.24368595506, 36.57291980230089], [-118.24384950936013, 36.57157411967519], [-118.24421971738529, 36.571570255962705], [-118.24421253125104, 36.571122338920105], [-118.24458034101374, 36.57096916845339], [-118.24457075696984, 36.57037194574368], [-118.24475585807161, 36.57037001296552], [-118.24475106544328, 36.57007140160829], [-118.24548427374147, 36.56961575076695], [-118.2454794784407, 36.569317139454604], [-118.24621267532586, 36.5688614842933], [-118.24675836726998, 36.568258455229405], [-118.24713095978403, 36.568403888374995], [-118.24731125386923, 36.56810334054591], [-118.24786654030231, 36.56809752889279], [-118.24804683082671, 36.567796980003905], [-118.248417020234, 36.56779310359951], [-118.24841221396251, 36.567494492529306], [-118.24859730792748, 36.56749255391719], [-118.24859490446221, 36.567343248386756], [-118.24877999805341, 36.567341309497856], [-118.24877519046382, 36.56704269844633], [-118.24896028332519, 36.56704075929115], [-118.2489578792009, 36.566891453770054], [-118.24877278669557, 36.566893392914736], [-118.24876797921219, 36.56659478183991], [-118.24895307100537, 36.566592842716204], [-118.24894826288067, 36.566294231646836], [-118.24913335394409, 36.56629229225688], [-118.24913094955222, 36.56614298672687], [-118.24950113091383, 36.566139107106174], [-118.24949872582759, 36.56598980159327], [-118.24987131220462, 36.56613522633645], [-118.24986650062567, 36.56583661534878], [-118.25042177029275, 36.56583079210281], [-118.25060204578995, 36.56553023952715], [-118.25097222401982, 36.56552635539446], [-118.2509674083102, 36.5652277445018], [-118.25078231991621, 36.56522968669075], [-118.25077028273247, 36.5644831593386], [-118.25114286405588, 36.56462858023575], [-118.25113804784696, 36.56432996931752], [-118.25187598312837, 36.56417289136981], [-118.2518735736442, 36.56402358594305], [-118.25242882990939, 36.56401775359658], [-118.25242641937494, 36.56386844819752], [-118.25353692929008, 36.56385677581243], [-118.25353451663737, 36.56370747047265], [-118.25427485480158, 36.56369968318011], [-118.25427726887828, 36.563848988477744], [-118.25464743856577, 36.563845093087025], [-118.25464502377703, 36.563695787810474], [-118.25538536151464, 36.563687993624434], [-118.25538294531971, 36.563538688386195], [-118.25575311336978, 36.563534789590896], [-118.25575069648065, 36.563385484369874], [-118.25630594735433, 36.56337963405439], [-118.25630111149351, 36.56308102366404], [-118.25666885861399, 36.56292781687993], [-118.25666644001612, 36.562778511696145], [-118.25703660425711, 36.5627746089853], [-118.25703418496508, 36.56262530381875], [-118.25740676842686, 36.56277070512557], [-118.25740918844866, 36.562920010267106], [-118.25722410601674, 36.56292196235113], [-118.25722894540182, 36.56322057264366], [-118.25759911167184, 36.5632166681461], [-118.25758943012504, 36.56261944763004], [-118.25795959347593, 36.562615542068144], [-118.25795475138555, 36.56231693182907], [-118.25850999414234, 36.56231107139554], [-118.25868538536325, 36.56171189698771], [-118.2590579673293, 36.56185729317973], [-118.25905312114561, 36.56155868302872], [-118.25923820019553, 36.561556728167716], [-118.2592333533713, 36.56125811802233], [-118.25941843169146, 36.561256162895276], [-118.25941358422666, 36.56095755275552], [-118.25959866181711, 36.56095559736243], [-118.2595938137118, 36.56065698722829], [-118.25996639217095, 36.56080238067073], [-118.25996154267756, 36.56050377057116], [-118.26070184844664, 36.56049594395636], [-118.26069942230296, 36.56034663894311], [-118.26106957436846, 36.560342723933736], [-118.26106714753078, 36.5601934189378], [-118.2612522231808, 36.56019146101292], [-118.26142516133326, 36.55944297786884], [-118.2616102351679, 36.559441019422586], [-118.26160780736967, 36.55929171443512], [-118.26197795427348, 36.559287796702286], [-118.26197309730698, 36.558989186758104], [-118.2623432427156, 36.558985267918956], [-118.26233352614986, 36.55838804806883], [-118.26251859740371, 36.55838608826093], [-118.26251616795109, 36.558236783299286], [-118.26233109705313, 36.55823874309659], [-118.26232866797429, 36.558089438120454], [-118.26251373851636, 36.55808747833376], [-118.26250887970053, 36.55778886839104], [-118.26232380987024, 36.55779082815652], [-118.26232138084502, 36.55764152316871], [-118.26250645031944, 36.55763956341385], [-118.26250159161091, 36.55734095344784], [-118.2623165228483, 36.55734291318148], [-118.26231409387672, 36.55719360818202], [-118.2626818010069, 36.55704038346667], [-118.26267451211794, 36.55659246849699], [-118.26230437816938, 36.556596388145344], [-118.26230194928722, 36.556447083126464], [-118.26193181597885, 36.556451001605005], [-118.26192938782633, 36.556301696561015], [-118.26211445413358, 36.55629973747593], [-118.26211202564306, 36.55615043243866], [-118.26229709157658, 36.55614847307702], [-118.26229952042297, 36.55629777810369], [-118.2628547191838, 36.55629189826408], [-118.26285228926984, 36.55614259326924], [-118.26322242097592, 36.55613867196164], [-118.26340262489268, 36.55583810093949], [-118.26377032342836, 36.555684872998064], [-118.2637654602029, 36.55538626307958], [-118.26395052419612, 36.55538430118672], [-118.26394079653667, 36.554787081345594], [-118.26430848904087, 36.55463385183467], [-118.26430362393106, 36.55433524192552], [-118.2646713135707, 36.55418201133941], [-118.2648417734307, 36.55328421844303], [-118.26502683233485, 36.55328225497614], [-118.26502196470089, 36.55298364508203], [-118.26520702287552, 36.55298168134929], [-118.26519972049155, 36.55253376651085], [-118.26556983465224, 36.552529838247814], [-118.26556739984849, 36.55238053331515], [-118.26519728639941, 36.55238446155693], [-118.26518755021006, 36.55178724170239], [-118.26592777134387, 36.55177938424056], [-118.2659253359182, 36.55163007930974], [-118.26629544566596, 36.55162614887749], [-118.26629300954664, 36.55147684396407], [-118.26684817296645, 36.55147094619438], [-118.26666799219078, 36.5517715221851], [-118.26796337798211, 36.55175775253468], [-118.26796093864283, 36.55160844772095], [-118.26833104799577, 36.55160451097252], [-118.26833348804662, 36.55175381576493], [-118.26870115727688, 36.55160057307569], [-118.26870359803927, 36.55174987784679], [-118.26888865300864, 36.55174790845707], [-118.26888621189046, 36.55159860369664], [-118.26925632106372, 36.55159466407723], [-118.26925387925198, 36.551445359334245], [-118.26962398764178, 36.551441418587764], [-118.2696264301651, 36.55159072330941], [-118.2716620289363, 36.55156902855899], [-118.27165958249945, 36.55141972395478], [-118.27314001375463, 36.55140392422062], [-118.27313756448959, 36.55125461969806], [-118.27350767141158, 36.55125066691495], [-118.27350522145305, 36.55110136240989], [-118.27424298229393, 36.55094414897528], [-118.27425033643875, 36.55139206236203], [-118.27406528270316, 36.55139404005619], [-118.27407263594307, 36.55184195344004], [-118.27388758112212, 36.55184393087923], [-118.2738900318824, 36.55199323534345], [-118.27426259370773, 36.55213858459547], [-118.27426014221784, 36.551989280156555], [-118.2750003626721, 36.55198136633758], [-118.27499790977714, 36.55183206193761], [-118.27536801918437, 36.551828103326955], [-118.27536556559592, 36.551678798944536], [-118.2768459996559, 36.551662953103744], [-118.27684108684078, 36.5513643444988], [-118.27702614030538, 36.55136236249822], [-118.27704579484613, 36.55255679673885], [-118.27667813839376, 36.552710064908595], [-118.27668059459926, 36.55285936918874], [-118.27575530912544, 36.552869273985905], [-118.27575776357003, 36.55301857831577], [-118.2753876485424, 36.55302253824632], [-118.27539500984973, 36.553470451276915], [-118.27502489261502, 36.55347441012331], [-118.27502734570864, 36.55362371448049], [-118.2742871095993, 36.553631628770724], [-118.27428956128772, 36.55378093316685], [-118.27410450185944, 36.55378291103232], [-118.27410205052684, 36.55363360662549], [-118.27354687320116, 36.55363953846708], [-118.27356892623712, 36.55498327827766], [-118.27375398856614, 36.55498130118794], [-118.27376134097035, 36.555429214356025], [-118.27394640434885, 36.55542723694705], [-118.27396111177956, 36.55632306311401], [-118.27414617727511, 36.55632108535366], [-118.27434595510343, 36.557214933204655], [-118.27453102269807, 36.55721295480576], [-118.27453592767118, 36.55751156338606], [-118.27472099595951, 36.557509584678584], [-118.27473080754594, 36.55810680174967], [-118.27454573783406, 36.55810878049998], [-118.2745530956458, 36.558556693294584], [-118.27436802484816, 36.55855867178987], [-118.27437047713231, 36.55870797605766], [-118.2740003347711, 36.55871193220812], [-118.27399788319876, 36.5585626279189], [-118.27325024934544, 36.558122623711554], [-118.27287276157456, 36.55767866321179], [-118.27212514256027, 36.557238651593245], [-118.27211290357495, 36.55649212937896], [-118.2722979696067, 36.55649015447938], [-118.27229307342701, 36.556191545587836], [-118.27210800810697, 36.556193520466024], [-118.2721055604, 36.55604421600372], [-118.27192049541779, 36.55604619058408], [-118.2719327323535, 36.556792712910145], [-118.27174766557397, 36.55679468725679], [-118.27174521850665, 36.55664538278867], [-118.2711900191276, 36.556651304073675], [-118.27100006139823, 36.55635466822766], [-118.27063237467235, 36.55650791823822], [-118.27044241941601, 36.55621128144825], [-118.26988722286168, 36.55621719660702], [-118.269884779425, 36.556067892016564], [-118.26914451852412, 36.55607577483222], [-118.26914207652887, 36.555926470195224], [-118.26895701161456, 36.55592844017061], [-118.26877682926734, 36.556229019171646], [-118.26859176360537, 36.55623098859408], [-118.26859664555062, 36.55652959791266], [-118.26822895303714, 36.55668284061347], [-118.268070726691, 36.55832716048954], [-118.26788565597485, 36.558329128912554], [-118.2678905355761, 36.55862773820753], [-118.26752039266631, 36.55863167423464], [-118.26752283178206, 36.5587809788976], [-118.26770790360183, 36.55877901101697], [-118.26771278259905, 36.55907762030994], [-118.2678978551127, 36.55907565212083], [-118.26790517481092, 36.55952356599915], [-118.26772010122954, 36.55952553422022], [-118.26772254080898, 36.559674838849205], [-118.26790761474628, 36.55967287061748], [-118.26791005469957, 36.55982217523192], [-118.26772498040634, 36.55982414347428], [-118.267729859655, 36.56012275271282], [-118.26791493466008, 36.56012078444915], [-118.26773473897549, 36.5604213619358], [-118.26791981469243, 36.56041939365081], [-118.26792225473557, 36.56056869824581], [-118.26755454192104, 36.560721939162335], [-118.26755942067335, 36.56102054837552], [-118.26737434349674, 36.56102251612873], [-118.26720389871863, 36.56192031126878], [-118.26665353610007, 36.562224821392746], [-118.26665597386699, 36.56237412601565], [-118.26591565187937, 36.562381989944456], [-118.26591808824035, 36.56253129460603], [-118.26554792642698, 36.56253522486843], [-118.26555036209395, 36.562684529547404], [-118.26518019949691, 36.56268845868223], [-118.26500485674694, 36.56328764162338], [-118.26463469119447, 36.56329156911994], [-118.2646395591658, 36.56359017854143], [-118.26445447565071, 36.56359214188013], [-118.2644520420121, 36.563442837160714], [-118.26426695883507, 36.56344480020156], [-118.26426939211773, 36.56359410493161], [-118.2635290578066, 36.56360195426527], [-118.26353148968317, 36.56375125903392], [-118.26316375289066, 36.56390448678463], [-118.26316861530935, 36.564203096344954], [-118.262983530227, 36.56420505742831], [-118.262803306193, 36.56450562781168], [-118.26243313451484, 36.56450954858469], [-118.26225290765066, 36.5648101181757], [-118.2618827344411, 36.56481403726771], [-118.26188516325679, 36.564963342100775], [-118.26151498926367, 36.564967260065046], [-118.26151741738519, 36.56511656491542], [-118.26114724260854, 36.56512048175193], [-118.26096700935393, 36.56542104949202], [-118.25985890518659, 36.56558209644545], [-118.25986133017535, 36.56573140137565], [-118.25912339779367, 36.56588852869697], [-118.259125821394, 36.566037833661724], [-118.25894073164625, 36.56603978855294], [-118.2589310387762, 36.565442568628285], [-118.25911612709979, 36.5654406137794], [-118.25911128005974, 36.56514200381493], [-118.25929636765343, 36.56514004869995], [-118.25928182482541, 36.56424421877673], [-118.25946691026517, 36.564242263438025], [-118.25946206208657, 36.563943653453705], [-118.25890680784977, 36.56394951854463], [-118.25891165389234, 36.56424812859245], [-118.25872656839904, 36.56425008306947], [-118.25872899109108, 36.56439938809812], [-118.25891407694037, 36.56439743361052], [-118.25891892309, 36.56469604363504]], [[-118.2596471467965, 36.563941697848925], [-118.25964472237797, 36.56379239286153], [-118.25945963802405, 36.563794348455716], [-118.25946206208657, 36.563943653453705], [-118.2596471467965, 36.563941697848925]], [[-118.24991461960339, 36.56882272452642], [-118.24991702573827, 36.56897202994452], [-118.25010212312242, 36.56897008892918], [-118.25009971663144, 36.56882078352159], [-118.24991461960339, 36.56882272452642]], [[-118.25908704592999, 36.56364895375935], [-118.25908946926269, 36.563798258782406], [-118.25927455365229, 36.56379630376267], [-118.25927212996362, 36.5636469987502], [-118.25908704592999, 36.56364895375935]], [[-118.25926728263977, 36.56334838871363], [-118.25926970629276, 36.56349769373386], [-118.25963987359448, 36.56349378287505], [-118.2596374492295, 36.56334447787598], [-118.25926728263977, 36.56334838871363]], [[-118.26295922240946, 36.56271200936505], [-118.2629616531107, 36.56286131418886], [-118.2631467349891, 36.56285935320104], [-118.26314430393191, 36.562710048387835], [-118.26295922240946, 36.56271200936505]], [[-118.2594353983803, 36.56230129826206], [-118.25943782226439, 36.562450603298906], [-118.25962290341442, 36.56244864779998], [-118.25980313537244, 36.56214808197859], [-118.25924789405815, 36.562153948411854], [-118.25925031756839, 36.56230325346318], [-118.2594353983803, 36.56230129826206]], [[-118.26641727450088, 36.559091389592716], [-118.26641483748466, 36.55894208487366], [-118.26622976518334, 36.558944050754704], [-118.26623220184364, 36.55909335548441], [-118.26586205647536, 36.559097286406256], [-118.26586449244178, 36.55924659115336], [-118.26567941937479, 36.55924855619415], [-118.2656842906496, 36.55954716569795], [-118.26623951193217, 36.559541269650204], [-118.26623707521806, 36.55939196493216], [-118.26660722193826, 36.55938803281904], [-118.26660478453026, 36.55923872811839], [-118.26678985750752, 36.5592367616417], [-118.26678741976153, 36.55908745694781], [-118.26641727450088, 36.559091389592716]], [[-118.26657797422644, 36.55759637615468], [-118.26658041143708, 36.557745680898094], [-118.26676548085531, 36.55774371452784], [-118.26676304328879, 36.55759440979507], [-118.26657797422644, 36.55759637615468]], [[-118.26620783604787, 36.55760030801239], [-118.26621027254672, 36.557749612777094], [-118.26639534200086, 36.55774764698118], [-118.26639290514612, 36.557598342227124], [-118.26620783604787, 36.55760030801239]], [[-118.26415747965535, 36.55672608332628], [-118.26415991213197, 36.55687538823124], [-118.26434497964799, 36.55687342565787], [-118.26434254681548, 36.55672412076354], [-118.26415747965535, 36.55672608332628]], [[-118.26470538055678, 36.55627228013399], [-118.26470781404728, 36.55642158501874], [-118.26452274763469, 36.556423548134546], [-118.26452761395772, 36.556722157913626], [-118.26545294940013, 36.55671233935681], [-118.26544564460447, 36.55626442484179], [-118.26507551261645, 36.55626835306219], [-118.26507307843212, 36.55611904819481], [-118.26470538055678, 36.55627228013399]], [[-118.26340991778365, 36.556286015840115], [-118.26341234878312, 36.556435320799224], [-118.26359741530314, 36.556433359406306], [-118.26359498394781, 36.55628405445783], [-118.26340991778365, 36.556286015840115]], [[-118.26581577652075, 36.556260495472806], [-118.26600084245203, 36.55625853035759], [-118.2659984064884, 36.55610922554337], [-118.265813340913, 36.55611119064796], [-118.26581577652075, 36.556260495472806]], [[-118.26636853758538, 36.556105294472786], [-118.26636610092798, 36.55595598967597], [-118.26692129637132, 36.555950090948414], [-118.2669188586643, 36.555800786179645], [-118.26728654975763, 36.55564754752882], [-118.26746185927489, 36.5550483611573], [-118.26709417134826, 36.55520160030213], [-118.26709660933936, 36.55535090507579], [-118.26617372694727, 36.55551004089852], [-118.26617616319501, 36.555659345717636], [-118.26599109870513, 36.55566131107744], [-118.2659984064884, 36.55610922554337], [-118.26636853758538, 36.556105294472786]], [[-118.26597404783847, 36.55461617718754], [-118.26597161207212, 36.55446687233057], [-118.26615667371529, 36.55446490705588], [-118.26615423761103, 36.55431560220567], [-118.26578411501842, 36.55431953244667], [-118.26578898582156, 36.55461814218575], [-118.26597404783847, 36.55461617718754]], [[-118.27592318315976, 36.55182216325772], [-118.27592563783362, 36.55197146760411], [-118.27574058283746, 36.55197344792501], [-118.27574794590014, 36.55242136097296], [-118.27611805800913, 36.552417399979745], [-118.27611560292526, 36.55226809565575], [-118.27630065859684, 36.55226611473921], [-118.27629820317524, 36.55211681042206], [-118.27611314785945, 36.55211879132788], [-118.27610823778205, 36.55182018266045], [-118.27592318315976, 36.55182216325772]]], [[[-118.26761142711368, 36.586854125364866], [-118.267796565926, 36.58685215605586], [-118.26779900808165, 36.5870014599946], [-118.26761386891296, 36.587003429314265], [-118.26761142711368, 36.586854125364866]]], [[[-118.25811991455267, 36.595317179394776], [-118.25792990706377, 36.595020525459894], [-118.2588557019415, 36.59501074936314], [-118.25885085068289, 36.594712140853126], [-118.25903600889177, 36.59471018479229], [-118.25903843486867, 36.594859489038654], [-118.25940632525595, 36.594706271807944], [-118.25920903568345, 36.59396170720667], [-118.25883872284889, 36.593965619510065], [-118.25883144636282, 36.59351770665758], [-118.25827598018576, 36.59352357286086], [-118.25845628612059, 36.59322300911722], [-118.25733566748964, 36.59263751779797], [-118.25733082250656, 36.59233890899433], [-118.25695809540657, 36.592193510885565], [-118.25694356527018, 36.591297684231236], [-118.25657326484156, 36.59130158925322], [-118.25657084392753, 36.59115228477611], [-118.25583266377048, 36.591309395846984], [-118.25545510685605, 36.59086538378569], [-118.25508480828125, 36.59086928414409], [-118.25508722630782, 36.59101858871345], [-118.25490207663726, 36.59102053847193], [-118.25489965896718, 36.59087123389203], [-118.25471450963528, 36.59087318335244], [-118.25470725780121, 36.59042526955779], [-118.25507755430836, 36.590421370412734], [-118.25507513635301, 36.59027206582784], [-118.25526028422344, 36.59027011583459], [-118.25526270253526, 36.59041942040894], [-118.2556329989356, 36.59041551953884], [-118.25563057991083, 36.590266214985604], [-118.25581572772782, 36.59026426412984], [-118.25601055458466, 36.59085953109175], [-118.25656600215294, 36.5908536758102], [-118.25656358129237, 36.59070437132143], [-118.25693387886918, 36.59070046638397], [-118.25693145731348, 36.59055116191242], [-118.25748690247552, 36.59054530238162], [-118.25748447986827, 36.5903959979379], [-118.25766962786349, 36.590394044196515], [-118.25767931982541, 36.590991261905764], [-118.25786446922868, 36.59098930783459], [-118.25786931602963, 36.591287916644745], [-118.25805446612802, 36.59128596226491], [-118.25806173753273, 36.591733875419266], [-118.25880476728882, 36.591875359232475], [-118.25918477422452, 36.59246866444069], [-118.25936992704986, 36.59246670796353], [-118.25936750064571, 36.59231740367614], [-118.25955265309668, 36.592315446922065], [-118.25955507985734, 36.59246475119887], [-118.26029326272189, 36.59230761703047], [-118.26028840640221, 36.59200900854993], [-118.2599156756313, 36.59186361976113], [-118.25990839347843, 36.59141570693594], [-118.25953809290797, 36.591419621179604], [-118.25971838923586, 36.5911190556108], [-118.2599035387992, 36.59111709836638], [-118.25990596612988, 36.5912664026531], [-118.26083414459174, 36.59140591629525], [-118.26083657374059, 36.591555220521215], [-118.26120930465342, 36.591700606432006], [-118.26121173455098, 36.591849910629], [-118.2610265833304, 36.59185186993901], [-118.26103387206103, 36.59229978253847], [-118.26121902435112, 36.59229782319665], [-118.26103873130423, 36.59259839091867], [-118.26141146765393, 36.59274377606816], [-118.26141389803327, 36.59289308022734], [-118.26196935902047, 36.592887199486896], [-118.26196692757163, 36.592737895359534], [-118.26215208084174, 36.59273593454827], [-118.26215451264709, 36.59288523866502], [-118.26289756022375, 36.59302669657259], [-118.26308758138269, 36.59332334241036], [-118.26364304509495, 36.59331745381099], [-118.26383306981901, 36.59361409837684], [-118.26401822504903, 36.593612134626525], [-118.26402309602295, 36.5939107425971], [-118.26420825194809, 36.593908778537994], [-118.26402796706863, 36.59420935055211], [-118.2642131237068, 36.594207386471766], [-118.26421799553727, 36.59450599438997], [-118.26440315287057, 36.59450403000081], [-118.26440558916921, 36.59465333394345], [-118.26385011604587, 36.594659226280164], [-118.26384768081684, 36.59450992230564], [-118.26236642121818, 36.59452562246646], [-118.26236398885933, 36.5943763184031], [-118.26199610613939, 36.5945295446312], [-118.26199367449361, 36.5943802405466], [-118.26143334171209, 36.59408751336078], [-118.26142605019832, 36.5936396009649], [-118.26105330946312, 36.593494215965954], [-118.26104602030317, 36.59304630345981], [-118.26030297557575, 36.5929048339449], [-118.26030540383391, 36.59305413816378], [-118.25993509549203, 36.59305805379056], [-118.25993752305504, 36.593207358026746], [-118.26030783210996, 36.59320344237877], [-118.2603102604039, 36.593352746589886], [-118.26049541526105, 36.593350788323995], [-118.26031511704538, 36.593651355000446], [-118.26012996145728, 36.593653312999976], [-118.26013481745723, 36.59395192141619], [-118.26031997375836, 36.59394996339546], [-118.26013967352867, 36.59425052981684], [-118.26032483054288, 36.59424857177492], [-118.26032968739888, 36.594547180138825], [-118.26051484510829, 36.594545221788174], [-118.26051727391966, 36.5946945259537], [-118.26033211585373, 36.59469648431495], [-118.26033454432644, 36.59484578848719], [-118.25940875194597, 36.59485557603315], [-118.25941360537956, 36.59515418447187], [-118.2590432868761, 36.595158097519736], [-118.25904813895497, 36.59545670598525], [-118.25886297896334, 36.59545866209902], [-118.25886783040053, 36.59575727057017], [-118.25868266967792, 36.595759226417535], [-118.25868752047342, 36.596057834894296], [-118.25850235901984, 36.59605979047526], [-118.25850720917366, 36.59635839895764], [-118.25832204698906, 36.5963603542722], [-118.25832689650113, 36.59665896276019], [-118.25814173358557, 36.596660917808336], [-118.25813930917718, 36.59651161355572], [-118.25795414660031, 36.59651356830572], [-118.25794687455198, 36.59606565549279], [-118.25776171302698, 36.5960676099235], [-118.25776413666867, 36.596216914208945], [-118.2568383269933, 36.59622668210186], [-118.25683590513444, 36.596077377763564], [-118.25609283808464, 36.59593588247501], [-118.2560904176877, 36.595786578086674], [-118.25571767602352, 36.59564117645367], [-118.2555276767888, 36.5953445185425], [-118.25515493828019, 36.59519911507744], [-118.25515010124779, 36.59490050615249], [-118.25478220114437, 36.59505371041607], [-118.25477736557377, 36.59475510144114], [-118.25440946538133, 36.59490830455838], [-118.2542194729745, 36.594611644394995], [-118.25403431465868, 36.594613592968926], [-118.2540367309911, 36.5947628975044], [-118.25366399797369, 36.59461748925417], [-118.25384432442668, 36.59431693215162], [-118.25365916678838, 36.5943188801294], [-118.25328160695302, 36.59387486144272], [-118.25290887960463, 36.593729450700174], [-118.25290646553589, 36.59358014607426], [-118.25253615362904, 36.59358403876143], [-118.25253374029111, 36.59343473411057], [-118.25290405148495, 36.59343084144447], [-118.25290163745174, 36.59328153681079], [-118.25345710303962, 36.59327569568669], [-118.25345468795466, 36.59312639108074], [-118.253269533133, 36.5931283383991], [-118.25326228905433, 36.5926804245263], [-118.25289198149673, 36.59268431823722], [-118.25288715362586, 36.592385708927104], [-118.25399565575938, 36.59222471987278], [-118.25399807180719, 36.59237402447044], [-118.25381291882141, 36.59237597259871], [-118.25381533453049, 36.592525277203016], [-118.25400048787274, 36.59252332906421], [-118.25400532005726, 36.59282193824008], [-118.25382016600199, 36.59282388639998], [-118.25382258176441, 36.59297319099264], [-118.25400773617622, 36.5929712428222], [-118.25401015231294, 36.593120547400424], [-118.2543804617962, 36.59311665017587], [-118.25438287866375, 36.593265954729105], [-118.25475318878885, 36.59326205633332], [-118.25494801575117, 36.59385732475169], [-118.25531832862166, 36.593853424546246], [-118.25532558489265, 36.5943013379778], [-118.25551074237076, 36.59429938741211], [-118.2555131615199, 36.594448691870966], [-118.2558834771358, 36.594444789855814], [-118.25608557694726, 36.59548796929838], [-118.25664105767152, 36.59548211303459], [-118.25664347910251, 36.595631417399], [-118.25701380020931, 36.5956275117642], [-118.25720380579081, 36.59592416716921], [-118.25738896701274, 36.59592221361175], [-118.25738654411985, 36.595772909297395], [-118.25757170496742, 36.59577095546295], [-118.25757412821686, 36.59592025976675], [-118.25831477285486, 36.595912441511075], [-118.25830507425914, 36.59531522444181], [-118.25811991455267, 36.595317179394776]], [[-118.25867296830118, 36.595162009417365], [-118.25848780898696, 36.59516396493485], [-118.2584902339478, 36.595313269201306], [-118.2586753936186, 36.59531131367324], [-118.25867296830118, 36.595162009417365]], [[-118.26235669189023, 36.59392840618968], [-118.26217153578592, 36.59393036737336], [-118.26217396773451, 36.594079671459006], [-118.26235912419536, 36.59407771026471], [-118.26235669189023, 36.59392840618968]], [[-118.26327760402144, 36.59361998790255], [-118.26309244871972, 36.5936219505027], [-118.26309488241512, 36.593771254543036], [-118.26328003807335, 36.59376929193227], [-118.26327760402144, 36.59361998790255]], [[-118.26198151653327, 36.59363372006535], [-118.26216667194244, 36.59363175919042], [-118.26216424004755, 36.59348245509312], [-118.26197908499492, 36.593484415957434], [-118.26198151653327, 36.59363372006535]], [[-118.2619742219719, 36.59318580772994], [-118.26160634402845, 36.59333903269043], [-118.26160877483589, 36.59348833682346], [-118.26197908499492, 36.593484415957434], [-118.2619742219719, 36.59318580772994]], [[-118.26178663648622, 36.593038464155306], [-118.26160148246728, 36.59304042441274], [-118.26160391323893, 36.59318972855353], [-118.26178906761437, 36.593187768285496], [-118.26178663648622, 36.593038464155306]], [[-118.26029811911307, 36.592606225495466], [-118.26011296602057, 36.592608183420836], [-118.26011539388648, 36.59275748765809], [-118.26030054733549, 36.59275552972211], [-118.26029811911307, 36.592606225495466]], [[-118.25825900982996, 36.59247844251348], [-118.2580738568975, 36.59248039726546], [-118.258076280824, 36.592629701623046], [-118.25826143411295, 36.592627746860494], [-118.25825900982996, 36.59247844251348]]], [[[-118.25719896073599, 36.59562555851546], [-118.25738412124481, 36.59562360497915], [-118.25738654411985, 36.595772909297395], [-118.25720138325447, 36.595774862844266], [-118.25719896073599, 36.59562555851546]]], [[[-118.25795657065213, 36.59666287256892], [-118.25814173358557, 36.596660917808336], [-118.2581441580118, 36.59681022205708], [-118.2579589947218, 36.59681217682824], [-118.25795657065213, 36.59666287256892]]], [[[-118.23121761144772, 36.55722015154417], [-118.23103254076788, 36.557222062715425], [-118.23103017199465, 36.55707275593388], [-118.2312152423186, 36.55707084477297], [-118.23121761144772, 36.55722015154417]]], [[[-118.2338370898366, 36.55898504420562], [-118.2338394641755, 36.55913435078138], [-118.23346931403341, 36.559138181147006], [-118.23347406133995, 36.55943679432835], [-118.23328898553082, 36.55943870910111], [-118.23329135885436, 36.559588015696335], [-118.23273613025438, 36.55959375832253], [-118.2325557978714, 36.55989428521855], [-118.23237072090713, 36.55989619858641], [-118.23238020739682, 36.56049342510464], [-118.2321951289913, 36.56049533822672], [-118.23219987162896, 36.56079395148327], [-118.23201479249406, 36.560795864338864], [-118.23201716348314, 36.560945170971664], [-118.231647004449, 36.56094899584193], [-118.23165411538518, 36.561396915779184], [-118.23109887349943, 36.561402651023634], [-118.23110361207493, 36.56170126435783], [-118.23091853069951, 36.561703175552246], [-118.23073818652803, 36.56200369981949], [-118.23036565435864, 36.56185821411484], [-118.2301900428679, 36.562457350983856], [-118.22963479308805, 36.56246307955223], [-118.22964425940542, 36.56306030642734], [-118.22927408995044, 36.563064124119435], [-118.22891101607469, 36.56351586090218], [-118.22798558661829, 36.56352539738842], [-118.22798795008934, 36.56367470417879], [-118.22761777747294, 36.56367851678326], [-118.22762014024939, 36.56382782359041], [-118.2278052269223, 36.56382591742147], [-118.22780995323943, 36.56412453100348], [-118.22799504060697, 36.56412262452666], [-118.22799740414766, 36.564271931301526], [-118.22781231642408, 36.56427383778866], [-118.22782413260829, 36.565020371656374], [-118.22763904308718, 36.56502227790786], [-118.22764140602018, 36.56517158468008], [-118.22727122621365, 36.56517539634191], [-118.22709794586957, 36.56592383569958], [-118.2265426706365, 36.56592955033081], [-118.22654975339185, 36.56637747075165], [-118.22636466054455, 36.56637937508511], [-118.22636938175621, 36.56667798870022], [-118.22600155450502, 36.56683110336894], [-118.22599683468286, 36.56653248972036], [-118.22581174142735, 36.56653439320233], [-118.2258093818984, 36.56638508636192], [-118.22599447479782, 36.566383182890256], [-118.225987395247, 36.56593526237666], [-118.22635757885739, 36.56593145463336], [-118.22635049732664, 36.565483534146686], [-118.22653558803763, 36.56548162987506], [-118.22653086639194, 36.565183016218505], [-118.22634577639305, 36.56518492046952], [-118.22634341595233, 36.56503561362511], [-118.22652850559516, 36.5650337093844], [-118.22652614481578, 36.56488440254642], [-118.22634105552896, 36.56488630677682], [-118.22633633473437, 36.56458769306861], [-118.22615124614225, 36.56458959699115], [-118.22614652612924, 36.56429098324681], [-118.22633161400931, 36.564289079344896], [-118.22614180618571, 36.56399236948696], [-118.22595671900032, 36.563994273081036], [-118.22612764677216, 36.56309652811432], [-118.22594256172283, 36.56309843164657], [-118.2259354833186, 36.56265051087698], [-118.22556531530383, 36.56265431701797], [-118.22555588052265, 36.56205708918846], [-118.22592368632564, 36.5619039761834], [-118.22609697018842, 36.56115553799455], [-118.22664748999905, 36.56085121221542], [-118.22664276871893, 36.56055259833897], [-118.22701292655783, 36.56054878903992], [-118.22701056523192, 36.560399482116495], [-118.22719564376933, 36.56039757704647], [-118.22718855882806, 36.55994965628388], [-118.22737363628023, 36.55994775095759], [-118.22737127431199, 36.559798444039274], [-118.22774142845226, 36.55979463254573], [-118.22773670314413, 36.559496018738734], [-118.22829193208842, 36.55949029940634], [-118.22828956839265, 36.559340992527986], [-118.22865972022332, 36.559337178224396], [-118.22865735583306, 36.5591878713628], [-118.22902750688219, 36.5591840559311], [-118.22902987198434, 36.55933336277204], [-118.22921494783873, 36.559331454615055], [-118.22921258238067, 36.55918214778445], [-118.22939765786171, 36.559180239350624], [-118.22939292628598, 36.55888162569843], [-118.22976544226312, 36.55902711481788], [-118.22976070929849, 36.55872850119927], [-118.23013085800305, 36.55872468238328], [-118.23012375655127, 36.55827676198826], [-118.23067897627412, 36.55827103170343], [-118.2306742399246, 36.55797241814939], [-118.23122945735504, 36.557966685342], [-118.23122471893979, 36.55766807183451], [-118.23140979066991, 36.55766616034505], [-118.23140505161263, 36.55736754684274], [-118.2312199805943, 36.5573694583115], [-118.2314003126251, 36.557068933324906], [-118.2312152423186, 36.55707084477297], [-118.2312128732069, 36.556921537997894], [-118.23139794315755, 36.55691962656016], [-118.23139557370737, 36.556770319791546], [-118.23176571284452, 36.55676649607529], [-118.23176334270003, 36.55661718932349], [-118.23194841188653, 36.55661527704497], [-118.23194367093816, 36.55631666355044], [-118.23212873939545, 36.55631475100545], [-118.23211688555054, 36.55556821725298], [-118.23230195221099, 36.55556630447261], [-118.23229721008347, 36.55526769096518], [-118.23248227601474, 36.555265777918365], [-118.23265548335664, 36.55451733085148], [-118.23302323919961, 36.55436419668821], [-118.23301612218334, 36.55391627645241], [-118.23338387446788, 36.553763141228664], [-118.23338150146985, 36.553613834492495], [-118.23356656338198, 36.553611919836804], [-118.23411225150289, 36.55300894732927], [-118.23466743270721, 36.553003199179685], [-118.23466268192185, 36.55270458580981], [-118.23484774157669, 36.55270266920644], [-118.23485011731643, 36.55285197588296], [-118.2350351773096, 36.55285005898209], [-118.23503280121402, 36.552700752315964], [-118.23558798002107, 36.55269499992178], [-118.23559035718412, 36.55284430655676], [-118.23540529724345, 36.552846224319], [-118.23540767406817, 36.55299553096048], [-118.23559273436466, 36.55299361318787], [-118.23559748877823, 36.55329222643842], [-118.23541242777007, 36.553294144231806], [-118.23541480464729, 36.55344345086164], [-118.23559986601126, 36.553441533057885], [-118.23561412977705, 36.554337372693176], [-118.23542906627804, 36.55433929055923], [-118.23543144327778, 36.55448859716189], [-118.23561650713259, 36.55448667928547], [-118.23561888450567, 36.554635985873894], [-118.23543382029499, 36.554637903760714], [-118.23562363930428, 36.55493459903908], [-118.23543857438189, 36.554936516946654], [-118.2354433285388, 36.5552351301171], [-118.23562839417292, 36.55523321218875], [-118.23563314911156, 36.55553182532291], [-118.23581821543989, 36.55552990708665], [-118.23563790412022, 36.55583043844154], [-118.23619310518792, 36.55582468280899], [-118.23619786240182, 36.55612329584978], [-118.23638293010113, 36.556121376710514], [-118.23638530909022, 36.556270683214706], [-118.23583486076765, 36.55657505286125], [-118.23584199474213, 36.55702297242073], [-118.23547185495038, 36.55702680881376], [-118.23530342410756, 36.55807387230051], [-118.23456313427882, 36.55808154078247], [-118.2343828123989, 36.558382070317], [-118.23401266592096, 36.55838590230202], [-118.23401741518826, 36.55868451545997], [-118.23364964116472, 36.55883765293166], [-118.23365201513022, 36.55898695952166], [-118.2338370898366, 36.55898504420562]], [[-118.23230432330094, 36.555715611220506], [-118.2324893902998, 36.55571369814263], [-118.23248701885399, 36.5555643914051], [-118.23230195221099, 36.55556630447261], [-118.23230432330094, 36.555715611220506]], [[-118.2326625984474, 36.554965251102885], [-118.23284766363203, 36.554963337502485], [-118.23284529156179, 36.55481403076626], [-118.23266022673302, 36.55481594435629], [-118.2326625984474, 36.554965251102885]], [[-118.23522974326582, 36.55344536837828], [-118.2352321198047, 36.55359467501463], [-118.235417181542, 36.55359275748761], [-118.23541480464729, 36.55344345086164], [-118.23522974326582, 36.55344536837828]], [[-118.23401029131355, 36.55823659571724], [-118.23382521840425, 36.55823851126861], [-118.23382759265574, 36.558387817863775], [-118.23401266592096, 36.55838590230202], [-118.23401029131355, 36.55823659571724]], [[-118.22816121741008, 36.56292626350661], [-118.22816358116755, 36.56307557030218], [-118.22834866600823, 36.563073663323145], [-118.22834630189473, 36.562924356537884], [-118.22816121741008, 36.56292626350661]], [[-118.22649309572917, 36.56279410640743], [-118.22649545626525, 36.56294341329971], [-118.22668054090646, 36.56294150891607], [-118.22667818001437, 36.5627922020341], [-118.22649309572917, 36.56279410640743]], [[-118.22926226065725, 36.562317590412526], [-118.22926462648104, 36.56246689716168], [-118.22944970979327, 36.562464988500565], [-118.22944734361349, 36.56231568176176], [-118.22926226065725, 36.562317590412526]], [[-118.22629621078684, 36.56204947592239], [-118.22629857088005, 36.56219878284438], [-118.22648365375865, 36.5621968787995], [-118.22648129330946, 36.56204757188782], [-118.22629621078684, 36.56204947592239]], [[-118.2290677159865, 36.561722271699416], [-118.22907008138465, 36.56187157847442], [-118.22925516329035, 36.561869670141846], [-118.22925279753622, 36.561720363377184], [-118.2290677159865, 36.561722271699416]], [[-118.2262867705878, 36.56145224819566], [-118.22628913061152, 36.561601555133166], [-118.22647421206618, 36.56159965112952], [-118.22647185168651, 36.56145034420232], [-118.2262867705878, 36.56145224819566]], [[-118.23017110252596, 36.56126289729551], [-118.23017347000768, 36.56141220402011], [-118.23035855074089, 36.56141029399524], [-118.2303561829032, 36.56126098728097], [-118.23017110252596, 36.56126289729551]], [[-118.22887317442479, 36.561126952554396], [-118.22887553939732, 36.561276259355225], [-118.22906061989654, 36.56127435135119], [-118.22905825456803, 36.56112504456068], [-118.22887317442479, 36.561126952554396]], [[-118.22757525047146, 36.56099099359145], [-118.22757761293481, 36.56114030046842], [-118.22776269319986, 36.5611383944852], [-118.22776033038055, 36.56098908761854], [-118.22757525047146, 36.56099099359145]], [[-118.22997655380246, 36.560667580044154], [-118.22997892085853, 36.56081688679465], [-118.23016400018533, 36.56081497709834], [-118.23016163277329, 36.56066567035819], [-118.22997655380246, 36.560667580044154]], [[-118.22867863597202, 36.560531632977465], [-118.22868100051893, 36.560680939804136], [-118.22886607961169, 36.56067903212861], [-118.22886371470881, 36.56052972531227], [-118.22867863597202, 36.560531632977465]], [[-118.22812339965719, 36.56053735424981], [-118.22812576313625, 36.56068666110745], [-118.22831084228122, 36.56068475429355], [-118.22830847844621, 36.56053544744622], [-118.22812339965719, 36.56053735424981]], [[-118.22738072228935, 36.560395671689236], [-118.22738308432717, 36.56054497859204], [-118.22756816318577, 36.56054307293729], [-118.22756580079201, 36.56039376604481], [-118.22738072228935, 36.560395671689236]], [[-118.22922677539025, 36.560077988709914], [-118.2292220443174, 36.559779375083615], [-118.22903696739517, 36.55978128327157], [-118.22903460224083, 36.559631976442276], [-118.22866444905604, 36.559635791935946], [-118.2286668134985, 36.559785098785895], [-118.22885189045556, 36.55978319117233], [-118.22886134982333, 36.56038041849204], [-118.22904642818675, 36.56037851054998], [-118.22904169775614, 36.56007989691853], [-118.22922677539025, 36.560077988709914]], [[-118.2292291409528, 36.560227295517244], [-118.22941421892544, 36.5602253870111], [-118.22941185300694, 36.5600760802141], [-118.22922677539025, 36.560077988709914], [-118.2292291409528, 36.560227295517244]], [[-118.2292196788071, 36.559630068264646], [-118.22921731331421, 36.5594807614418], [-118.22903223710388, 36.559482669609096], [-118.22903460224083, 36.559631976442276], [-118.2292196788071, 36.559630068264646]], [[-118.22866208463097, 36.559486485082104], [-118.2284770083684, 36.55948839238783], [-118.22847937243752, 36.55963769925198], [-118.22866444905604, 36.559635791935946], [-118.22866208463097, 36.559486485082104]], [[-118.22978200818807, 36.560072262360855], [-118.22978437481848, 36.56022156913719], [-118.22996945273886, 36.56021965976944], [-118.2299670857525, 36.56007035300345], [-118.22978200818807, 36.560072262360855]], [[-118.23200056692619, 36.55990002446053], [-118.23200293781052, 36.560049331116616], [-118.23218801516568, 36.560047418312806], [-118.23218564392539, 36.55989811166707], [-118.23200056692619, 36.55990002446053]], [[-118.22792886853242, 36.55994203325552], [-118.22793123158591, 36.560091340139], [-118.22811630932446, 36.560089433653594], [-118.22811394591503, 36.559940126780425], [-118.22792886853242, 36.55994203325552]], [[-118.23236360622319, 36.559448278656994], [-118.23236597776705, 36.55959758530401], [-118.23255105401944, 36.55959567195687], [-118.23254868211964, 36.559446365320206], [-118.23236360622319, 36.559448278656994]], [[-118.23125078108708, 36.55931044593366], [-118.23125315047788, 36.559459752646674], [-118.23143822647904, 36.55945784103304], [-118.23143585673235, 36.55930853433038], [-118.23125078108708, 36.55931044593366]], [[-118.2301379596117, 36.559172602743374], [-118.23014032684941, 36.55932190952232], [-118.23032540259928, 36.55931999964218], [-118.23032303500563, 36.559170692873586], [-118.2301379596117, 36.559172602743374]], [[-118.23161382215686, 36.558858702339705], [-118.23161619220718, 36.559008009043644], [-118.23180126710565, 36.55900609688668], [-118.23179889669944, 36.55885679019308], [-118.23161382215686, 36.558858702339705]], [[-118.23050100663791, 36.55872086241854], [-118.23050337453523, 36.558870169188445], [-118.23068844918244, 36.55886825876496], [-118.2306860809292, 36.55871895200539], [-118.23050100663791, 36.55872086241854]], [[-118.2325344510876, 36.55855052541875], [-118.23253682288262, 36.55869983207868], [-118.23272189698199, 36.558697918506496], [-118.23271952483103, 36.558548611856914], [-118.2325344510876, 36.55855052541875]], [[-118.23197685904279, 36.55840695768625], [-118.23197922975257, 36.558556264381146], [-118.23216430354837, 36.55855435168086], [-118.23216193248265, 36.55840504499632], [-118.23197685904279, 36.55840695768625]], [[-118.23270529229214, 36.557652771877926], [-118.23270766433829, 36.55780207855079], [-118.23289273628468, 36.55780016475358], [-118.2328903638826, 36.55765085809107], [-118.23270529229214, 36.557652771877926]], [[-118.23177756382863, 36.55751302977609], [-118.2317799340778, 36.557662336504606], [-118.2319650057556, 36.55766042415362], [-118.23196263515051, 36.557511117435446], [-118.23177756382863, 36.55751302977609]], [[-118.23436143515514, 36.55703831110085], [-118.2343638103345, 36.55718761769593], [-118.23454888070002, 36.55718570135562], [-118.23454650516474, 36.55703639477091], [-118.23436143515514, 36.55703831110085]], [[-118.23343371146247, 36.55689858179216], [-118.23343608484488, 36.55704788844298], [-118.23362115494189, 36.55704597354888], [-118.2336187812036, 36.55689666690843], [-118.23343371146247, 36.55689858179216]], [[-118.23509696193523, 36.556732030939294], [-118.23509933850316, 36.55688133750064], [-118.23528440808693, 36.55687942003242], [-118.23528203116307, 36.55673011348146], [-118.23509696193523, 36.556732030939294]], [[-118.23250599090935, 36.55675884519679], [-118.23250836249483, 36.5569081519033], [-118.23269343232329, 36.556906238455404], [-118.23269106038192, 36.55675693175925], [-118.23250599090935, 36.55675884519679]], [[-118.23416924076257, 36.55659230730392], [-118.23417161553357, 36.55674161392103], [-118.23435668484889, 36.55673969789902], [-118.23435430972197, 36.556590391292275], [-118.23416924076257, 36.55659230730392]], [[-118.23379910279127, 36.55659613846573], [-118.2338014768505, 36.55674544510358], [-118.23398654620078, 36.55674352965589], [-118.23398417178565, 36.55659422302841], [-118.23379910279127, 36.55659613846573]], [[-118.23287138529487, 36.55645640465134], [-118.23287375755721, 36.55660571134489], [-118.23305882663897, 36.556603797343385], [-118.23305645402074, 36.556454490660194], [-118.23287138529487, 36.55645640465134]], [[-118.2345346277508, 36.5562898617891], [-118.23453700319862, 36.55643916839322], [-118.23472207176718, 36.55643725181762], [-118.23471969596349, 36.55628794522387], [-118.2345346277508, 36.5562898617891]], [[-118.23527014680641, 36.55598358066838], [-118.23527252364273, 36.55613288723875], [-118.23545759142957, 36.556130969535275], [-118.23545521423735, 36.55598166297529], [-118.23527014680641, 36.55598358066838]], [[-118.23490001189201, 36.555987415193115], [-118.2349023880166, 36.55613672178424], [-118.23508745583841, 36.55613480465507], [-118.23508507935794, 36.55598549807432], [-118.23490001189201, 36.555987415193115]], [[-118.23359979192627, 36.55570221364512], [-118.23360216552476, 36.55585152031662], [-118.23378723275722, 36.555849605218285], [-118.23378485880284, 36.555700298557156], [-118.23359979192627, 36.55570221364512]], [[-118.23322965812065, 36.55570604295958], [-118.23323203100742, 36.55585534965181], [-118.23341709827481, 36.55585343512779], [-118.23341472503219, 36.555704128445925], [-118.23322965812065, 36.55570604295958]], [[-118.23508032644952, 36.555686884901164], [-118.23507557361107, 36.5553882717125], [-118.23470544150862, 36.55539210557989], [-118.2348952596953, 36.555688801999196], [-118.23508032644952, 36.555686884901164]], [[-118.23396517709392, 36.5553997698689], [-118.23396755136922, 36.55554907652741], [-118.23415261785496, 36.55554716087551], [-118.23415024322384, 36.55539785422738], [-118.23396517709392, 36.5553997698689]], [[-118.23266734192855, 36.55526386458441], [-118.23266971369529, 36.55541317131935], [-118.23285477994752, 36.55541125768789], [-118.23285240782488, 36.5552619509633], [-118.23266734192855, 36.55526386458441]], [[-118.23433055941466, 36.5550973250115], [-118.23433293436672, 36.55524663165704], [-118.2345180001058, 36.555244715451586], [-118.23451562479787, 36.55509540881641], [-118.23433055941466, 36.5550973250115]], [[-118.23302561157331, 36.55451350342571], [-118.23302798396448, 36.554662810159336], [-118.23321304840245, 36.55466089600538], [-118.23321067565546, 36.55451158928211], [-118.23302561157331, 36.55451350342571]], [[-118.2333909935668, 36.55421106141393], [-118.23339336663473, 36.554360368134596], [-118.23357843032608, 36.55435845342707], [-118.23357605690231, 36.55420914671677], [-118.2333909935668, 36.55421106141393]], [[-118.23449899813215, 36.55405026226162], [-118.23450137331767, 36.554199568923934], [-118.23468643654829, 36.55419765250396], [-118.23468406100693, 36.55404834585201], [-118.23449899813215, 36.55405026226162]], [[-118.23375637271354, 36.55390861832099], [-118.2337587464582, 36.55405792502869], [-118.23394380940292, 36.55405600976762], [-118.23394143530243, 36.553906703070304], [-118.23375637271354, 36.55390861832099]], [[-118.23486437212232, 36.55374781586047], [-118.23486674798454, 36.55389712250981], [-118.23505181046848, 36.5538952055363], [-118.23504943425046, 36.55374589889735], [-118.23486437212232, 36.55374781586047]], [[-118.23449424781361, 36.55375164892532], [-118.23449662296414, 36.55390095559542], [-118.23468168548308, 36.553899039196175], [-118.23467930997671, 36.55374973253646], [-118.23449424781361, 36.55375164892532]], [[-118.23412174901358, 36.55360617414692], [-118.23412412343495, 36.55375548084164], [-118.23430918563304, 36.553753565027044], [-118.23430681085583, 36.5536042583427], [-118.23412174901358, 36.55360617414692]], [[-118.23375162527667, 36.553610004893976], [-118.23375399898637, 36.55375931160942], [-118.23393906121939, 36.55375739636909], [-118.23393668715387, 36.553608089664], [-118.23375162527667, 36.553610004893976]], [[-118.2348596204504, 36.55344920255015], [-118.23486199627762, 36.55359850920724], [-118.23504705804991, 36.5535965922545], [-118.23504468186687, 36.55344728560777], [-118.2348596204504, 36.55344920255015]], [[-118.23411700022326, 36.55330756074586], [-118.23411937460968, 36.55345686744833], [-118.2343044360961, 36.55345495165448], [-118.23430206135386, 36.55330564496238], [-118.23411700022326, 36.55330756074586]]], [[[-118.22576219496712, 36.5633989487392], [-118.22594728074584, 36.56339704547357], [-118.2259496402834, 36.56354635238125], [-118.22576455414867, 36.563548255657174], [-118.22576219496712, 36.5633989487392]]], [[[-118.24643080011818, 36.59394671202716], [-118.24642839851025, 36.593797407037435], [-118.24661355541407, 36.59379547031607], [-118.24661595737854, 36.59394477529531], [-118.24643080011818, 36.59394671202716]]], [[[-118.25069664215842, 36.594350008666844], [-118.25069423229705, 36.59420070393019], [-118.25087938986307, 36.594198760563735], [-118.25088180008099, 36.59434806528988], [-118.25069664215842, 36.594350008666844]]], [[[-118.2512569377881, 36.59464278707184], [-118.25125934877234, 36.59479209176527], [-118.25070387184903, 36.59479792285349], [-118.25070146193443, 36.594648618128495], [-118.25088662057004, 36.59464667473049], [-118.25088180008099, 36.59434806528988], [-118.25106695798581, 36.594346121625364], [-118.25106454741133, 36.59419681690975], [-118.25087938986307, 36.594198760563735], [-118.25087456948047, 36.59390015109982], [-118.25161519671478, 36.59389237484268], [-118.25162243159372, 36.5943402889065], [-118.25143727374216, 36.59434223343368], [-118.25144209637048, 36.59464084281119], [-118.2512569377881, 36.59464278707184]]], [[[-118.24793850793607, 36.59557356382899], [-118.24793610328116, 36.59542425896588], [-118.2468251388038, 36.59543588774996], [-118.24682273630594, 36.595286582820044], [-118.24663757585435, 36.595288519933774], [-118.24663997799564, 36.59543782487417], [-118.2464548171698, 36.59543976171082], [-118.24645241538506, 36.59529045675994], [-118.24608209439347, 36.59529432954959], [-118.24608449546508, 36.59544363452142], [-118.2458993345862, 36.59544557049538], [-118.24589693387117, 36.59529626551308], [-118.24534145219816, 36.59530207167815], [-118.24533905257044, 36.59515276666053], [-118.24497113099446, 36.59530594101707], [-118.24478117326774, 36.59500926515325], [-118.24404053343028, 36.595016999146374], [-118.24385057996456, 36.59472032170368], [-118.24403573925495, 36.59471838894523], [-118.24421610370983, 36.594417845703425], [-118.24458881888934, 36.59456328386946], [-118.24476918083074, 36.59426273983046], [-118.24514189624321, 36.59440817626461], [-118.24513949707804, 36.59425887121322], [-118.24569497131651, 36.5942530661307], [-118.2456925710994, 36.594103761106844], [-118.24606528738713, 36.594249194637946], [-118.24624564284014, 36.59394864847146], [-118.24643080011818, 36.59394671202716], [-118.24643320174377, 36.594096017013015], [-118.24661835936065, 36.59409408027068], [-118.24661595737854, 36.59394477529531], [-118.24772690056919, 36.593933148865716], [-118.24772449646557, 36.593783843949375], [-118.24809481000781, 36.59377996619344], [-118.24828477711657, 36.59407663665002], [-118.24809961965893, 36.594078575980284], [-118.24810442938087, 36.594377185751576], [-118.24791927119246, 36.594379124815276], [-118.24792648483853, 36.59482703947456], [-118.2486671217645, 36.59481928136849], [-118.24866952777481, 36.59496858620518], [-118.24903984684464, 36.594964705405815], [-118.24904225358576, 36.5951140102176], [-118.24922741345063, 36.59511206937608], [-118.24922500635296, 36.59496276457479], [-118.24978048477162, 36.5949569403564], [-118.24997046127453, 36.59525360788981], [-118.24923222769915, 36.59541067896701], [-118.24923463485001, 36.59555998375665], [-118.24849399100546, 36.59556774552337], [-118.24849158528087, 36.59541844069174], [-118.248306424632, 36.59542038040401], [-118.24830883000004, 36.59556968524613], [-118.24793850793607, 36.59557356382899]], [[-118.24756097402901, 36.59512952659763], [-118.24737581400473, 36.595131464851114], [-118.24737821755458, 36.59528076975349], [-118.24756337793539, 36.595278831489516], [-118.24756097402901, 36.59512952659763]], [[-118.24533425336801, 36.594854156613636], [-118.24514909384469, 36.59485609139548], [-118.24515149308051, 36.59500539643133], [-118.2453366529604, 36.59500346163904], [-118.24533425336801, 36.594854156613636]], [[-118.24588733118767, 36.59469904554497], [-118.24570217207389, 36.594700981178995], [-118.24570457236169, 36.59485028618732], [-118.24588973183202, 36.59484835054281], [-118.24588733118767, 36.59469904554497]], [[-118.24644040672663, 36.59454393194725], [-118.24625524802242, 36.59454586843346], [-118.2462576493622, 36.59469517341424], [-118.24644280842296, 36.59469323691755], [-118.24644040672663, 36.59454393194725]], [[-118.24514429542603, 36.594557481312115], [-118.24495913659814, 36.59455941578546], [-118.24496153544207, 36.59470872083955], [-118.24514669462654, 36.59470678635574], [-118.24514429542603, 36.594557481312115]]], [[[-118.2434850533669, 36.59502279662184], [-118.24367021340566, 36.59502086441758], [-118.2436726098067, 36.59517016953325], [-118.24311712856777, 36.59517596531471], [-118.24329749764017, 36.59487542339808], [-118.24348265734005, 36.59487349149183], [-118.2434850533669, 36.59502279662184]]], [[[-118.24275399161418, 36.595627743211686], [-118.24238606246578, 36.5957809097139], [-118.24219611330024, 36.59548422958613], [-118.24275159694302, 36.59547843805541], [-118.24275399161418, 36.595627743211686]]], [[[-118.24387694488041, 36.596362677732806], [-118.2435066184023, 36.596366542617105], [-118.24351380706499, 36.596814457878935], [-118.24314108285144, 36.596669016571354], [-118.2431386873437, 36.596519711463166], [-118.24332385098344, 36.5965177797295], [-118.24331666349633, 36.596069864412996], [-118.24368698858343, 36.59606600014568], [-118.24368459207655, 36.59591669505331], [-118.24405491637994, 36.595912829656605], [-118.24405251917753, 36.59576352458129], [-118.24423768094618, 36.59576159146205], [-118.24441804691907, 36.59546104793477], [-118.24478836894183, 36.5954571803003], [-118.2447931661462, 36.595755790378924], [-118.24460800443052, 36.59575772436087], [-118.24479796342119, 36.596054400442], [-118.24461280099239, 36.596056334444874], [-118.24461759762488, 36.59635494451334], [-118.24424727128796, 36.59635881169822], [-118.24424966891752, 36.59650811674756], [-118.244064505366, 36.59651004991909], [-118.24406929996493, 36.59680866002703], [-118.2438841356826, 36.5968105929319], [-118.24387694488041, 36.596362677732806]], [[-118.24424487367604, 36.596209506645], [-118.24405971083766, 36.596211439795624], [-118.24406210809302, 36.5963607448593], [-118.24424727128796, 36.59635881169822], [-118.24424487367604, 36.596209506645]]], [[[-118.23963251867946, 36.59730288625689], [-118.2396277410911, 36.59700427567111], [-118.2392597990222, 36.59715743272599], [-118.23926218711199, 36.59730673803779], [-118.23907702130187, 36.59730866349686], [-118.23907463356868, 36.597159358174636], [-118.23888946809758, 36.59716128333571], [-118.23889185547417, 36.59731058866834], [-118.23852152376607, 36.59731443814856], [-118.23851675045685, 36.597015827437765], [-118.23777608968254, 36.59702352286389], [-118.23777370448067, 36.59687421746102], [-118.237958869344, 36.596872294046285], [-118.23795648380309, 36.596722988649944], [-118.23906747047462, 36.59671144218471], [-118.23906269516647, 36.59641283150535], [-118.23924785883703, 36.59641090610879], [-118.23924547085274, 36.596261600773694], [-118.23943063414916, 36.59625967509999], [-118.23943541084849, 36.59655828574544], [-118.23962057484047, 36.5965563597633], [-118.23961818612544, 36.59640705445293], [-118.24017367692612, 36.596401274812344], [-118.24035406026121, 36.596100737141334], [-118.24072438591219, 36.596096882076296], [-118.24072199511048, 36.59594757681683], [-118.2410923199779, 36.59594372062239], [-118.2410899284806, 36.595794415379906], [-118.24127509053133, 36.59579248686176], [-118.24127987425662, 36.59609109732195], [-118.2414650370029, 36.596089168495354], [-118.24146742924852, 36.5962384737092], [-118.24128226614569, 36.596240402546236], [-118.24128465805235, 36.59638970776661], [-118.24146982151176, 36.596387778919144], [-118.24147221379263, 36.59653708412522], [-118.24128704997663, 36.59653901298312], [-118.24129183387802, 36.59683762340449], [-118.24074112201716, 36.59714201878377], [-118.2407435129597, 36.59729132401216], [-118.23963251867946, 36.59730288625689]], [[-118.24035884049115, 36.59639934769032], [-118.24054400403861, 36.59639742028074], [-118.24054161355826, 36.59624811501862], [-118.24035645036739, 36.59625004241777], [-118.24035884049115, 36.59639934769032]], [[-118.24110427772834, 36.596690246776504], [-118.24091911352053, 36.59669217506969], [-118.24092150476686, 36.5968414802993], [-118.24110666933124, 36.59683955199568], [-118.24110427772834, 36.596690246776504]], [[-118.24036601096805, 36.59684726348467], [-118.24036840116221, 36.596996568741694], [-118.24055356613601, 36.59699464129039], [-118.24055117558525, 36.5968453360438], [-118.24036601096805, 36.59684726348467]], [[-118.23943779922452, 36.59670759106234], [-118.23944018761814, 36.59685689637537], [-118.23962535232329, 36.596854970372384], [-118.2396229635731, 36.596705665069784], [-118.23943779922452, 36.59670759106234]], [[-118.24036123063253, 36.596548652958994], [-118.24036362079148, 36.59669795822377], [-118.24054878505208, 36.596696030793325], [-118.24054639453655, 36.59654672553897], [-118.24036123063253, 36.596548652958994]]], [[[-118.23519329577438, 36.59764764277464], [-118.2350081288649, 36.59764956192758], [-118.23481820282248, 36.597352869681785], [-118.23518853523255, 36.59734903170501], [-118.23519329577438, 36.59764764277464]]], [[[-118.2348253415219, 36.59780078634269], [-118.23482296193791, 36.59765148079293], [-118.2350081288649, 36.59764956192758], [-118.23501050880549, 36.597798867466956], [-118.2348253415219, 36.59780078634269]]], [[[-118.23741768189684, 36.59777389591155], [-118.23741529732034, 36.5976245905073], [-118.23648946364985, 36.59763420065152], [-118.2364918464433, 36.59778350610777], [-118.23612151213905, 36.597787348173114], [-118.23611674799612, 36.59748873721513], [-118.23574879639764, 36.59764188359027], [-118.23574403371622, 36.59734327258297], [-118.23555886757251, 36.597345192577905], [-118.2355564866147, 36.59719588705804], [-118.23592681817132, 36.59719204680136], [-118.23592919984235, 36.59734135230045], [-118.23611436595095, 36.59733943173034], [-118.23611198392337, 36.59719012624164], [-118.23666748107416, 36.59718436283698], [-118.23666509799428, 36.59703505737561], [-118.23685026331955, 36.597033135675936], [-118.23685264675602, 36.59718244112691], [-118.23703781242031, 36.597180519129275], [-118.23703542862725, 36.59703121368869], [-118.23740575919, 36.59702736885146], [-118.23760046400179, 36.597622667615695], [-118.23833874421001, 36.59746566781726], [-118.23834113055196, 36.597614973173364], [-118.23815596394077, 36.59761689721534], [-118.23834590328852, 36.59791358387391], [-118.23797556862215, 36.5979174317119], [-118.23797795430356, 36.59806673707718], [-118.23816312200215, 36.598064813291586], [-118.23816550805775, 36.598214118642545], [-118.23798034000257, 36.598216042438565], [-118.23798272571914, 36.59836534779607], [-118.23816789413092, 36.59836342398964], [-118.23817028022167, 36.59851272933286], [-118.23798511145324, 36.59851465314969], [-118.23798749720493, 36.598663958499436], [-118.23817266632997, 36.598662034672195], [-118.23799226876099, 36.598962569187265], [-118.23780709890512, 36.59896449274771], [-118.23778801595537, 36.59777004981995], [-118.23741768189684, 36.59777389591155]], [[-118.23685503021004, 36.597331746574035], [-118.23685741368158, 36.59748105201726], [-118.23704258005908, 36.5974791299988], [-118.23704019623094, 36.59732982456598], [-118.23685503021004, 36.597331746574035]]], [[[-118.23835783543745, 36.59866011055735], [-118.23817266632997, 36.598662034672195], [-118.23817028022167, 36.59851272933286], [-118.23835544897253, 36.598510805228436], [-118.23835783543745, 36.59866011055735]]]]}}, {"type": "Feature", "properties": {"index": 5, "distance_m": 1750.0, "distance_mi": 1.087402289137162, "elevation_m": 3932.203125, "lon": -118.29006928277477, "lat": 36.57605124243967}, "geometry": {"type": "MultiPolygon", "coordinates": [[[[-118.27629158626334, 36.5742177717491], [-118.27647669428197, 36.57421578954312], [-118.27647177885167, 36.57391718202705], [-118.27665688613986, 36.57391519955519], [-118.27665442809571, 36.57376589580204], [-118.27702464190548, 36.57376193001782], [-118.27702218316708, 36.57361262628225], [-118.27720728968866, 36.57361064296988], [-118.2772097487832, 36.5737599466947], [-118.27776506930776, 36.57375399500142], [-118.2777675294889, 36.57390329869016], [-118.27795263665037, 36.57390131420701], [-118.27795755777933, 36.57419992155132], [-118.27832777347258, 36.574195951680075], [-118.2783326960987, 36.574494558965846], [-118.27796247898078, 36.57449852888007], [-118.277960018371, 36.574349225217645], [-118.27629404364944, 36.57436707551203], [-118.27629158626334, 36.5742177717491]]], [[[-118.27998881423024, 36.57387946592876], [-118.28036149328551, 36.57402479331362], [-118.28018131571685, 36.57432538862131], [-118.27981109967389, 36.57432936426068], [-118.2798061713853, 36.57403075713912], [-118.27999127870349, 36.57402876948461], [-118.27998881423024, 36.57387946592876]]], [[[-118.28073910559756, 36.57446872650841], [-118.28055399728345, 36.57447071534451], [-118.28054906610919, 36.57417210831684], [-118.28073417371098, 36.574170119502256], [-118.28073910559756, 36.57446872650841]]], [[[-118.27672326017326, 36.57794639941939], [-118.2765381432676, 36.577948382180956], [-118.27653322693253, 36.57764977485942], [-118.27671834312572, 36.57764779211931], [-118.27672326017326, 36.57794639941939]]], [[[-118.27654060146229, 36.5780976858359], [-118.27635548418232, 36.57809966832082], [-118.27635302634387, 36.57795036465516], [-118.2765381432676, 36.577948382180956], [-118.27654060146229, 36.5780976858359]]], [[[-118.27043906110718, 36.578610868106814], [-118.27099441783258, 36.578604947281605], [-118.27099197027106, 36.578455643317135], [-118.27117708878724, 36.578453669144665], [-118.27116974514205, 36.57800575725999], [-118.2709846276946, 36.57800773140042], [-118.27078972180443, 36.57741248926733], [-118.27208553370954, 36.57739866656038], [-118.2720879832823, 36.57754797048794], [-118.27282844825632, 36.57754006543342], [-118.27283089927205, 36.57768936931431], [-118.27320113236327, 36.57768541504144], [-118.27321584311163, 36.57858123811669], [-118.27303072443758, 36.57858321546101], [-118.2730331759359, 36.57873251930397], [-118.2726629378212, 36.57873647315188], [-118.27266048703537, 36.57858716928753], [-118.27192246137524, 36.57874437739914], [-118.27191756267167, 36.57844576958099], [-118.2715473257655, 36.57844971993757], [-118.27154977439577, 36.57859902386998], [-118.27117953670499, 36.578602973098434], [-118.27081664066604, 36.57905483307947], [-118.27044640069359, 36.57905878007298], [-118.27044884725838, 36.57920808405393], [-118.27026372688887, 36.57921005713029], [-118.27043906110718, 36.578610868106814]]], [[[-118.27747110759674, 36.578386376291604], [-118.2772859896948, 36.57838836023485], [-118.27728353003894, 36.57823905663062], [-118.27746864758466, 36.57823707269811], [-118.27747110759674, 36.578386376291604]]], [[[-118.29246808616011, 36.578374025241175], [-118.29247057506413, 36.57852332795204], [-118.29173010639857, 36.578531355195814], [-118.29154996348694, 36.57883196680697], [-118.29080949160522, 36.57883998839016], [-118.29081197735796, 36.57898929118706], [-118.29062685898553, 36.57899129587526], [-118.29062437358904, 36.57884199306752], [-118.29025413750178, 36.578846001560116], [-118.29025910688809, 36.5791446072151], [-118.29044422565336, 36.57914260309081], [-118.29044671073021, 36.5792919059016], [-118.28989135331075, 36.579297917444904], [-118.28971120149286, 36.5795985264146], [-118.28897072175438, 36.57960653671955], [-118.28896823949103, 36.57945723382982], [-118.28878311986696, 36.57945923567676], [-118.28878560177408, 36.57960853857733], [-118.28749224083195, 36.579771846507576], [-118.28749472028179, 36.57992114947614], [-118.28712199984834, 36.579775845359265], [-118.28712447858561, 36.579925148349474], [-118.28675423681648, 36.57992914607327], [-118.28675671485948, 36.58007844908123], [-118.28657159359128, 36.58008044752285], [-118.28656911590454, 36.57993114450408], [-118.28564351107127, 36.579941132347344], [-118.28564598697665, 36.580090435420175], [-118.28527574420319, 36.58009442856737], [-118.2852831698911, 36.580542337827346], [-118.2849153994603, 36.58069563299026], [-118.28492034862134, 36.580994239179525], [-118.28473522503316, 36.58099623481207], [-118.28474017355448, 36.581294841007356], [-118.28455504923554, 36.581296836374094], [-118.28457731527654, 36.58264056415742], [-118.28476244280222, 36.58263856869351], [-118.28476986621271, 36.583086477852156], [-118.28495499478916, 36.583084482068415], [-118.28496489435018, 36.58368169418227], [-118.28477976434841, 36.5836836900092], [-118.28477728978716, 36.583534386975785], [-118.28403677102332, 36.58354236736608], [-118.2840342979056, 36.58339306428557], [-118.28384916852545, 36.583395058653785], [-118.28385164128684, 36.58354436174509], [-118.28348138175924, 36.58354834964082], [-118.28347643768, 36.58324974341119], [-118.28384422305729, 36.583096452459515], [-118.2836541496889, 36.58279984028733], [-118.28291116672585, 36.58265851039897], [-118.28290869585528, 36.58250920723039], [-118.28198305891634, 36.5825191672511], [-118.28198552800534, 36.582668470473585], [-118.28180040020669, 36.58267046162626], [-118.28161033565529, 36.58237384599955], [-118.2812400813924, 36.58237782682473], [-118.28105001970967, 36.582081210234044], [-118.28067976676299, 36.58208518929166], [-118.2804897079489, 36.58178857173704], [-118.28030458214278, 36.581790560525796], [-118.28030211636954, 36.58164125718305], [-118.28048724181937, 36.581639268405056], [-118.28047737748278, 36.58104205503818], [-118.28029225345816, 36.581044043773126], [-118.28009726821956, 36.58044881870542], [-118.279354313739, 36.58030746601792], [-118.2793493861365, 36.58000885914312], [-118.27989982127876, 36.57970428978714], [-118.27989242691352, 36.57925637951922], [-118.27970730710972, 36.579258367262874], [-118.27970977152373, 36.57940767070016], [-118.27933953114918, 36.57941164534683], [-118.27934445860657, 36.57971025225276], [-118.27897421673441, 36.579714225792884], [-118.27879402116348, 36.58001481908675], [-118.27842377775744, 36.58001879094555], [-118.27842623976827, 36.58016809443864], [-118.27731550697759, 36.5801800031821], [-118.27712546576672, 36.57988337982637], [-118.27638497965513, 36.57989131200539], [-118.27619494270144, 36.579594687068365], [-118.27545200284001, 36.579453309733395], [-118.27544954662, 36.57930400604912], [-118.27507930612488, 36.57930796745464], [-118.2750768506355, 36.579158663745034], [-118.27396613085388, 36.57917054100006], [-118.27378591683623, 36.579471127101996], [-118.27341567530335, 36.57947508335599], [-118.27341077071921, 36.5791764757479], [-118.27322565063821, 36.5791784534224], [-118.27322319872947, 36.57902914960181], [-118.27340831845422, 36.579027171937994], [-118.27340341397841, 36.578728564306545], [-118.27395877090679, 36.57872262965506], [-118.27414879717263, 36.57901925840894], [-118.27470415602177, 36.579013320244634], [-118.27470170128105, 36.578864016505825], [-118.274516582039, 36.5788659961706], [-118.27451167332427, 36.57856738865987], [-118.27636285780622, 36.57854757929449], [-118.27636531571704, 36.578696882944584], [-118.2783991586462, 36.57852575580062], [-118.27840162047575, 36.57867505933262], [-118.2804403888078, 36.57880250435787], [-118.28062057524303, 36.57850190869498], [-118.280250339325, 36.57850588608633], [-118.28006029132163, 36.578209267468814], [-118.27931982204515, 36.57821721756747], [-118.27856457996177, 36.57732934181225], [-118.27726877248409, 36.57734323492355], [-118.27707136137438, 36.576598700254394], [-118.27688624771096, 36.57660068349411], [-118.2768813302768, 36.57630207614545], [-118.27669621730769, 36.576304059076335], [-118.27668884236083, 36.575856147991985], [-118.27798462528396, 36.57584226166685], [-118.27798216451114, 36.575692958039426], [-118.27834992586098, 36.575539684343504], [-118.27834008017379, 36.57494246986534], [-118.27870783726748, 36.57478919512952], [-118.27870537519676, 36.574639891517855], [-118.27852026632692, 36.57464187720405], [-118.2787004511097, 36.57434128428283], [-118.27888555924906, 36.57433929833081], [-118.2788880216397, 36.57448860193951], [-118.27962845544054, 36.57448065521506], [-118.27963091927403, 36.574629958776875], [-118.28092668022026, 36.57461604087146], [-118.28092914656513, 36.57476534435405], [-118.28111425555531, 36.57476335492174], [-118.28110685550664, 36.57431544449461], [-118.28129196341013, 36.57431345480728], [-118.2812968974701, 36.57461206174106], [-118.28166958241684, 36.57475738490083], [-118.28166464689585, 36.57445877801791], [-118.28147953867253, 36.57446076829068], [-118.28165230841132, 36.57371226074251], [-118.28220762762982, 36.573706288361834], [-118.28221009635888, 36.573855591792395], [-118.28202498961471, 36.57385758288404], [-118.28221503387151, 36.57415419864179], [-118.28351078555781, 36.57414025280415], [-118.28351325683454, 36.574289556147534], [-118.28425368739404, 36.57428158073308], [-118.28425121469262, 36.574132277432845], [-118.28554944017216, 36.57426761269562], [-118.28554696497756, 36.57411830947099], [-118.28684271436958, 36.57410432743011], [-118.28684023670007, 36.57395502427725], [-118.28794839639953, 36.57379372543818], [-118.28796079552326, 36.57454024085836], [-118.29092252040356, 36.574508200936414], [-118.29074238319814, 36.574808811402235], [-118.2903721663828, 36.57481281988381], [-118.29036968185474, 36.5746635169562], [-118.28963173253261, 36.57482083339899], [-118.2892689627805, 36.575272747387174], [-118.28945407237556, 36.57527074498154], [-118.28945903803441, 36.57556935091013], [-118.29038458929736, 36.57555933446345], [-118.29038210467786, 36.57541003155531], [-118.29075232434265, 36.57540602298695], [-118.29075480967452, 36.57555532587339], [-118.29093991983564, 36.57555332114735], [-118.29094986277089, 36.57615053261081], [-118.2902094163175, 36.576158549964475], [-118.29021190067226, 36.576307852863984], [-118.29170025785874, 36.576739721887115], [-118.29170274513633, 36.57688902468425], [-118.2909622918517, 36.576897046852515], [-118.29096477772276, 36.57704634968919], [-118.29059206509953, 36.576901056212535], [-118.29041192131918, 36.57720166619603], [-118.2917077197465, 36.577187630266856], [-118.29188785841174, 36.57688701842379], [-118.29225808490757, 36.576883005040834], [-118.29226057327213, 36.577032307801524], [-118.29300102746878, 36.577024277543906], [-118.29300351727649, 36.57717358025721], [-118.29355885880017, 36.57716755451416], [-118.29356134969487, 36.57731685719098], [-118.29374646385563, 36.577314848024386], [-118.29374895512488, 36.57746415068643], [-118.29337872607259, 36.57746816875401], [-118.29338121664773, 36.57761747143391], [-118.29245813072741, 36.577776814358764], [-118.29246061955811, 36.57792611708521], [-118.29283085093105, 36.57792210182602], [-118.29283583007233, 36.57822070722377], [-118.29246808616011, 36.578374025241175]], [[-118.27396367752013, 36.579021237222285], [-118.2735934381609, 36.57902519398681], [-118.27359589078216, 36.579174497786], [-118.27396613085388, 36.57917054100006], [-118.27396367752013, 36.579021237222285]], [[-118.27488682050502, 36.57886203655367], [-118.27488436542613, 36.57871273282168], [-118.27469924655841, 36.57871471276311], [-118.27470170128105, 36.578864016505825], [-118.27488682050502, 36.57886203655367]], [[-118.29227550384412, 36.57792812428375], [-118.29227799233692, 36.57807742701717], [-118.2924631084071, 36.57807541980775], [-118.29246061955811, 36.57792611708521], [-118.29227550384412, 36.57792812428375]], [[-118.28193368095349, 36.579533101984154], [-118.28211880125187, 36.579531110770375], [-118.28211633218832, 36.57938180747693], [-118.28193121224618, 36.579383798679935], [-118.28193368095349, 36.579533101984154]], [[-118.28192874355706, 36.57923449537184], [-118.28137338469041, 36.57924046722426], [-118.28137585231076, 36.57938977056467], [-118.28193121224618, 36.579383798679935], [-118.28192874355706, 36.57923449537184]], [[-118.2911722682968, 36.57838806982438], [-118.29098715138593, 36.578390075043934], [-118.29098963744002, 36.57853937784164], [-118.29117475470713, 36.57853737261125], [-118.2911722682968, 36.57838806982438]], [[-118.29005659806623, 36.57810149111555], [-118.2902417143561, 36.578099487354535], [-118.29023177616882, 36.57750227591998], [-118.2898615464206, 36.577506283067905], [-118.28986899789626, 36.57795419171471], [-118.29005411384819, 36.57795218825191], [-118.29005659806623, 36.57810149111555]], [[-118.28431551084658, 36.578014161973805], [-118.28394527779318, 36.578018150795344], [-118.2839477502555, 36.57816745401595], [-118.28431798402137, 36.578163465172835], [-118.28431551084658, 36.578014161973805]], [[-118.28375027299683, 36.57742293181049], [-118.28338004268402, 36.5774269188215], [-118.28338498534387, 36.577725525354715], [-118.28301475353341, 36.57772951125943], [-118.28301722417815, 36.57787881454177], [-118.28376016123916, 36.578020144775046], [-118.28375027299683, 36.57742293181049]], [[-118.28300487113626, 36.57713229809115], [-118.28263711196239, 36.5772855860796], [-118.28263958184012, 36.57743488939518], [-118.28208423601626, 36.57744086430813], [-118.28208670484351, 36.57759016765216], [-118.28301475353341, 36.57772951125943], [-118.28300487113626, 36.57713229809115]], [[-118.28208176720717, 36.57729156096022], [-118.28189665225241, 36.57729355201237], [-118.28189912070528, 36.57744285537106], [-118.28208423601626, 36.57744086430813], [-118.28208176720717, 36.57729156096022]], [[-118.28189418381774, 36.5771442486498], [-118.28152395456617, 36.57714822987047], [-118.28152642228841, 36.577297533254594], [-118.28189665225241, 36.57729355201237], [-118.28189418381774, 36.5771442486498]], [[-118.28039847324727, 36.576264345861745], [-118.27929026056556, 36.57642557543152], [-118.27929518729745, 36.57672418249308], [-118.27985052859522, 36.576718220672795], [-118.27985299305703, 36.57686752416548], [-118.28022322121056, 36.576863548160325], [-118.28022568640296, 36.5770128516276], [-118.28096614391714, 36.57700489612594], [-118.28095381101248, 36.57625837896593], [-118.28076869844223, 36.576260368218556], [-118.28076623227199, 36.576111064764106], [-118.28039600778942, 36.57611504238577], [-118.28039847324727, 36.576264345861745]], [[-118.28150914861428, 36.576252409483956], [-118.28132403609852, 36.57625439959863], [-118.28133143792408, 36.57670230984171], [-118.28151655150847, 36.576700319694716], [-118.28150914861428, 36.576252409483956]], [[-118.28224959849564, 36.57624444615176], [-118.28206448605256, 36.576246437415826], [-118.28206695473442, 36.57639574079099], [-118.2822520675337, 36.57639374951614], [-118.28224959849564, 36.57624444615176]], [[-118.28389336028906, 36.57488278226329], [-118.28407846934452, 36.57488078822284], [-118.28407352452659, 36.574582181628045], [-118.28370330782215, 36.57458616937844], [-118.28389336028906, 36.57488278226329]]], [[[-118.27732966579886, 36.59227556307561], [-118.27732720481478, 36.592126259822514], [-118.277142054091, 36.59212824417867], [-118.27713713289019, 36.5918296376393], [-118.27658168274905, 36.5918355889183], [-118.27657676375956, 36.59153698229895], [-118.27620646500087, 36.59154094833779], [-118.27601639881613, 36.591244324226665], [-118.27564610137472, 36.591248288497525], [-118.27563872848195, 36.59080037835507], [-118.27526843310696, 36.59080434141156], [-118.27526597622513, 36.590655038001515], [-118.27489568149069, 36.59065899988655], [-118.27489322533991, 36.59050969645119], [-118.27433778417203, 36.59051563709031], [-118.27396012697265, 36.590071685588725], [-118.27303194398361, 36.5899322743103], [-118.27284189392999, 36.589635644743886], [-118.2726567488321, 36.58963762201771], [-118.27266165238004, 36.58993622918824], [-118.2722889096342, 36.58979087931148], [-118.27228400754811, 36.589492272090396], [-118.27283944182665, 36.58948634116348], [-118.27283698974135, 36.5893370375792], [-118.27320727845724, 36.589333082211866], [-118.2732048256771, 36.589183778645086], [-118.27338996965152, 36.589181800540885], [-118.27338751653302, 36.589032496980934], [-118.2728271815807, 36.58873982320313], [-118.2728222776087, 36.58844121599176], [-118.27319010937563, 36.588287957162734], [-118.2731876567219, 36.58813865356872], [-118.27374308110602, 36.588132718618475], [-118.2737406274011, 36.5879834150527], [-118.27429605055335, 36.58797747754729], [-118.27429359579727, 36.58782817400976], [-118.27447873645546, 36.58782619427705], [-118.27447382628469, 36.58752758721171], [-118.274658966212, 36.58752560721297], [-118.27465651079733, 36.58737630368516], [-118.27447137122644, 36.58737828367321], [-118.2744615511741, 36.5867810694803], [-118.27483182744663, 36.586777109302474], [-118.2748342831454, 36.58692641283511], [-118.27501942161093, 36.586924432304286], [-118.2750267898849, 36.587372342846685], [-118.2757747205566, 36.58781232809885], [-118.2757845510947, 36.58840954188269], [-118.27596969303387, 36.58840755980731], [-118.2759672350158, 36.5882582563779], [-118.27855921527315, 36.58823047728745], [-118.27855675228331, 36.588081174004465], [-118.27911217509276, 36.588075214043826], [-118.27911463915183, 36.58822451729455], [-118.27929978040845, 36.5882225300553], [-118.27929731599298, 36.588073226815325], [-118.27948245687503, 36.58807123929935], [-118.27948492164693, 36.588220542528575], [-118.27967006286727, 36.58821855471437], [-118.27967252801372, 36.58836785792894], [-118.27948738643698, 36.588369845753896], [-118.27949231607151, 36.588668452192856], [-118.27930717376378, 36.58867043975185], [-118.27931210275804, 36.588969046196766], [-118.27949724577863, 36.58896705861627], [-118.279494780916, 36.58881775540651], [-118.27967992356201, 36.58881576754928], [-118.27967499317833, 36.588517161139606], [-118.28004527699022, 36.588513184605745], [-118.28004281111278, 36.588363881416576], [-118.28022795263506, 36.58836189272918], [-118.28022548641934, 36.5882125895469], [-118.28059576869661, 36.58820861133122], [-118.28059330178624, 36.588059308166564], [-118.2807784425412, 36.58805731863827], [-118.28078090980803, 36.58820662179216], [-118.28096605090124, 36.58820463196563], [-118.28096358327802, 36.588055328822506], [-118.28114872399667, 36.58805333871927], [-118.28115119197632, 36.588202641851616], [-118.2813363330332, 36.588200651450144], [-118.28133386469715, 36.588051348328555], [-118.28151900537947, 36.58804935765037], [-118.28152147407191, 36.588198660761186], [-118.28188928668953, 36.588045375431584], [-118.28189175609481, 36.58819467852084], [-118.28226450818131, 36.588339998194414], [-118.28245953163824, 36.588935218230496], [-118.28283228834003, 36.5890805360196], [-118.28283723098762, 36.58937914203194], [-118.28320751845868, 36.58937515559438], [-118.28320999052265, 36.589524458573145], [-118.28339513458732, 36.58952246491235], [-118.28322235111548, 36.590270973408536], [-118.2830372052504, 36.59027296683577], [-118.28302978990945, 36.589825057913856], [-118.28265950026334, 36.58982904384114], [-118.2826570292323, 36.589679740837816], [-118.28210653563768, 36.58998432360765], [-118.28211147565203, 36.590282929659516], [-118.28192632967777, 36.59028492136178], [-118.2819287993558, 36.59043422439265], [-118.28155850663987, 36.590438206956236], [-118.28155603767476, 36.590288903903804], [-118.28118574559902, 36.59029288529585], [-118.281183277365, 36.590143582218], [-118.28081298592946, 36.59014756243852], [-118.28082038854733, 36.590595471725024], [-118.28119068212158, 36.590591491439895], [-118.28119561871682, 36.59089009756838], [-118.28156591364423, 36.59088611609017], [-118.28156838268204, 36.591035419127024], [-118.28138323487096, 36.591037410020654], [-118.2813857035705, 36.5911867130644], [-118.28157085173804, 36.591184722159994], [-118.28157578990454, 36.591483328214245], [-118.28139064102407, 36.5914853191402], [-118.28139310977812, 36.591634622172265], [-118.2810228112497, 36.59163860318318], [-118.28102527930896, 36.59178790623289], [-118.2806549799949, 36.59179188611529], [-118.28065744735939, 36.59194118918266], [-118.28010199718261, 36.59194715688222], [-118.28010446349582, 36.59209645997797], [-118.27954901208618, 36.592102425122164], [-118.27955147734808, 36.59225172824632], [-118.27918117560459, 36.592255703593054], [-118.27918364017168, 36.59240500673481], [-118.27881087378852, 36.592259677789706], [-118.27881333764263, 36.59240898095297], [-118.27844303504101, 36.59241295402106], [-118.27844549820028, 36.59256225720193], [-118.2778900430924, 36.59256821467989], [-118.2778875810026, 36.59241891146679], [-118.27751727821968, 36.59242288165967], [-118.277514816861, 36.592273578421185], [-118.27732966579886, 36.59227556307561]]], [[[-118.22636466054455, 36.56637937508511], [-118.22599683468286, 36.56653248972036], [-118.225987395247, 36.56593526237666], [-118.22635757885739, 36.56593145463336], [-118.22636466054455, 36.56637937508511]]], [[[-118.24314738763654, 36.57397073495955], [-118.24333249742706, 36.57396880422905], [-118.24332052811837, 36.57322227585457], [-118.24350563611041, 36.57322034488898], [-118.24350084779796, 36.572921733532915], [-118.24368595506, 36.57291980230089], [-118.24367637722199, 36.57232257958398], [-118.24404419371616, 36.572169410673546], [-118.24402982332002, 36.571273576583835], [-118.24458034101374, 36.57096916845339], [-118.24456836100295, 36.57022264005653], [-118.24493856247665, 36.570218774233844], [-118.24493616581519, 36.57006946856376], [-118.24512126616945, 36.57006753523192], [-118.24511407522255, 36.56961961822973], [-118.24548187608225, 36.56946644511272], [-118.24566217898143, 36.569165899661684], [-118.2460323752578, 36.569162030537974], [-118.24603477395003, 36.56931133616856], [-118.24621987241784, 36.56930940116529], [-118.2462222714838, 36.56945870678153], [-118.2460371726599, 36.56946064179526], [-118.24603957138744, 36.569609947418094], [-118.24622467056744, 36.56960801239388], [-118.24623186792435, 36.57005592920764], [-118.24641696815505, 36.570053993864704], [-118.24641936766544, 36.57020329945104], [-118.24678956878603, 36.570199427882336], [-118.24698427181161, 36.57079471384782], [-118.24661646783224, 36.570947891631405], [-118.24643616473297, 36.57124843844668], [-118.24606595855593, 36.571252309012834], [-118.24607075645254, 36.571550920161386], [-118.24588565262525, 36.571552855034426], [-118.2458904498802, 36.571851466188406], [-118.24570534532296, 36.57185340079507], [-118.24570774362078, 36.5720027063767], [-118.24589284853417, 36.57200077175956], [-118.24590004460204, 36.57244868844973], [-118.24571493862018, 36.57245062309829], [-118.24572932909574, 36.57334645643661], [-118.24554422095923, 36.57334839086066], [-118.24554661907746, 36.57349769641393], [-118.24499129349351, 36.57350349799347], [-118.24481097837021, 36.57380404245726], [-118.24388543172739, 36.573813704677704], [-118.24370511158224, 36.57411424754834], [-118.24333489134168, 36.57411810989229], [-118.24315935560489, 36.57471726328919], [-118.24297424401574, 36.574719193784595], [-118.24314738763654, 36.57397073495955]]], [[[-118.26453229211467, 36.57971899289599], [-118.26471741411008, 36.57971702869674], [-118.26471254297914, 36.5794184200937], [-118.26508278549107, 36.579414490875536], [-118.26508034923995, 36.57926518658946], [-118.2648952283492, 36.5792671513316], [-118.26489035661332, 36.57896854272651], [-118.26507547679155, 36.57896657800563], [-118.26507060441487, 36.57866796940625], [-118.26525572386264, 36.57866600441925], [-118.26524841436338, 36.57821809152291], [-118.26506329598439, 36.57822005647801], [-118.26487330610261, 36.57792341248619], [-118.26505842378708, 36.57792144783974], [-118.26523866861551, 36.57762087427338], [-118.26560890246975, 36.57761694358614], [-118.26559671712621, 36.57687042204311], [-118.26522405053186, 36.57672504828243], [-118.26503406387658, 36.57642840441517], [-118.26447872145636, 36.57643429717349], [-118.26448115629806, 36.57658360156532], [-118.26429604176592, 36.576585565254], [-118.26429117281289, 36.576286956445166], [-118.26410605897527, 36.57628891982524], [-118.26410362488184, 36.57613961540436], [-118.26373339786525, 36.57614354128117], [-118.26354341833428, 36.57584689487141], [-118.26317319263502, 36.57585081898163], [-118.26298321597163, 36.57555417160929], [-118.26224033669453, 36.575412710600695], [-118.26223790627063, 36.57526340605032], [-118.26186525347678, 36.57511802147726], [-118.26185796450326, 36.57467010772752], [-118.26222575441952, 36.57451688324018], [-118.26222332410299, 36.574367578666475], [-118.26259354285735, 36.574363657642024], [-118.26297105681765, 36.57480764905028], [-118.26371149824259, 36.57479980112717], [-118.26371393146233, 36.574949105604276], [-118.26408415277969, 36.57494517989741], [-118.26408658672975, 36.5750944843494], [-118.26464191963996, 36.575088593602175], [-118.26501944879112, 36.575532578173785], [-118.26557478463819, 36.57552668302069], [-118.26595232125162, 36.575970664460506], [-118.26688032522004, 36.57611013469041], [-118.26688276465666, 36.576259438951745], [-118.26706787822515, 36.576257471261336], [-118.26688764358371, 36.57655804746273], [-118.26726031233058, 36.576703415980305], [-118.26762321882292, 36.57625156646595], [-118.26817855925891, 36.576245659084364], [-118.26817611732884, 36.576096354897615], [-118.26891412623003, 36.575939170260526], [-118.26891168291111, 36.57578986610865], [-118.26964968728602, 36.57563267699414], [-118.26982990905006, 36.57533209681958], [-118.27056790706361, 36.575174902127905], [-118.27056301421217, 36.574876293973475], [-118.27074812421515, 36.57487432063208], [-118.27074567746025, 36.574725016559704], [-118.27185388608866, 36.574563866529154], [-118.27203409684692, 36.574263283183186], [-118.27240431369702, 36.57425933170116], [-118.27239941393827, 36.57396072371378], [-118.27295473694113, 36.57395479439993], [-118.2729522860203, 36.57380549043249], [-118.27425048998278, 36.573940949277734], [-118.27407028862942, 36.57424153580907], [-118.27388518037581, 36.574243514279736], [-118.27371969180702, 36.57543992365778], [-118.27353458066781, 36.57544190163943], [-118.27354193728573, 36.57588981330538], [-118.27317416434565, 36.57604307237312], [-118.27317661589336, 36.5761923762715], [-118.27280638992659, 36.576196330330376], [-118.27262617792844, 36.57649691477808], [-118.2720708366516, 36.57650284291334], [-118.27207328611615, 36.57665214686424], [-118.27151794360833, 36.57665807244537], [-118.2715203920223, 36.57680737642443], [-118.27115016288118, 36.57681132539643], [-118.2711526106007, 36.576960629393], [-118.27078238067506, 36.57696457723691], [-118.27078482770017, 36.57711388125093], [-118.27041459699002, 36.57711782796677], [-118.26986903194569, 36.57772096211608], [-118.26949879820559, 36.577724906043656], [-118.26950124282712, 36.57787421011297], [-118.26876810340366, 36.57833000687497], [-118.26877298995869, 36.578628615063955], [-118.26840519431973, 36.578781859781], [-118.2684076369297, 36.57893116388711], [-118.26822251707475, 36.5789331337809], [-118.26822007482103, 36.57878382966415], [-118.26729447705787, 36.57879367476907], [-118.26729203660342, 36.578644370595136], [-118.26710691735315, 36.57864633874333], [-118.2671117975675, 36.578944947108596], [-118.26674399700958, 36.57909818678351], [-118.26656375482119, 36.57939876250732], [-118.26582570799384, 36.57955593323019], [-118.26564546119188, 36.57985650763207], [-118.26490740800278, 36.5800136727763], [-118.2649098439873, 36.58016297705358], [-118.26453716260477, 36.580017601504736], [-118.26453229211467, 36.57971899289599]], [[-118.26335100770287, 36.57540094363347], [-118.2633437100733, 36.57495303016175], [-118.26315859935194, 36.57495499200946], [-118.2631658959129, 36.57540290551304], [-118.26335100770287, 36.57540094363347]]], [[[-118.27079951022917, 36.57800970525347], [-118.2704292752442, 36.578013652097454], [-118.27042682882347, 36.577864348085406], [-118.27079706309594, 36.57786040126278], [-118.27079951022917, 36.57800970525347]]], [[[-118.27043172168291, 36.57816295610563], [-118.2702466038072, 36.578164929107245], [-118.27024904990768, 36.5783142331222], [-118.27006393165769, 36.578316205847116], [-118.27005904018718, 36.57801759779195], [-118.2704292752442, 36.578013652097454], [-118.27043172168291, 36.57816295610563]]], [[[-118.25788242308722, 36.58068534073436], [-118.25806270217092, 36.58038477749808], [-118.2584329502461, 36.58038086884517], [-118.25844264455426, 36.58097808738456], [-118.25862776999027, 36.580976132584674], [-118.2584523391479, 36.58157530586177], [-118.25789695845715, 36.58158116866386], [-118.25789938108124, 36.581730473305164], [-118.2575291264856, 36.58173438042397], [-118.25753154841489, 36.58188368508253], [-118.25697616531875, 36.58188954363681], [-118.25697858619692, 36.58203884832321], [-118.2560553646797, 36.58219791162009], [-118.25604810739, 36.581749997402504], [-118.25660348968451, 36.58174414319118], [-118.25678377612577, 36.58144358179923], [-118.2571540294388, 36.58143967702202], [-118.25715160827562, 36.58129037233066], [-118.25733673454907, 36.581288419521506], [-118.2573318915636, 36.580989810148246], [-118.2578872681392, 36.58098395005974], [-118.25788484560428, 36.580834645399], [-118.25806997073752, 36.58083269147192], [-118.25806754786414, 36.58068338681786], [-118.25788242308722, 36.58068534073436]], [[-118.25789211326249, 36.58128255936957], [-118.25770698704254, 36.58128451304097], [-118.25770940927464, 36.58143381770061], [-118.25807966240934, 36.58142991004928], [-118.25807239362871, 36.580981996122084], [-118.2578872681392, 36.58098395005974], [-118.25789211326249, 36.58128255936957]]], [[[-118.26199124286573, 36.59423093645813], [-118.26217639970102, 36.59422897554076], [-118.26217396773451, 36.594079671459006], [-118.26291459347046, 36.59407182495654], [-118.26291946027361, 36.59437043303124], [-118.26310461737587, 36.59436847066553], [-118.26310705116087, 36.59451777468644], [-118.26218126368772, 36.5945275836926], [-118.26199124286573, 36.59423093645813]]], [[[-118.25794445057156, 36.59591635121404], [-118.25831477285486, 36.595912441511075], [-118.25832204698906, 36.5963603542722], [-118.25813688478664, 36.5963623092992], [-118.25813446041394, 36.5962130050388], [-118.25776413666867, 36.596216914208945], [-118.25794445057156, 36.59591635121404]]], [[[-118.25813930917718, 36.59651161355572], [-118.25795414660031, 36.59651356830572], [-118.25795172256636, 36.596364264038634], [-118.25813688478664, 36.5963623092992], [-118.25813930917718, 36.59651161355572]]]]}}, {"type": "Feature", "properties": {"index": 6, "distance_m": 2087.119474609567, "distance_mi": 1.2968791396532537, "elevation_m": 4401.76171875, "lon": -118.29230000000001, "lat": 36.5785}, "geometry": {"type": "MultiPolygon", "coordinates": [[[[-118.29786287548758, 36.52455651271346], [-118.29786038110961, 36.52440720896709], [-118.29823035651326, 36.52440318197908], [-118.29823285160178, 36.524552485703644], [-118.29786287548758, 36.52455651271346]]], [[[-118.31518043986458, 36.53108666177782], [-118.31536544220174, 36.531084621246585], [-118.31536797083226, 36.53123392378212], [-118.31518296813968, 36.53123596432439], [-118.31518043986458, 36.53108666177782]]], [[[-118.31280821675233, 36.53305409724567], [-118.31299322395164, 36.53305206030035], [-118.31299574820356, 36.53320136292874], [-118.31281074064886, 36.533203399885075], [-118.31280821675233, 36.53305409724567]]], [[[-118.32811919033662, 36.5410977043323], [-118.32793927255724, 36.54139836817806], [-118.32756922060348, 36.541402488954944], [-118.32756666757612, 36.54125318740999], [-118.3273816419266, 36.54125524735684], [-118.3273841945984, 36.54140454891294], [-118.32664153914071, 36.54126348427449], [-118.32644120842787, 36.54036973303357], [-118.326256184799, 36.54037179119174], [-118.32625873522474, 36.54052109283811], [-118.32588868719957, 36.54052520831584], [-118.32588613748493, 36.540375906647185], [-118.32570111379972, 36.54037796394447], [-118.3256909165511, 36.53978075718629], [-118.32550589426931, 36.53978281415207], [-118.3255033453596, 36.53963351244163], [-118.3253183234146, 36.53963556910933], [-118.32532087196877, 36.5397848708309], [-118.32513584964948, 36.53978692722276], [-118.32513330145085, 36.53963762549005], [-118.32402316927438, 36.53964995774846], [-118.32402571533979, 36.53979925954793], [-118.32365567041991, 36.53980336802734], [-118.32365821579296, 36.53995266984514], [-118.32347319294938, 36.539954723665545], [-118.32347064793186, 36.53980542183662], [-118.32328562542509, 36.53980747535895], [-118.32328817008705, 36.53995677719898], [-118.323103147206, 36.53995883044546], [-118.32310060289957, 36.53980952859431], [-118.3227331013877, 36.53996293607756], [-118.32273055779237, 36.539813634204165], [-118.32236051261026, 36.539817738666216], [-118.32235796974474, 36.53966843676669], [-118.32217294748114, 36.539670488556176], [-118.32217548999111, 36.53981979046681], [-118.32087779111201, 36.539684843047795], [-118.32088033113321, 36.53983414503614], [-118.32051028557692, 36.53983824375905], [-118.32051282490572, 36.539987545765676], [-118.31995775536444, 36.53999369173115], [-118.31995521710226, 36.53984438969126], [-118.31958770891013, 36.53999778760668], [-118.31939761128258, 36.53970123096378], [-118.3188425435383, 36.53970737169751], [-118.31865244946614, 36.53941081378038], [-118.31828494060103, 36.539564207701204], [-118.31827480068793, 36.53896699907248], [-118.31808977979087, 36.53896904449357], [-118.31808724521477, 36.538819742315575], [-118.31771720407566, 36.53882383227477], [-118.31771213640155, 36.538525227862785], [-118.31752711651508, 36.538527272389835], [-118.31751698281279, 36.53793006347483], [-118.31714694582801, 36.537934151579535], [-118.31714441316008, 36.5377848493189], [-118.31695939499525, 36.53778689292979], [-118.31695179816984, 36.53733898609132], [-118.31676678105286, 36.537341029382084], [-118.31676931295388, 36.53749033167653], [-118.31658429546276, 36.53749237469141], [-118.31658176391726, 36.53734307238591], [-118.31639674676303, 36.537345115102795], [-118.31639927795301, 36.537494417419346], [-118.31565920772773, 36.53750258546184], [-118.31565667795975, 36.53735328310105], [-118.31528664344637, 36.53735736537858], [-118.31528411440803, 36.53720806299179], [-118.31509909747892, 36.537210103689105], [-118.31510162616173, 36.53735940608695], [-118.31436155683716, 36.537367566051074], [-118.31435902957631, 36.53721826360905], [-118.31398899551337, 36.53722234184744], [-118.31399152206319, 36.537371644311534], [-118.31380650464831, 36.537373683011374], [-118.313803978454, 36.537224380536244], [-118.31343394427947, 36.537228457053025], [-118.31343141881476, 36.53707915455192], [-118.3132464020551, 36.53708119236889], [-118.31324387696446, 36.53693188985285], [-118.31342889336861, 36.536929852046924], [-118.31342384253213, 36.53663124702523], [-118.31305381112719, 36.53663532230603], [-118.31305128644783, 36.536486019767274], [-118.31286627107298, 36.536488056966256], [-118.31286879539687, 36.53663735951604], [-118.31249876388043, 36.536641433075296], [-118.31249624026754, 36.53649213050346], [-118.31175365626136, 36.536350971514906], [-118.31175113410755, 36.53620166889119], [-118.31156611931362, 36.53620370405965], [-118.3115610757727, 36.53590509877847], [-118.31081849893462, 36.53576393380453], [-118.31062844523957, 36.53546736209066], [-118.3102584189653, 36.53547142858752], [-118.31025589976666, 36.53532212585231], [-118.30914582263172, 36.53533431839093], [-118.30914330558446, 36.5351850155858], [-118.30803322991522, 36.535197197729545], [-118.30803071501931, 36.535047894854586], [-118.30747567800114, 36.53505398202017], [-118.30747819183065, 36.535203284928095], [-118.30729317909879, 36.53520531342046], [-118.30729066562472, 36.53505601050155], [-118.3069206408164, 36.535060066603556], [-118.30692315357953, 36.535209369544425], [-118.30636811516192, 36.53521545157852], [-118.30637062687711, 36.535364754548446], [-118.30581558722666, 36.535370834033245], [-118.30581809789393, 36.53552013703217], [-118.30544807065692, 36.535524188609386], [-118.30545058063173, 36.53567349162636], [-118.30526556663004, 36.53567551699556], [-118.30526305701072, 36.53552621396763], [-118.30507804334601, 36.535528239038946], [-118.30508055260985, 36.53567754207784], [-118.30471052451409, 36.535681591381646], [-118.30453052688873, 36.535982221735054], [-118.30416049726024, 36.53598626936117], [-118.30416300480205, 36.5361355724432], [-118.30379548123807, 36.53628892204356], [-118.30380049499205, 36.536587528231934], [-118.30343046237196, 36.53659157365028], [-118.30325045772906, 36.536892202167564], [-118.30288042357628, 36.536896245908125], [-118.30233538870968, 36.53749952201612], [-118.3019678549887, 36.53765286614928], [-118.30178784227975, 36.53795349256824], [-118.30141780285484, 36.537957531870944], [-118.3012377873201, 36.53825815750098], [-118.30068272585623, 36.5382642135077], [-118.30049270397029, 36.537967625106205], [-118.29956510575015, 36.53782840785913], [-118.29956260689319, 36.537679104546534], [-118.29919256844856, 36.537683136918915], [-118.29919506659448, 36.53783244025334], [-118.29882502736524, 36.537836471499766], [-118.2988275248185, 36.53798577485213], [-118.2984574848047, 36.5379898049726], [-118.29845249133864, 36.53769119822035], [-118.29919007032105, 36.53753383358059], [-118.29937009228611, 36.537233210882285], [-118.30010766491215, 36.53707584067762], [-118.30010516508064, 36.536926537378314], [-118.3002901824426, 36.536924519955505], [-118.300287682274, 36.53677521666323], [-118.3006577162317, 36.536771180978654], [-118.30065521537051, 36.53662187770434], [-118.30121026510248, 36.536615822058266], [-118.30157028779452, 36.53601457060861], [-118.30249285869458, 36.535855166291576], [-118.30249035438902, 36.535705863103225], [-118.30304539716934, 36.53569979904625], [-118.30304038648066, 36.53540119272355], [-118.30322539999291, 36.535399170819275], [-118.30340540144994, 36.53509854233359], [-118.30377793368046, 36.53524380026155], [-118.30432294183869, 36.53464051787678], [-118.30469296503173, 36.53463646987408], [-118.3046904566081, 36.53448716678598], [-118.30506047901638, 36.534483117657565], [-118.30505796990029, 36.53433381458751], [-118.30579550255388, 36.53417640990156], [-118.30579299205294, 36.53402710686758], [-118.30616301210675, 36.53402305436212], [-118.3061655233186, 36.53417235737415], [-118.30653554400936, 36.53416830369914], [-118.3065330320866, 36.534019000709044], [-118.30727307182441, 36.53401088996007], [-118.30745305436815, 36.53371025567349], [-118.30782307266723, 36.53370619804774], [-118.3078205583119, 36.53355689512282], [-118.30800556707824, 36.53355486589059], [-118.30800305238594, 36.53340556297277], [-118.30818806077835, 36.53340353346461], [-118.30819057582606, 36.53355283637146], [-118.30856059326617, 36.53354877647251], [-118.30855807750757, 36.53339947358764], [-118.30930062792413, 36.53354065323185], [-118.30929811074378, 36.53339135039098], [-118.3094831190065, 36.53338931887457], [-118.30948563654229, 36.53353862170445], [-118.3100406622856, 36.53353252540087], [-118.31004318090625, 36.53368182819384], [-118.31022818980571, 36.53367979550786], [-118.31022567082961, 36.533530492725895], [-118.31059568786203, 36.533526426515245], [-118.31059820754899, 36.53367572927519], [-118.31078321639282, 36.5336736957285], [-118.31078069635039, 36.53352439297957], [-118.31115071327152, 36.533520325047554], [-118.3111532340248, 36.53366962777447], [-118.31133824281295, 36.5336675933671], [-118.31151820867278, 36.533366953259176], [-118.31189074689102, 36.53351218574079], [-118.31188822473452, 36.53336288305404], [-118.3126282566352, 36.533354739201066], [-118.31262573307556, 36.533205436554525], [-118.31299827247409, 36.53335066555322], [-118.31335818842463, 36.53274938032474], [-118.31373072690786, 36.53289460706209], [-118.31372315005426, 36.53244669927427], [-118.31427311377713, 36.532141978261656], [-118.31426806057625, 36.531843373100926], [-118.31463554168874, 36.53168999194574], [-118.31463048717785, 36.531391386805815], [-118.31500049336682, 36.53138730713352], [-118.3149979654285, 36.5312380045798], [-118.31518296813968, 36.53123596432439], [-118.3151854964334, 36.53138526686707], [-118.31537049948139, 36.53138322631374], [-118.31536797083226, 36.53123392378212], [-118.31592297879827, 36.53122780043408], [-118.31610292133081, 36.530927153757794], [-118.31647545583378, 36.53107237203502], [-118.31647292508956, 36.53092306956193], [-118.31665792694096, 36.53092102703368], [-118.31665539585998, 36.53077172456776], [-118.31702539879615, 36.530767638672806], [-118.317022867023, 36.53061833622509], [-118.31739540165778, 36.5307635516304], [-118.31739033670858, 36.53046494677534], [-118.31757533740067, 36.53046290284598], [-118.31757280459864, 36.530313600423675], [-118.31794533872888, 36.53045881412668], [-118.31794027172201, 36.53016020932244], [-118.31812527164738, 36.530158164554635], [-118.31812273781655, 36.53000886215774], [-118.31830773736787, 36.53000681711415], [-118.31831027155411, 36.53015611949998], [-118.31868027131158, 36.5301520285301], [-118.31867773641461, 36.53000272616642], [-118.31904773538673, 36.529998634071276], [-118.31904519979767, 36.52984933172586], [-118.31941773428416, 36.529994540828696], [-118.31959766041322, 36.5296938891489], [-118.32015265643108, 36.52968774633959], [-118.32033257900648, 36.52938709360767], [-118.32070257479948, 36.529382996437874], [-118.32070511353079, 36.5295322986952], [-118.32107257051776, 36.52937889812069], [-118.32107510995978, 36.529528200355834], [-118.32144510631397, 36.52952410086906], [-118.32144764648544, 36.529673403078085], [-118.32181764347555, 36.529669302421716], [-118.32182018437643, 36.52981860460464], [-118.32256272189474, 36.52995970193989], [-118.32256526425454, 36.5301090040706], [-118.32275026371279, 36.5301069521314], [-118.32275534919926, 36.53040555635893], [-118.3223853488425, 36.530409659994895], [-118.32239043298232, 36.53070826425125], [-118.3222054320651, 36.53071031566116], [-118.32221051556901, 36.53100891992413], [-118.32202551392233, 36.5310109710694], [-118.32203059679028, 36.53130957533899], [-118.32166059201923, 36.53131367681333], [-118.32166567354042, 36.53161228111176], [-118.32148067041607, 36.53161433144083], [-118.32148575130128, 36.53191293574586], [-118.3213007474474, 36.53191498581025], [-118.32130328756266, 36.53206428796803], [-118.32111828333467, 36.53206633775666], [-118.32094343689273, 36.532665595939264], [-118.32057342549997, 36.532669694170906], [-118.32057850309283, 36.53296829853232], [-118.32039349665756, 36.53297034724001], [-118.32039857361433, 36.533268951608], [-118.32021356644954, 36.53327100005099], [-118.32021864277017, 36.533569604425594], [-118.31966869329388, 36.53387435252526], [-118.3196712304533, 36.53402365473216], [-118.31930121240121, 36.53402774914697], [-118.31930628535424, 36.53432635359344], [-118.3185738514867, 36.53478244584236], [-118.31857892178283, 36.53508105033851], [-118.31839391016595, 36.535083096045504], [-118.31841672422306, 36.53642681618487], [-118.31823170938827, 36.536428861704636], [-118.3184293993524, 36.537173327236985], [-118.31787434945964, 36.5371794631016], [-118.31787688347498, 36.537328765333555], [-118.31824945221149, 36.537473977227826], [-118.31825198697517, 36.53762327942983], [-118.31899205757824, 36.53761509527478], [-118.31898952139254, 36.53746579311708], [-118.31954457308231, 36.53745965202123], [-118.3195471103345, 36.53760895414568], [-118.32065721534266, 36.53759666414027], [-118.32065975474657, 36.53774596619427], [-118.32102979031079, 36.53774186720814], [-118.32121988906181, 36.53803842131442], [-118.32158738471698, 36.537885018571565], [-118.32158484351685, 36.53773571657693], [-118.32269494942375, 36.537723407567306], [-118.32269749275694, 36.537872709495275], [-118.32306498457629, 36.53771930226862], [-118.32306752862051, 36.53786860417436], [-118.3232525465242, 36.53786655108352], [-118.32325000212451, 36.53771724918887], [-118.32436010702015, 36.53770492468482], [-118.32435756050614, 36.53755562285301], [-118.32454257756766, 36.53755356777586], [-118.32454512443717, 36.537702869596544], [-118.32528519391771, 36.537694646374106], [-118.32529029055702, 36.537993249914734], [-118.32584534460348, 36.53798707941829], [-118.32584279520792, 36.53783777768335], [-118.3262153805406, 36.53798296431933], [-118.32621283043405, 36.53783366260666], [-118.32639784801896, 36.53783160463792], [-118.32658796723902, 36.538128149759125], [-118.32695800373698, 36.538124032342374], [-118.32696055530315, 36.53827333400267], [-118.32677553670806, 36.53827539286566], [-118.32696565849184, 36.538571937311566], [-118.32770573552847, 36.538563698901044], [-118.32770828857306, 36.53871300050504], [-118.32826334721977, 36.538706818650795], [-118.32826079310863, 36.53855751708027], [-118.3284458122644, 36.53855545589948], [-118.32844836673107, 36.538704757458845], [-118.32863338622357, 36.538702695979936], [-118.32863594106455, 36.53885199752423], [-118.32845092121654, 36.53885405901429], [-118.32845347572082, 36.53900336056587], [-118.32863849592435, 36.539001299064644], [-118.32864105080296, 36.53915060060115], [-118.32845603024388, 36.53915266211353], [-118.32845858478579, 36.5393019636573], [-118.32864360570038, 36.539299902133756], [-118.32864871555164, 36.53959850518725], [-118.32883373715849, 36.539596443354434], [-118.32883629246786, 36.53974574486418], [-118.32939135824213, 36.539739557610496], [-118.32939391463692, 36.53988885908283], [-118.32994898130846, 36.539882669213085], [-118.32995153878869, 36.540031970648016], [-118.33032158385332, 36.54002784261107], [-118.33032414206347, 36.54017714401974], [-118.33069418776385, 36.54017301481261], [-118.33069930566286, 36.54047161757356], [-118.33088432919588, 36.5404695525172], [-118.33088688852921, 36.54061885388064], [-118.3305168407332, 36.54062298372875], [-118.330514282111, 36.540473682342956], [-118.33032925854029, 36.54047574682539], [-118.33033181680696, 36.540625048222374], [-118.32940669689326, 36.540635366386034], [-118.32940925340097, 36.54078466783496], [-118.32903920459262, 36.54078879311403], [-118.32904176040805, 36.540938094581406], [-118.32811919033662, 36.5410977043323]], [[-118.32737908927362, 36.541105945796836], [-118.3271940639609, 36.54110800544555], [-118.32719661625832, 36.54125730701671], [-118.3273816419266, 36.54125524735684], [-118.32737908927362, 36.541105945796836]], [[-118.3177020012772, 36.537928018992076], [-118.31769946754271, 36.537778716764635], [-118.31751444943384, 36.53778076123633], [-118.31751698281279, 36.53793006347483], [-118.3177020012772, 36.537928018992076]], [[-118.3132363018041, 36.53648398228136], [-118.31323377678781, 36.536334679749736], [-118.31304876178706, 36.536336717224614], [-118.31305128644783, 36.536486019767274], [-118.3132363018041, 36.53648398228136]], [[-118.31230870159811, 36.53634486425491], [-118.31230617837785, 36.53619556166423], [-118.31212116363965, 36.53619759769347], [-118.31212368650442, 36.53634690029516], [-118.31230870159811, 36.53634486425491]], [[-118.31044091255761, 36.53532009275835], [-118.31043839302205, 36.535170790030236], [-118.3102533805866, 36.5351728231132], [-118.31025589976666, 36.53532212585231], [-118.31044091255761, 36.53532009275835]], [[-118.30874560195844, 36.53354674609269], [-118.30874811809102, 36.533696048962646], [-118.3089331271202, 36.53369401828495], [-118.30893061063219, 36.533544715425975], [-118.30874560195844, 36.53354674609269]], [[-118.31391068169361, 36.532593963527454], [-118.31409568771508, 36.53259192489392], [-118.31409316140495, 36.53244262231616], [-118.31390815573889, 36.53244466093865], [-118.31391068169361, 36.532593963527454]], [[-118.3186828062272, 36.53030133088987], [-118.31886780643335, 36.53029928496357], [-118.31886527116235, 36.53014998261488], [-118.31868027131158, 36.5301520285301], [-118.3186828062272, 36.53030133088987]], [[-118.31960273370485, 36.52999249377714], [-118.31978773310688, 36.52999044643872], [-118.31978519609638, 36.52984114413763], [-118.31960019704971, 36.52984319146496], [-118.31960273370485, 36.52999249377714]], [[-118.3220229725164, 36.53086166892876], [-118.32183797120639, 36.53086371977604], [-118.32184051225693, 36.5310130219278], [-118.32202551392233, 36.5310109710694], [-118.3220229725164, 36.53086166892876]], [[-118.3214781300015, 36.53146502928247], [-118.3212931272138, 36.531467079313586], [-118.32129566727296, 36.53161638148303], [-118.32148067041607, 36.53161433144083], [-118.3214781300015, 36.53146502928247]], [[-118.32021102831723, 36.53312169785785], [-118.32002602148917, 36.53312374600285], [-118.32002855926604, 36.53327304820707], [-118.32021356644954, 36.53327100005099], [-118.32021102831723, 36.53312169785785]], [[-118.32003109706162, 36.53342235040742], [-118.31984608950401, 36.5334243982877], [-118.3198486269628, 36.53357370049523], [-118.32003363487584, 36.53357165260387], [-118.32003109706162, 36.53342235040742]], [[-118.31966615615315, 36.53372505031444], [-118.31948114784733, 36.53372709764311], [-118.31948368463263, 36.533876399865015], [-118.31966869329388, 36.53387435252526], [-118.31966615615315, 36.53372505031444]], [[-118.32084731231616, 36.5378932188837], [-118.32084985211296, 36.53804252091881], [-118.32103487059673, 36.53804047126008], [-118.32103233044442, 36.537891169236076], [-118.32084731231616, 36.5378932188837]], [[-118.32158992593584, 36.53803432056227], [-118.32177494434478, 36.538032269755796], [-118.32177240277043, 36.537882967776184], [-118.32158738471698, 36.537885018571565], [-118.32158992593584, 36.53803432056227]], [[-118.32827356385238, 36.539304024893895], [-118.32827611805756, 36.53945332644493], [-118.32846113934647, 36.539451265197165], [-118.32845858478579, 36.5393019636573], [-118.32827356385238, 36.539304024893895]], [[-118.32920889237545, 36.53989092179884], [-118.32921144843353, 36.54004022327846], [-118.32939647105056, 36.54003816055128], [-118.32939391463692, 36.53988885908283], [-118.32920889237545, 36.53989092179884]], [[-118.32940414040434, 36.5404860649332], [-118.3292191167207, 36.54048812769388], [-118.32922167285405, 36.54063742915788], [-118.32940669689326, 36.540635366386034], [-118.32940414040434, 36.5404860649332]], [[-118.32756156157781, 36.54095458430841], [-118.32756411456758, 36.541103885861155], [-118.32774913984272, 36.541101825638506], [-118.3277465864974, 36.540952524096916], [-118.32756156157781, 36.54095458430841]], [[-118.3279290577161, 36.54080116206412], [-118.32793161139818, 36.540950463598456], [-118.32811663628017, 36.54094840281303], [-118.32811408224255, 36.540799101289856], [-118.3279290577161, 36.54080116206412]], [[-118.32681635863285, 36.54066421907836], [-118.3268189101628, 36.5408135206835], [-118.327003934802, 36.540811461631016], [-118.32700138291649, 36.54066216003701], [-118.32681635863285, 36.54066421907836]], [[-118.32773892657421, 36.54050461944874], [-118.32774147986312, 36.54065392100203], [-118.32792650405281, 36.54065186052589], [-118.32792395040833, 36.540502558983746], [-118.32773892657421, 36.54050461944874]], [[-118.32958660724354, 36.540334700439985], [-118.32958916406919, 36.54048400188556], [-118.3297741877152, 36.540481938550954], [-118.32977163053403, 36.54033263711655], [-118.32958660724354, 36.540334700439985]], [[-118.32810642024242, 36.54035119669691], [-118.32810897422367, 36.540500498231786], [-118.32829399802019, 36.54049843719287], [-118.32829144368338, 36.540349135669146], [-118.32810642024242, 36.54035119669691]], [[-118.32995409628776, 36.540181272079046], [-118.32995665380565, 36.54033057350616], [-118.33014167705848, 36.54032850960883], [-118.33013911918503, 36.54017920819287], [-118.32995409628776, 36.540181272079046]], [[-118.32847391243205, 36.54019777283797], [-118.32847646710557, 36.540347074354436], [-118.32866149050892, 36.54034501275275], [-118.32865893547987, 36.54019571124745], [-118.32847391243205, 36.54019777283797]], [[-118.32662368091991, 36.54021837296045], [-118.32662623203797, 36.54036767458845], [-118.32681125562928, 36.540365615856366], [-118.3268087041557, 36.54021631423953], [-118.32662368091991, 36.54021837296045]], [[-118.32884140314306, 36.54004434787195], [-118.32884395850886, 36.54019364936998], [-118.32902898151906, 36.54019158720555], [-118.32902642579771, 36.540042285718684], [-118.32884140314306, 36.54004434787195]], [[-118.32736122122881, 36.54006083476767], [-118.32736377375028, 36.54021013635496], [-118.32754879691089, 36.54020807648619], [-118.3275462440339, 36.54005877491005], [-118.32736122122881, 36.54006083476767]], [[-118.3269911755623, 36.540064953622036], [-118.32699372737267, 36.540214255231625], [-118.32717875057087, 36.54021219593677], [-118.32717619840496, 36.540062894338334], [-118.3269911755623, 36.540064953622036]], [[-118.32772871360642, 36.53990741319657], [-118.32773126682017, 36.54005671476547], [-118.32791628958766, 36.54005465433394], [-118.32791373601837, 36.5399053527762], [-118.32772871360642, 36.53990741319657]], [[-118.32587848845367, 36.53992800161781], [-118.32588103811199, 36.54007730329817], [-118.3260660610673, 36.54007524573621], [-118.32606351105343, 36.53992594406699], [-118.32587848845367, 36.53992800161781]], [[-118.32716854201995, 36.53961498951958], [-118.32717109412948, 36.539764291129735], [-118.32735611624227, 36.53976223158138], [-118.3273535637772, 36.53961292998237], [-118.32716854201995, 36.53961498951958]], [[-118.32790607542327, 36.53945744807959], [-118.32790862893619, 36.539606749649025], [-118.32809365061824, 36.539604688964005], [-118.3280910967498, 36.53945538740573], [-118.32790607542327, 36.53945744807959]], [[-118.32753603271384, 36.53946156856646], [-118.32753858551564, 36.5396108701582], [-118.32772360723531, 36.539608810047085], [-118.32772105407794, 36.5394595084665], [-118.32753603271384, 36.53946156856646]], [[-118.32568581803937, 36.53948215378381], [-118.32568836728584, 36.539631455487], [-118.32587338919332, 36.5396293982454], [-118.32587083959132, 36.53948009655334], [-118.32568581803937, 36.53948215378381]], [[-118.32642335348466, 36.53932462147774], [-118.32642590413451, 36.53947392314028], [-118.32661092561136, 36.539471864762014], [-118.32660837460598, 36.53932256311063], [-118.32642335348466, 36.53932462147774]], [[-118.3260533111857, 36.53932873735113], [-118.32605586112449, 36.53947803903594], [-118.32624088263887, 36.53947598123158], [-118.32623833234456, 36.53932667955791], [-118.3260533111857, 36.53932873735113]], [[-118.3238330558159, 36.53935340848765], [-118.32383560148826, 36.53950271030604], [-118.32402062322774, 36.539500655945105], [-118.32401807719985, 36.539351354137835], [-118.3238330558159, 36.53935340848765]], [[-118.32346301299178, 36.53935751632644], [-118.32346555795306, 36.53950681816706], [-118.32365057973003, 36.53950476438003], [-118.32364803441318, 36.539355462550525], [-118.32346301299178, 36.53935751632644]], [[-118.32309297009269, 36.53936162301742], [-118.32309551434294, 36.539510924880275], [-118.32328053615736, 36.539508871667145], [-118.32327799155159, 36.539359569815396], [-118.32309297009269, 36.53936162301742]], [[-118.32142777612009, 36.53938008892278], [-118.32143031717048, 36.53952939088561], [-118.3216153391534, 36.539527340255056], [-118.32161279774745, 36.539378038303326], [-118.32142777612009, 36.53938008892278]], [[-118.32105773280921, 36.53938418930084], [-118.32106027314855, 36.53953349128587], [-118.32124529516886, 36.539531441229215], [-118.321242754474, 36.53938213925528], [-118.32105773280921, 36.53938418930084]], [[-118.32068768942354, 36.53938828853108], [-118.32069022905179, 36.539537590538316], [-118.32087525110951, 36.539535541055564], [-118.32087271112573, 36.53938623905943], [-118.32068768942354, 36.53938828853108]], [[-118.32734590649467, 36.539165025161985], [-118.3273484589034, 36.539314326772676], [-118.32753347993078, 36.53931226697082], [-118.32753092716655, 36.539162965371276], [-118.32734590649467, 36.539165025161985]], [[-118.32771339471863, 36.53901160370132], [-118.32771594781961, 36.53916090529361], [-118.32790096845387, 36.53915884492901], [-118.32789841499738, 36.53900954334788], [-118.32771339471863, 36.53901160370132]], [[-118.32586319089788, 36.539032191453785], [-118.32586574044359, 36.539181493157535], [-118.3260507612657, 36.53917943566241], [-118.32604821136447, 36.53903013396979], [-118.32586319089788, 36.539032191453785]], [[-118.3204975892133, 36.53909173366745], [-118.32050012844861, 36.53924103569356], [-118.32068514981398, 36.53923898651996], [-118.3206826102231, 36.53908968450494], [-118.3204975892133, 36.53909173366745]], [[-118.3280808814641, 36.53885818113359], [-118.32808343525733, 36.53900748270748], [-118.32826845549847, 36.53900542178015], [-118.32826590134971, 36.538856120217424], [-118.3280808814641, 36.53885818113359]], [[-118.32660072170252, 36.53887465813306], [-118.32660327265157, 36.53902395979615], [-118.32678829304304, 36.539021901164375], [-118.32678574173849, 36.53887259951243], [-118.32660072170252, 36.53887465813306]], [[-118.32623068157429, 36.53887877451348], [-118.32623323181227, 36.53902807619885], [-118.3264182522413, 36.53902601814097], [-118.3264157016478, 36.53887671646673], [-118.32623068157429, 36.53887877451348]], [[-118.32401043922859, 36.53890344869264], [-118.32401298520026, 36.53905275051161], [-118.32419800585441, 36.53905069589708], [-118.32419545952719, 36.53890139408923], [-118.32401043922859, 36.53890344869264]], [[-118.32364039857511, 36.5389075570386], [-118.32364294383572, 36.53905685887981], [-118.32382796452737, 36.53905480483919], [-118.32382541891121, 36.53890550300908], [-118.32364039857511, 36.5389075570386]], [[-118.3232703578467, 36.538911664236764], [-118.32327290239627, 36.53906096610022], [-118.32345792312536, 36.53905891263348], [-118.32345537822029, 36.53890961078115], [-118.3232703578467, 36.538911664236764]], [[-118.31975496719262, 36.53895062537361], [-118.31975750498712, 36.53909992744799], [-118.3199425260717, 36.53909787943328], [-118.31993998792164, 36.538948577369986], [-118.31975496719262, 36.53895062537361]], [[-118.31938492567848, 36.53895472052001], [-118.31938746276194, 36.53910402261657], [-118.3195724838839, 36.539101975175754], [-118.31956994644487, 36.53895267309028], [-118.31938492567848, 36.53895472052001]], [[-118.31901488408967, 36.538958814518615], [-118.31901742046205, 36.539108116637344], [-118.31920244162133, 36.53910606977043], [-118.31919990489341, 36.53895676766279], [-118.31901488408967, 36.538958814518615]], [[-118.32696821011436, 36.53872123896016], [-118.32697076175565, 36.53887054060486], [-118.32715578175402, 36.53886848141034], [-118.3271532297572, 36.5387191797768], [-118.32696821011436, 36.53872123896016]], [[-118.32530303248359, 36.53873975869804], [-118.32530558092519, 36.538889060443], [-118.32549060109254, 36.53888700383098], [-118.32548805229543, 36.53873770209716], [-118.32530303248359, 36.53873975869804]], [[-118.3260405617734, 36.538582228868535], [-118.32604311161833, 36.53873153057285], [-118.32622813135507, 36.53872947282421], [-118.32622558115465, 36.53858017113103], [-118.3260405617734, 36.538582228868535]], [[-118.32567052295461, 36.53858634348274], [-118.3256730720885, 36.538735645209336], [-118.3258580918628, 36.53873358803457], [-118.32585554237339, 36.538584286319114], [-118.32567052295461, 36.53858634348274]], [[-118.3230802491225, 36.53861511364464], [-118.32308279327908, 36.53876441552699], [-118.32326781331585, 36.53876236236943], [-118.32326526880374, 36.53861306049819], [-118.3230802491225, 36.53861511364464]], [[-118.32271020970379, 36.53861921907668], [-118.32271275314932, 36.53876852098126], [-118.32289777322356, 36.5387664683976], [-118.32289522942251, 36.53861716650413], [-118.32271020970379, 36.53861921907668]], [[-118.32234017021017, 36.53862332336096], [-118.32234271294466, 36.538772625287756], [-118.32252773305636, 36.53877057327798], [-118.32252518996634, 36.53862127136228], [-118.32234017021017, 36.53862332336096]], [[-118.32067499156267, 36.53864177843647], [-118.32067753109747, 36.53879108046319], [-118.32086255137752, 36.53878903103592], [-118.32086001148721, 36.53863972902029], [-118.32067499156267, 36.53864177843647]], [[-118.3203049516575, 36.538645876407976], [-118.32030749048124, 36.53879517845688], [-118.32049251079869, 36.53879312960351], [-118.32048997161945, 36.5386438275657], [-118.3203049516575, 36.538645876407976]], [[-118.31993491167759, 36.538649973231706], [-118.31993744979027, 36.5387992753028], [-118.32012247014511, 36.53879722702331], [-118.32011993167689, 36.53864792496332], [-118.31993491167759, 36.538649973231706]], [[-118.32011485479654, 36.53834932083162], [-118.32011231638438, 36.53820001875993], [-118.31992729745164, 36.538202066995055], [-118.31992983550828, 36.538351369077844], [-118.3195572595301, 36.53820616260449], [-118.3195597968757, 36.53835546470945], [-118.3191897581684, 36.538359559193275], [-118.31919229482165, 36.53850886131651], [-118.31882225532861, 36.53851295467474], [-118.31882479128949, 36.53866225681624], [-118.31919483149356, 36.538658163435834], [-118.31919736818413, 36.53880746555127], [-118.3193823886137, 36.538805418419564], [-118.31956233423998, 36.538504766810505], [-118.32030241285248, 36.53849657435517], [-118.32029987406612, 36.53834727229847], [-118.32011485479654, 36.53834932083162]], [[-118.32640804997992, 36.53842881142064], [-118.3264106005171, 36.538578113106574], [-118.32659561986078, 36.538576054795186], [-118.3265930689681, 36.53842675312039], [-118.32640804997992, 36.53842881142064]], [[-118.32418782065808, 36.53845348864233], [-118.32419036692905, 36.53860279046187], [-118.32437538649786, 36.538600735593775], [-118.32437283987137, 36.538451433785355], [-118.32418782065808, 36.53845348864233]], [[-118.32381778217521, 36.538457597495444], [-118.32382032773512, 36.53860689933723], [-118.32400534734145, 36.53860484504302], [-118.324002801426, 36.538455543212365], [-118.32381778217521, 36.538457597495444]], [[-118.32344774361738, 36.538461705200795], [-118.32345028846628, 36.538611007064816], [-118.32363530811007, 36.5386089533445], [-118.32363276290566, 36.538459651491586], [-118.32344774361738, 36.538461705200795]], [[-118.31845221576093, 36.5385170468852], [-118.31845475101072, 36.538666349048846], [-118.31863977115943, 36.53866430307601], [-118.31863723555409, 36.53851500092344], [-118.31845221576093, 36.5385170468852]], [[-118.31808217611855, 36.53852113794788], [-118.31808471065733, 36.53867044013368], [-118.31826973084337, 36.53866839473474], [-118.31826719594908, 36.538519092560016], [-118.31808217611855, 36.53852113794788]], [[-118.32548040601664, 36.53828979687227], [-118.32548295475748, 36.53843909861779], [-118.3256679738395, 36.538437041752246], [-118.32566542474315, 36.53828774001786], [-118.32548040601664, 36.53828979687227]], [[-118.32621793066598, 36.53813226602811], [-118.32622048081008, 36.53828156773298], [-118.32640549946152, 36.5382795097308], [-118.32640294896188, 36.538130208037074], [-118.32621793066598, 36.53813226602811]], [[-118.3258478940178, 36.53813638114935], [-118.32585044345089, 36.53828568287649], [-118.32603546213987, 36.53828362544821], [-118.32603291235127, 36.538134323732194], [-118.3258478940178, 36.53813638114935]], [[-118.32325763537983, 36.538165154861076], [-118.32326017983574, 36.53831445674402], [-118.32344519878724, 36.538312403332874], [-118.32344265397582, 36.538163101461045], [-118.32325763537983, 36.538165154861076]], [[-118.32288759813169, 36.538169260800316], [-118.32289014187656, 36.53831856270549], [-118.32307516086553, 36.538316509868224], [-118.32307261676513, 36.53816720797416], [-118.32288759813169, 36.538169260800316]], [[-118.32251756080863, 36.5381733655918], [-118.32252010384248, 36.5383226675192], [-118.32270512286888, 36.53832061525581], [-118.32270257947953, 36.53817131333954], [-118.32251756080863, 36.5381733655918]], [[-118.3223274568185, 36.537876813668454], [-118.3223299994594, 36.53802611561474], [-118.32251501779349, 36.53802406366053], [-118.32251247479708, 36.537874761725334], [-118.3223274568185, 36.537876813668454]], [[-118.32195742080516, 36.53788091669388], [-118.32195996273505, 36.53803021866239], [-118.32214498110656, 36.53802816728203], [-118.3221424388212, 36.53787886532463], [-118.32195742080516, 36.53788091669388]], [[-118.32047727600354, 36.53789731731815], [-118.32047981508933, 36.53804661937545], [-118.32066483361051, 36.538044570290594], [-118.32066229416918, 36.5378952682444], [-118.32047727600354, 36.53789731731815]], [[-118.32010723961615, 36.53790141460485], [-118.32010977799095, 36.538050716684324], [-118.32029479654948, 36.53804866817337], [-118.3202922578192, 36.53789936610498], [-118.32010723961615, 36.53790141460485]], [[-118.31973720315403, 36.53790551074381], [-118.31973974081778, 36.53805481284547], [-118.31992475941371, 36.53805276490837], [-118.31992222139444, 36.537903462817795], [-118.31973720315403, 36.53790551074381]], [[-118.31936716661718, 36.537909605735024], [-118.3193697035699, 36.53805890785885], [-118.3195547222032, 36.53805686049563], [-118.31955218489496, 36.53790755838288], [-118.31936716661718, 36.537909605735024]], [[-118.31899713000563, 36.53791369957848], [-118.31899966624734, 36.538063001724474], [-118.31918468491794, 36.53806095493513], [-118.31918214832073, 36.53791165280022], [-118.31899713000563, 36.53791369957848]], [[-118.31862709331939, 36.53791779227419], [-118.31862962885008, 36.53806709444235], [-118.31881464755804, 36.53806504822688], [-118.31881211167185, 36.53791574606981], [-118.31862709331939, 36.53791779227419]], [[-118.31788448563296, 36.537776672006004], [-118.31788701972293, 36.53792597422237], [-118.31807203815005, 36.53792392916573], [-118.31806950370456, 36.53777462696044], [-118.31788448563296, 36.537776672006004]], [[-118.31639168443898, 36.537046510457955], [-118.3163942155917, 36.53719581278233], [-118.31657923239041, 36.537193770076506], [-118.31657670088221, 36.53704446776319], [-118.31639168443898, 36.537046510457955]], [[-118.31694166933029, 36.536741776918795], [-118.3169442015122, 36.536891079217774], [-118.31712921754402, 36.536889035673276], [-118.31712668500663, 36.53673973338537], [-118.31694166933029, 36.536741776918795]], [[-118.31657163792168, 36.536745863124885], [-118.31657416939264, 36.53689516544598], [-118.31675918546173, 36.53689312247534], [-118.3167566536353, 36.536743820165306], [-118.31657163792168, 36.536745863124885]], [[-118.30158280080371, 36.536761086745905], [-118.30177282370651, 36.537057673444345], [-118.30232787630638, 36.537051612535095], [-118.30232286812972, 36.53675300619493], [-118.30213785132587, 36.536755026763075], [-118.30213534762068, 36.53660572357621], [-118.30139528164297, 36.536613802935705], [-118.30139778392615, 36.53676310616631], [-118.30158280080371, 36.536761086745905]], [[-118.31527399844084, 36.53661085340564], [-118.31527652740473, 36.53676015580802], [-118.31546154324873, 36.53675811485692], [-118.31545901392938, 36.536608812465595], [-118.31527399844084, 36.53661085340564]], [[-118.31656657503571, 36.53644725847099], [-118.31656910646939, 36.53659656079988], [-118.31675412182751, 36.536594517851356], [-118.31675159003836, 36.536445215533526], [-118.31656657503571, 36.53644725847099]], [[-118.31619654497455, 36.53645134348514], [-118.31619907569723, 36.53660064583615], [-118.31638409109263, 36.53659860346148], [-118.31638156001445, 36.53644930112152], [-118.31619654497455, 36.53645134348514]], [[-118.31397636304327, 36.53647582946847], [-118.31397888950008, 36.536625131952064], [-118.31416390511886, 36.5366230930205], [-118.31416137830655, 36.53647379054796], [-118.31397636304327, 36.53647582946847]], [[-118.31489891095804, 36.536316329564315], [-118.3149014391737, 36.53646563199659], [-118.31508645434394, 36.53646359164144], [-118.31508392577283, 36.53631428922021], [-118.31489891095804, 36.536316329564315]], [[-118.31711655504337, 36.53614252419472], [-118.31711908750621, 36.53629182649823], [-118.31730410209745, 36.536289782711066], [-118.31730156927912, 36.53614048041863], [-118.31711655504337, 36.53614252419472]], [[-118.31674652651594, 36.53614661088617], [-118.31674905826783, 36.5362959132118], [-118.31693407289633, 36.53629386999848], [-118.316931540789, 36.536144567683905], [-118.31674652651594, 36.53614661088617]], [[-118.31360128102494, 36.53618130142576], [-118.31360380673361, 36.53633060393922], [-118.3137888216786, 36.53632856560357], [-118.31378629561446, 36.536179263101154], [-118.31360128102494, 36.53618130142576]], [[-118.31267368388585, 36.536042186172494], [-118.3126762077985, 36.53619148874499], [-118.31286122248096, 36.53618945185499], [-118.31285869821282, 36.53604014929352], [-118.31267368388585, 36.536042186172494]], [[-118.31674146306811, 36.535848006223205], [-118.31674399478271, 36.53599730855664], [-118.31692900870026, 36.53599526536544], [-118.31692647663017, 36.53584596304307], [-118.31674146306811, 36.535848006223205]], [[-118.31637143588804, 36.535852091722724], [-118.3163739668917, 36.536001394078276], [-118.31655898084652, 36.535999351460916], [-118.31655644948741, 36.535850049116426], [-118.31637143588804, 36.535852091722724]], [[-118.31359622966342, 36.53588269638716], [-118.3135987553349, 36.536031998908406], [-118.31378376956893, 36.536029960594846], [-118.31378124354198, 36.53588065808462], [-118.31359622966342, 36.53588269638716]], [[-118.3180365576111, 36.535833697937036], [-118.3180340234268, 36.53568439567718], [-118.31784901033208, 36.53568644056774], [-118.31785154416089, 36.535835742838664], [-118.3180365576111, 36.535833697937036]], [[-118.31784647652192, 36.53553713829291], [-118.31766146376401, 36.535539182885486], [-118.31766399721872, 36.53568848517138], [-118.31784901033208, 36.53568644056774], [-118.31784647652192, 36.53553713829291]], [[-118.31507381167435, 36.53571707949634], [-118.31507634017105, 36.535866381933154], [-118.31526135390077, 36.53586434133527], [-118.3152588250486, 36.535715038909515], [-118.31507381167435, 36.53571707949634]], [[-118.31266863611629, 36.5357435810158], [-118.31267115999177, 36.535892883596084], [-118.31285617396328, 36.53589084672814], [-118.31285364973232, 36.53574154415887], [-118.31266863611629, 36.5357435810158]], [[-118.31729143819227, 36.535543271209896], [-118.31729397093602, 36.535692573517935], [-118.31747898408669, 36.53569052948812], [-118.31747645098747, 36.535541227191146], [-118.31729143819227, 36.535543271209896]], [[-118.31692141254594, 36.535547358386665], [-118.31692394457873, 36.53569666071682], [-118.3171089577667, 36.53569461726083], [-118.31710642537843, 36.535545314941736], [-118.31692141254594, 36.535547358386665]], [[-118.31469872935439, 36.53542255487975], [-118.31470125710293, 36.535571857346454], [-118.31488627015891, 36.535569817344495], [-118.31488374205492, 36.53542051488885], [-118.31469872935439, 36.53542255487975]], [[-118.31229356255517, 36.53544904865249], [-118.31229608568256, 36.53559835126263], [-118.31248109898024, 36.53559631499057], [-118.3124785754974, 36.535447012391444], [-118.31229356255517, 36.53544904865249]], [[-118.31691634853624, 36.53524875371466], [-118.31691888053177, 36.53539805605259], [-118.31710389300878, 36.53539601261874], [-118.31710136065782, 36.535246710291865], [-118.31691634853624, 36.53524875371466]], [[-118.31654632423722, 36.5352528396995], [-118.31654885552182, 36.53540214205958], [-118.31673386803612, 36.53540009919955], [-118.31673133639606, 36.53525079685055], [-118.31654632423722, 36.5352528396995]], [[-118.31432364987818, 36.53512802901158], [-118.31432617687854, 36.53527733150817], [-118.31451118926081, 36.53527529210213], [-118.31450866190497, 36.535125989616574], [-118.31432364987818, 36.53512802901158]], [[-118.3178363414678, 36.53493992915464], [-118.31783887520335, 36.53508923144505], [-118.3180238868762, 36.53508718659879], [-118.3180213527852, 36.53493788431943], [-118.3178363414678, 36.53493992915464]], [[-118.31746631877706, 36.53494401796433], [-118.3174688518017, 36.53509332027687], [-118.31765386351185, 36.53509127600442], [-118.31765133013177, 36.53494197370294], [-118.31746631877706, 36.53494401796433]], [[-118.31654126172396, 36.534954234967664], [-118.31654379297127, 36.53510353733553], [-118.31672880477464, 36.53510149449762], [-118.31672627317187, 36.53495219214082], [-118.31654126172396, 36.534954234967664]], [[-118.31617123877224, 36.53495831976065], [-118.31617376930865, 36.53510762215063], [-118.31635878114926, 36.53510557988653], [-118.3163562502574, 36.53495627750762], [-118.31617123877224, 36.53495831976065]], [[-118.31284102885618, 36.53499503125407], [-118.31284355299425, 36.53514433384281], [-118.31302856516982, 36.5351422967431], [-118.31302604067629, 36.534992994165385], [-118.31284102885618, 36.53499503125407]], [[-118.3108058976094, 36.53501742029362], [-118.31080841783734, 36.53516672300359], [-118.31099343021715, 36.53516468905988], [-118.31099090963374, 36.53501538636093], [-118.3108058976094, 36.53501742029362]], [[-118.31431859593322, 36.53482942400673], [-118.31432112289642, 36.53497872651111], [-118.31450613456774, 36.53497668712714], [-118.31450360724912, 36.53482738463381], [-118.31431859593322, 36.53482942400673]], [[-118.31709123144026, 36.53464950094532], [-118.31709376371667, 36.53479880328779], [-118.31727877475322, 36.5347967596113], [-118.31727624212134, 36.53464745727988], [-118.31709123144026, 36.53464950094532]], [[-118.31672121002221, 36.53465358741549], [-118.31672374158771, 36.534802889780096], [-118.31690875266153, 36.5348008466774], [-118.31690622074055, 36.534651544323864], [-118.31672121002221, 36.53465358741549]], [[-118.31616617775535, 36.53465971496899], [-118.31616870825447, 36.53480901736676], [-118.3163537193842, 36.53480697512478], [-118.31635118852958, 36.534657672738064], [-118.31616617775535, 36.53465971496899]], [[-118.31579615615095, 36.534663798570115], [-118.31579868593919, 36.53481310099001], [-118.31598369710615, 36.53481105932183], [-118.31598116696246, 36.534661756913], [-118.31579615615095, 36.534663798570115]], [[-118.31246595836176, 36.53470049933741], [-118.31246848175174, 36.534849801956], [-118.31265349325352, 36.53484776545216], [-118.3126509695081, 36.53469846284459], [-118.31246595836176, 36.53470049933741]], [[-118.31394352079697, 36.53453489682726], [-118.31394604701204, 36.53468419936149], [-118.31413105800965, 36.53468216057343], [-118.31412853143914, 36.53453285805023], [-118.31394352079697, 36.53453489682726]], [[-118.30802317044261, 36.53459998620629], [-118.308025685283, 36.534749289092936], [-118.30821069687443, 36.534747259485904], [-118.30820818167858, 36.53459795661023], [-118.30802317044261, 36.53459998620629]], [[-118.30672809127252, 36.534614185345255], [-118.30673060362469, 36.5347634883088], [-118.30691561534566, 36.53476146071012], [-118.30691310263803, 36.53461215775756], [-118.30672809127252, 36.534614185345255]], [[-118.3180112166077, 36.53434067516307], [-118.3180137506241, 36.53448997745802], [-118.31819876085648, 36.534487932369125], [-118.31819622648464, 36.534338630085266], [-118.3180112166077, 36.53434067516307]], [[-118.31671614694709, 36.534354982674586], [-118.31671867847534, 36.53450428504699], [-118.31690368883824, 36.534502241966415], [-118.31690115695456, 36.53435293960507], [-118.31671614694709, 36.534354982674586]], [[-118.3163461268763, 36.534359067952906], [-118.31634865769362, 36.53450837034744], [-118.31653366809381, 36.534506327840674], [-118.31653113692101, 36.53435702545719], [-118.3163461268763, 36.534359067952906]], [[-118.31579109663038, 36.53436519371864], [-118.31579362638134, 36.53451449614632], [-118.3159786368374, 36.53451245450026], [-118.31597610673097, 36.53436315208363], [-118.31579109663038, 36.53436519371864]], [[-118.31542107637328, 36.53436927612795], [-118.31542360541339, 36.534518578577746], [-118.31560861590668, 36.53451653750549], [-118.31560608651114, 36.53436723506674], [-118.31542107637328, 36.53436927612795]], [[-118.30857568820673, 36.53444459369981], [-118.30857820409497, 36.53459389655741], [-118.3087632152754, 36.53459186610063], [-118.3087606990317, 36.53444256325404], [-118.30857568820673, 36.53444459369981]], [[-118.31356844850434, 36.53424036839627], [-118.3135709739713, 36.53438967096037], [-118.3137559842952, 36.53438763276819], [-118.3137534584728, 36.534238330215125], [-118.31356844850434, 36.53424036839627]], [[-118.31097830699504, 36.53426887280767], [-118.31098082748568, 36.53441817552612], [-118.31116583806961, 36.53441614135057], [-118.31116331722355, 36.534266838643155], [-118.31097830699504, 36.53426887280767]], [[-118.31893119427443, 36.53403184241418], [-118.31893373003074, 36.53418114466154], [-118.3191187394589, 36.5341790981603], [-118.31911620334715, 36.53402979592402], [-118.31893119427443, 36.53403184241418]], [[-118.31634106529754, 36.53406046315217], [-118.31634359607759, 36.53420976555451], [-118.31652860576688, 36.53420772306985], [-118.31652607463133, 36.53405842067858], [-118.31634106529754, 36.53406046315217]], [[-118.31541601834901, 36.53407067121667], [-118.31541854735185, 36.53421997367426], [-118.31560355713424, 36.53421793262412], [-118.31560102777597, 36.53406863017758], [-118.31541601834901, 36.53407067121667]], [[-118.31504599943925, 36.53407475243419], [-118.31504852773121, 36.53422405491387], [-118.31523353755084, 36.53422201443751], [-118.31523100890344, 36.534072711968875], [-118.31504599943925, 36.53407475243419]], [[-118.30986572689511, 36.53413176898146], [-118.30986824523448, 36.53428107176986], [-118.31005325557429, 36.53427903932677], [-118.31005073687945, 36.53412973654937], [-118.30986572689511, 36.53413176898146]], [[-118.306720554327, 36.534166276431264], [-118.30672306662368, 36.534315579406496], [-118.30690807727828, 36.53431355184075], [-118.30690556462613, 36.5341642488765], [-118.306720554327, 36.534166276431264]], [[-118.31263835105959, 36.533951949748264], [-118.31264087471213, 36.53410125237532], [-118.31282588441806, 36.534099215639706], [-118.31282336041009, 36.53394991302368], [-118.31263835105959, 36.533951949748264]], [[-118.31041823740532, 36.5339763680652], [-118.31042075679251, 36.53412567082446], [-118.31060576672122, 36.53412363753165], [-118.31060324697859, 36.533974334783395], [-118.31041823740532, 36.5339763680652]], [[-118.31504094291121, 36.533776147463136], [-118.31504347116594, 36.533925449950615], [-118.31522848027465, 36.53392340949635], [-118.3152259516645, 36.53377410701992], [-118.31504094291121, 36.533776147463136]], [[-118.31467092534878, 36.53378022748887], [-118.31467345289262, 36.533929529998424], [-118.31485846203859, 36.533927490117975], [-118.3148559341393, 36.53377818761944], [-118.31467092534878, 36.53378022748887]], [[-118.3141158988656, 36.533786345375745], [-118.3141184253431, 36.53393564791843], [-118.31430343454487, 36.533933608898664], [-118.31430090771194, 36.53378430636701], [-118.3141158988656, 36.533786345375745]], [[-118.30930566234044, 36.533839258901914], [-118.30930817957639, 36.533988561731086], [-118.30949318926089, 36.53398653017069], [-118.3094906716695, 36.533837227352514], [-118.30930566234044, 36.533839258901914]], [[-118.31263330381024, 36.53365334448247], [-118.31263582742564, 36.53380264711731], [-118.31282083642067, 36.53380061040376], [-118.31281831244985, 36.533651307779934], [-118.31263330381024, 36.53365334448247]], [[-118.31947607433278, 36.53342849318762], [-118.31947861108073, 36.53357779541731], [-118.31966361903112, 36.533575748099715], [-118.31966108192773, 36.533426445881105], [-118.31947607433278, 36.53342849318762]], [[-118.31910605908686, 36.53343258693996], [-118.31910859512392, 36.53358188919183], [-118.31929360311166, 36.53357984244801], [-118.31929106671915, 36.533430540207235], [-118.31910605908686, 36.53343258693996]], [[-118.3137408296397, 36.533491817391294], [-118.31374335536911, 36.53364111996385], [-118.31392836389722, 36.533639081539945], [-118.31392583781235, 36.53348977897843], [-118.3137408296397, 36.533491817391294]], [[-118.31614340410137, 36.53331599321355], [-118.31614593443284, 36.53346529564642], [-118.31633094236354, 36.53346325350396], [-118.31632841167662, 36.53331395108215], [-118.31614340410137, 36.53331599321355]], [[-118.31965600777703, 36.53312784143219], [-118.31965854484305, 36.53327714365859], [-118.31984355206387, 36.53327509607628], [-118.31984101464244, 36.533125793860954], [-118.31965600777703, 36.53312784143219]], [[-118.31373577823659, 36.53319321223448], [-118.31373830392883, 36.53334251481483], [-118.31392331174605, 36.533340476413], [-118.31392078569837, 36.5331911738437], [-118.31373577823659, 36.53319321223448]], [[-118.31798841129964, 36.532996954333264], [-118.31799094514814, 36.53314625666329], [-118.31817595218156, 36.53314421167405], [-118.31817341797763, 36.532994909355104], [-118.31798841129964, 36.532996954333264]], [[-118.31706337762996, 36.53300717492079], [-118.31706590970133, 36.53315647730615], [-118.31725091682797, 36.533154433751356], [-118.31724838440118, 36.533005131377074], [-118.31706337762996, 36.53300717492079]], [[-118.31669336403158, 36.5330112611476], [-118.3166958953921, 36.533160563555086], [-118.31688090255602, 36.533158520574055], [-118.3168783708401, 36.53300921817764], [-118.31669336403158, 36.5330112611476]], [[-118.31613834349427, 36.53301738833616], [-118.3161408737885, 36.53316669077681], [-118.31632588100832, 36.53316464865645], [-118.31632335035867, 36.53301534622686], [-118.31613834349427, 36.53301738833616]], [[-118.31576832970958, 36.533021471694084], [-118.31577085929297, 36.533170774156844], [-118.31595586655004, 36.53316873261027], [-118.31595333661126, 36.533019430158554], [-118.31576832970958, 36.533021471694084]], [[-118.3152133088929, 36.53302759457932], [-118.31521583741001, 36.533176897075236], [-118.31540084472293, 36.53317485638932], [-118.31539831585042, 36.53302555390447], [-118.3152133088929, 36.53302759457932]], [[-118.32002094599149, 36.53282514158267], [-118.32002348373098, 36.532974443794714], [-118.32020849020363, 36.5329723956608], [-118.32020595210868, 36.532823093459854], [-118.32002094599149, 36.53282514158267]], [[-118.31965093370103, 36.532829236967665], [-118.31965347072969, 36.53297853920187], [-118.31983847723967, 36.53297649164173], [-118.3198359398556, 36.53282718941861], [-118.31965093370103, 36.532829236967665]], [[-118.31798334365858, 36.532698349661544], [-118.31798587746978, 36.532847651999354], [-118.31817088379235, 36.53284560703226], [-118.31816834962574, 36.53269630470552], [-118.31798334365858, 36.532698349661544]], [[-118.31761333166834, 36.53270243871294], [-118.3176158647687, 36.53285174107288], [-118.31780087112855, 36.53284969667956], [-118.31779833767278, 36.53270039433068], [-118.31761333166834, 36.53270243871294]], [[-118.31668830136647, 36.532712656320946], [-118.3166908326897, 36.53286195873623], [-118.3168758391428, 36.53285991577733], [-118.31687330746412, 36.53271061337311], [-118.31668830136647, 36.532712656320946]], [[-118.31631828911523, 36.53271674135597], [-118.31632081972764, 36.532866043793355], [-118.316505826218, 36.532864001408235], [-118.31650329525016, 36.5327146989819], [-118.31631828911523, 36.53271674135597]], [[-118.3157632705987, 36.53272286675687], [-118.31576580014483, 36.53287216922743], [-118.31595080669106, 36.53287012770296], [-118.3159482767895, 36.53272082524345], [-118.3157632705987, 36.53272286675687]], [[-118.31539325816124, 36.53272694892305], [-118.31539578699653, 36.5328762514157], [-118.31558079358, 36.53287421046502], [-118.31557826438927, 36.5327249079834], [-118.31539325816124, 36.53272694892305]], [[-118.3148382393654, 36.53273307002067], [-118.31484076713441, 36.53288237254648], [-118.31502577377373, 36.532880332456436], [-118.31502324564929, 36.53273102994169], [-118.3148382393654, 36.53273307002067]], [[-118.31391320766691, 36.53274326611236], [-118.3139157336588, 36.532892568693356], [-118.31410074039111, 36.53289053003776], [-118.31409821404381, 36.53274122746779], [-118.31391320766691, 36.53274326611236]], [[-118.32020087597488, 36.53252448904628], [-118.32020341403245, 36.532673791255014], [-118.32038841977554, 36.5326717428564], [-118.32038588136255, 36.53252244065875], [-118.32020087597488, 36.53252448904628]], [[-118.31983086514344, 36.53252858496069], [-118.31983340249019, 36.532677887191596], [-118.32001840827067, 36.532675839366746], [-118.3200158705685, 36.53252653714693], [-118.31983086514344, 36.53252858496069]], [[-118.3185332918051, 36.53239360931196], [-118.31853582664525, 36.53254291162434], [-118.31872083220098, 36.532540865818746], [-118.31871829700543, 36.53239156351744], [-118.3185332918051, 36.53239360931196]], [[-118.31816328134846, 36.53239770004035], [-118.31816581547777, 36.53254700237488], [-118.31835082107084, 36.532544957143045], [-118.3183482865861, 36.532395654819595], [-118.31816328134846, 36.53239770004035]], [[-118.31723825488044, 36.532407921840935], [-118.31724078723265, 36.532557224230814], [-118.31742579291897, 36.53255518043339], [-118.31742326021131, 36.532405878054576], [-118.31723825488044, 36.532407921840935]], [[-118.32019579991581, 36.5322258846171], [-118.320198337936, 36.53237518683364], [-118.32038334296827, 36.53237313845721], [-118.32038080459267, 36.53222383625176], [-118.32019579991581, 36.5322258846171]], [[-118.31982579050604, 36.53222998048715], [-118.31982832781542, 36.53237928272588], [-118.32001333288504, 36.532377234923196], [-118.32001079522028, 36.53222793269557], [-118.31982579050604, 36.53222998048715]], [[-118.31908323559334, 36.53208886649778], [-118.31908577146238, 36.53223816878472], [-118.31927077625133, 36.532236122140645], [-118.31926824002684, 36.53208681986478], [-118.31908323559334, 36.53208886649778]], [[-118.31815821314581, 36.5320990953596], [-118.31816074723781, 36.53224839770193], [-118.31834575212002, 36.532246352492244], [-118.31834321767263, 36.53209705016099], [-118.31815821314581, 36.5320990953596]], [[-118.32074573577356, 36.531921134282236], [-118.32074827482259, 36.53207043647328], [-118.32093327908797, 36.53206838725841], [-118.32093073968352, 36.53191908507845], [-118.32074573577356, 36.531921134282236]], [[-118.32037572789753, 36.53192523182917], [-118.32037826623575, 36.532074534042415], [-118.32056327053853, 36.532072485401294], [-118.32056073184489, 36.53192318319915], [-118.32037572789753, 36.53192523182917]], [[-118.31649064069053, 36.53196818679178], [-118.3164931715652, 36.53211748923759], [-118.31667817625981, 36.532115446620885], [-118.31667564502975, 36.53196614418613], [-118.31649064069053, 36.53196818679178]], [[-118.3159356275611, 36.53197431288748], [-118.31593815736953, 36.53212361536647], [-118.31612316212005, 36.53212157361039], [-118.31612063195621, 36.531972271142465], [-118.3159356275611, 36.53197431288748]], [[-118.31556561871503, 36.53197839551691], [-118.31556814781264, 36.532127698018], [-118.3157531526004, 36.53212565683567], [-118.31575062314737, 36.53197635434563], [-118.31556561871503, 36.53197839551691]], [[-118.31501060530628, 36.53198451730945], [-118.31501313333764, 36.53213381984369], [-118.31519813818124, 36.532131779522004], [-118.31519560979447, 36.531982476998806], [-118.31501060530628, 36.53198451730945]], [[-118.31907816391124, 36.53179026191219], [-118.31908069974297, 36.53193956420694], [-118.31926570382106, 36.53193751758502], [-118.31926316763393, 36.53178821530137], [-118.31907816391124, 36.53179026191219]], [[-118.31870815640983, 36.531794354273224], [-118.31871069153074, 36.53194365659014], [-118.31889569564619, 36.53194161054198], [-118.31889316016988, 36.53179230823615], [-118.31870815640983, 36.531794354273224]], [[-118.32037065127713, 36.531626627391], [-118.32037318957798, 36.53177592961204], [-118.32055819316993, 36.53177388099309], [-118.32055565451368, 36.53162457878315], [-118.32037065127713, 36.531626627391]], [[-118.32000064474796, 36.53163072374609], [-118.32000318233803, 36.531780025989306], [-118.32018818596734, 36.53177797794411], [-118.32018564802189, 36.531628675711985], [-118.32000064474796, 36.53163072374609]], [[-118.31741059695277, 36.531659366102055], [-118.31741312956719, 36.531808668500354], [-118.31759813345782, 36.53180662447138], [-118.31759560048799, 36.53165732208415], [-118.31741059695277, 36.531659366102055]], [[-118.31648557899709, 36.531669581888444], [-118.3164881098345, 36.53181888434206], [-118.31667311381831, 36.53181684174747], [-118.31667058262552, 36.531667539304905], [-118.31648557899709, 36.531669581888444]], [[-118.31611557168438, 36.5316736661949], [-118.316118101811, 36.53182296867063], [-118.31630310583205, 36.531820926649786], [-118.31630057535004, 36.531671624185115], [-118.31611557168438, 36.5316736661949]], [[-118.31556056057563, 36.53167979050302], [-118.31556308963603, 36.5318290930119], [-118.31574809371295, 36.531827051851685], [-118.31574556429717, 36.53167774935386], [-118.31556056057563, 36.53167979050302]], [[-118.31962810128348, 36.531485516684405], [-118.31963063814408, 36.531634818953684], [-118.31981564145536, 36.53163277149332], [-118.31981310423939, 36.53148346923513], [-118.31962810128348, 36.531485516684405]], [[-118.31925809531572, 36.53148961072236], [-118.31926063146548, 36.5316389130138], [-118.31944563481412, 36.53163686612719], [-118.31944309830894, 36.53148756384682], [-118.31925809531572, 36.53148961072236]], [[-118.32092058225267, 36.53132187631963], [-118.32092312158235, 36.53147117851519], [-118.32110812440742, 36.53146912905782], [-118.32110558472235, 36.53131982687336], [-118.32092058225267, 36.53132187631963]], [[-118.32055057725722, 36.53132597435156], [-118.3205531158761, 36.53147527656932], [-118.32073811873856, 36.53147322768569], [-118.32073557976427, 36.53132392547903], [-118.32055057725722, 36.53132597435156]], [[-118.31796054019716, 36.531354628445854], [-118.3179630738405, 36.53150393081875], [-118.31814807696436, 36.53150188595131], [-118.31814554296564, 36.53135258358948], [-118.31796054019716, 36.531354628445854]], [[-118.31703552607509, 36.53136484842467], [-118.31703805794145, 36.53151415085291], [-118.31722306115853, 36.531512107419815], [-118.3172205289368, 36.53136280500265], [-118.31703552607509, 36.53136484842467]], [[-118.31925302307216, 36.53119100612775], [-118.31925555918461, 36.531340308426984], [-118.31944056182243, 36.53133826156254], [-118.3194380253546, 36.531188959274374], [-118.31925302307216, 36.53119100612775]], [[-118.3209155036494, 36.53102327191682], [-118.3209180429417, 36.53117257412018], [-118.32110304505598, 36.531170524685], [-118.3211005054083, 36.53102122249275], [-118.3209155036494, 36.53102327191682]], [[-118.32054550007553, 36.53102736990438], [-118.32054803865702, 36.53117667212993], [-118.32073304080869, 36.531174623268484], [-118.32073050187181, 36.53102532105404], [-118.32054550007553, 36.53102736990438]], [[-118.31795547296647, 36.531056023688386], [-118.31795800657248, 36.53120532606906], [-118.31814300898556, 36.53120328122377], [-118.31814047502415, 36.53105397885416], [-118.31795547296647, 36.531056023688386]], [[-118.31758546879514, 36.53106011249624], [-118.3175880016904, 36.53120941489907], [-118.31777300414078, 36.531207370627506], [-118.31777047089014, 36.531058068235744], [-118.31758546879514, 36.53106011249624]], [[-118.31980295556227, 36.530886260163335], [-118.31980549270352, 36.531035562437125], [-118.31999049457455, 36.53103351473424], [-118.3199879570779, 36.530884212471534], [-118.31980295556227, 36.530886260163335]], [[-118.31943295247497, 36.530890354686335], [-118.31943548890546, 36.53103965698231], [-118.31962049081383, 36.53103760985315], [-118.31961795402795, 36.53088830756826], [-118.31943295247497, 36.530890354686335]], [[-118.32109542616904, 36.53072261809656], [-118.32109796577933, 36.5308719202966], [-118.32128296716414, 36.53086987059676], [-118.32128042719846, 36.530720568407816], [-118.32109542616904, 36.53072261809656]], [[-118.32072542405407, 36.530726716613465], [-118.32072796295361, 36.5308760188357], [-118.32091296437582, 36.530873969709575], [-118.32091042512091, 36.53072466749844], [-118.32072542405407, 36.530726716613465]], [[-118.31850540979512, 36.53075128361849], [-118.31850794443001, 36.53090058597373], [-118.31869294607634, 36.53089854028998], [-118.31869041108607, 36.53074923794581], [-118.31850540979512, 36.53075128361849]], [[-118.31813540715729, 36.530755374103244], [-118.31813794108137, 36.530904676480645], [-118.31832294276504, 36.53090263137063], [-118.31832040848552, 36.5307533290043], [-118.31813540715729, 36.530755374103244]], [[-118.31942787967, 36.53059175008272], [-118.31943041606314, 36.53074105238649], [-118.31961541726074, 36.530739005279486], [-118.31961288051222, 36.53058970298681], [-118.31942787967, 36.53059175008272]], [[-118.32109034700456, 36.53042401368476], [-118.32109288657745, 36.5305733158926], [-118.32127788725151, 36.53057126621495], [-118.32127534732324, 36.53042196401822], [-118.32109034700456, 36.53042401368476]], [[-118.32072034631112, 36.53042811215729], [-118.32072288517325, 36.53057741438732], [-118.3209078858847, 36.53057536528338], [-118.32090534666719, 36.53042606306446], [-118.32072034631112, 36.53042811215729]], [[-118.31905534226584, 36.530446541084125], [-118.31905787792955, 36.53059584341395], [-118.31924287880912, 36.530593796891765], [-118.31924034279002, 36.53044449457302], [-118.31905534226584, 36.530446541084125]], [[-118.3186853411615, 36.53045063324575], [-118.31868787611444, 36.53059993559772], [-118.31887287703132, 36.53059788964926], [-118.318870341723, 36.53044858730836], [-118.3186853411615, 36.53045063324575]], [[-118.32201280707983, 36.530264460327196], [-118.32201534841091, 36.530413762483434], [-118.32220034863606, 36.53041171138259], [-118.3221978069496, 36.53026240923745], [-118.32201280707983, 36.530264460327196]], [[-118.32034780741023, 36.53028290722625], [-118.32035034554295, 36.53043220948238], [-118.32053534593639, 36.53043016096326], [-118.32053280744832, 36.53028085871822], [-118.32034780741023, 36.53028290722625]], [[-118.31997780727806, 36.53028700338172], [-118.31998034470001, 36.530436305660025], [-118.3201653451308, 36.530434257714624], [-118.3201628073535, 36.530284955447414], [-118.31997780727806, 36.53028700338172]], [[-118.32127026752276, 36.53012335961302], [-118.32127280741364, 36.53027266181756], [-118.32145780735824, 36.53027061187526], [-118.32145526711199, 36.53012130968181], [-118.32127026752276, 36.53012335961302]], [[-118.32126518779711, 36.52982475519224], [-118.32126772765058, 36.52997405740459], [-118.32145272688443, 36.529972007484474], [-118.32145018667559, 36.52982270528323], [-118.32126518779711, 36.52982475519224]], [[-118.32052265368291, 36.52968364969913], [-118.32052519209623, 36.529832951959754], [-118.32071019104949, 36.52983090319815], [-118.32070765228079, 36.52968160094863], [-118.32052265368291, 36.52968364969913]]], [[[-118.31510415486322, 36.53750870848088], [-118.31510162616173, 36.53735940608695], [-118.31528664344637, 36.53735736537858], [-118.31528917250333, 36.53750666776146], [-118.31510415486322, 36.53750870848088]]], [[[-118.30031768551197, 36.538566855913565], [-118.30087274921951, 36.53856080156296], [-118.30087775215007, 36.53885940798462], [-118.30069273022157, 36.5388614264103], [-118.30069523135894, 36.539010729626206], [-118.29958509726806, 36.53902283421974], [-118.29958259826394, 36.53887353093828], [-118.30032018590143, 36.538716159159115], [-118.30031768551197, 36.538566855913565]]], [[[-118.32863594106455, 36.53885199752423], [-118.32882096089376, 36.53884993574722], [-118.32882351610908, 36.53899923727647], [-118.32863849592435, 36.539001299064644], [-118.32863594106455, 36.53885199752423]]], [[[-118.29075612566584, 36.542254678050256], [-118.29094115640751, 36.54225267488166], [-118.29093867373012, 36.54210337117052], [-118.29037861935072, 36.54181077228382], [-118.29036869323726, 36.54121355723908], [-118.29018366492993, 36.54121555947083], [-118.2901811838028, 36.54106625568908], [-118.29073626760328, 36.541060248165415], [-118.29073874979713, 36.54120955191464], [-118.29166389087699, 36.541199533581356], [-118.2916614069052, 36.541050229886366], [-118.29203146249797, 36.54104622056588], [-118.29202897783334, 36.54089691688871], [-118.29239654728428, 36.540743602782655], [-118.29239406194506, 36.54059429911941], [-118.29294914188706, 36.5405882813622], [-118.2929441691301, 36.54028967408919], [-118.29331173384881, 36.54013635723903], [-118.29330924680497, 36.5399870536145], [-118.29386432220556, 36.53998103168309], [-118.29386183411333, 36.53983172808729], [-118.29460193296879, 36.539823694871345], [-118.29460442248323, 36.53997299842365], [-118.29478944750684, 36.53997098939136], [-118.29478695763683, 36.539821685849944], [-118.29552705612572, 36.539813646894665], [-118.29552456485179, 36.53966434339286], [-118.29589461327508, 36.5396603222152], [-118.29607465283308, 36.53935970424596], [-118.29644469972409, 36.539355681390084], [-118.29644220672745, 36.53920637793103], [-118.29736732185602, 36.53919631582398], [-118.29772988143274, 36.53874437880081], [-118.29791490329998, 36.53874236497731], [-118.29791739908588, 36.538891668360854], [-118.29828744347635, 36.538887639831195], [-118.29828993999169, 36.539036943189025], [-118.29865998501973, 36.539032913489734], [-118.29866248226455, 36.539182216821835], [-118.29903252793012, 36.53917818595289], [-118.29921255413085, 36.53887756348532], [-118.29939757620659, 36.53887554735528], [-118.29958759629059, 36.53917213749728], [-118.29921755073536, 36.539176170087984], [-118.29922254741341, 36.539474776675085], [-118.29996264129468, 36.539466710258516], [-118.29996014152427, 36.539317407010586], [-118.30033018764341, 36.539313372102384], [-118.30015766540693, 36.54006190584605], [-118.29979011520231, 36.54021524352891], [-118.29961008832123, 36.540515866820044], [-118.29924003636597, 36.54051989960723], [-118.299237537889, 36.54037059634291], [-118.29905251223936, 36.54037261229513], [-118.29868995317086, 36.540824553218215], [-118.29831989960942, 36.540828583179334], [-118.29832239636373, 36.540977886486544], [-118.29813736919986, 36.54097990104755], [-118.29813487280114, 36.540830597729425], [-118.29776481912945, 36.54083462596868], [-118.297767314817, 36.54098392930861], [-118.29739726036064, 36.540987956421766], [-118.29721722240167, 36.541288576281474], [-118.29666213839084, 36.54129461400333], [-118.29665964480003, 36.54114531060579], [-118.29647461711528, 36.54114732259488], [-118.29647711035052, 36.541296626003316], [-118.2959220261194, 36.541302660281396], [-118.29592451830622, 36.5414519637186], [-118.29555446134925, 36.54145598515752], [-118.2955519698736, 36.54130668169854], [-118.29536694172317, 36.541308691976646], [-118.29536943284324, 36.5414579954465], [-118.29518440431892, 36.541460005448506], [-118.29518689510174, 36.54160930892535], [-118.29481683728686, 36.54161332809017], [-118.29463678783905, 36.541913944249394], [-118.29315655001048, 36.54193000730729], [-118.29315903693674, 36.54207931089207], [-118.29297400677015, 36.542081317493725], [-118.29297649335915, 36.54223062108546], [-118.29260643225987, 36.54223463344951], [-118.29260891815596, 36.54238393705911], [-118.29149624852288, 36.542246663653884], [-118.29150618368247, 36.54284387832934], [-118.2907660551357, 36.542851892899286], [-118.29076357274081, 36.54270258919288], [-118.29057854091403, 36.542704592107015], [-118.29057357689032, 36.542405984660824], [-118.29075860800589, 36.54240398176836], [-118.29075612566584, 36.542254678050256]], [[-118.29849493814376, 36.54022935511809], [-118.29849743518007, 36.54037865842998], [-118.29886748657133, 36.540374627960375], [-118.2986774661195, 36.54007803673282], [-118.29830741611374, 36.540082066584844], [-118.29830991277612, 36.54023136991152], [-118.29849493814376, 36.54022935511809]]], [[[-118.30949587256002, 36.5560873703933], [-118.30875562302279, 36.55609549912866], [-118.30875814124225, 36.55624480143229], [-118.3083880156507, 36.55624886409918], [-118.30839053317703, 36.55639816642092], [-118.30802040679968, 36.55640222796126], [-118.30802292363286, 36.556551530301086], [-118.30728518466078, 36.55670895236001], [-118.30728770010762, 36.55685825473599], [-118.30655498474553, 36.55731427714505], [-118.30656001295901, 36.557612881949815], [-118.30618988051765, 36.55761693792311], [-118.30619490738168, 36.55791554275619], [-118.3060098404215, 36.55791757033406], [-118.3060123535254, 36.55806687275573], [-118.30582728619085, 36.55806890005744], [-118.30582477344284, 36.557919597624796], [-118.30563970644565, 36.557921624628364], [-118.30564221883782, 36.55807092707199], [-118.30527208407624, 36.55807498023963], [-118.30508199403711, 36.55777840143579], [-118.3047118605881, 36.557782452836655], [-118.3047068394549, 36.55748384782025], [-118.3043367073554, 36.557487898028675], [-118.30433419752823, 36.55733859549272], [-118.30396406606656, 36.55734264453064], [-118.30358640943066, 36.556898784657236], [-118.30321627995636, 36.55690283133227], [-118.30321126473855, 36.55660422609384], [-118.30247351459151, 36.55676161857561], [-118.30247852699944, 36.55706022389385], [-118.30229346180492, 36.55706224566303], [-118.30229596768069, 36.55721154832725], [-118.30192333136053, 36.55706628833998], [-118.30174327574554, 36.55736691463793], [-118.30137063965216, 36.55722165292075], [-118.30118056652832, 36.55692506751442], [-118.30044030654678, 36.55693314478459], [-118.30044280884555, 36.55708244756206], [-118.30025774344824, 36.55708446617266], [-118.30026274738933, 36.55738307173777], [-118.30007768126188, 36.55738509008309], [-118.30008268456491, 36.55768369565446], [-118.29915735009284, 36.55769378318305], [-118.29915485021147, 36.55754448034471], [-118.2989697836177, 36.55754649697807], [-118.29894978807597, 36.55635207404379], [-118.29857716187873, 36.55620680336829], [-118.29857466324889, 36.55605750045825], [-118.29894478937456, 36.55605346827127], [-118.29894229005143, 36.55590416537917], [-118.29949747803441, 36.55589811497795], [-118.29949997842505, 36.55604741783729], [-118.29968504140507, 36.556045400451694], [-118.29986510218048, 36.55574477710005], [-118.300050164412, 36.555742759162044], [-118.30005266585171, 36.55589206199252], [-118.30042279097118, 36.55588802523326], [-118.30042028881978, 36.55573872242463], [-118.30079041315392, 36.555734684538685], [-118.30079291601697, 36.555883987325466], [-118.30171822830894, 36.555873887531185], [-118.30171572366667, 36.55572458479907], [-118.30153066160098, 36.555726605321254], [-118.30152565308349, 36.55542799982351], [-118.30189577577309, 36.555423958535776], [-118.30189327083033, 36.555274655802926], [-118.30170820985059, 36.55527667657942], [-118.30170320073205, 36.55497807108017], [-118.3015181404455, 36.55498009154767], [-118.30151563626968, 36.55483078878126], [-118.30077789911493, 36.55498817054642], [-118.3005978435849, 36.55528879520876], [-118.30023022308923, 36.555442135286114], [-118.30022772134892, 36.55529283245488], [-118.29985759903927, 36.55529686855249], [-118.29985509802903, 36.555147565695506], [-118.29948497635738, 36.555151600622786], [-118.29947997581542, 36.554852994853455], [-118.29892479530486, 36.55485904502543], [-118.29892229612894, 36.55470974210218], [-118.29873723627774, 36.55471175824102], [-118.29873223869276, 36.55441315236099], [-118.29836212035848, 36.554417183733655], [-118.29817206578717, 36.55412059302825], [-118.29798700728568, 36.55412260797498], [-118.29797951542614, 36.55367469897146], [-118.29779445797367, 36.55367671359837], [-118.29779196107972, 36.5535274105785], [-118.29705173250923, 36.553535466171375], [-118.29704923705685, 36.55338616310401], [-118.29649406650347, 36.55339220175136], [-118.29649656088846, 36.553541504851395], [-118.29612644638277, 36.55354552920253], [-118.29612894007454, 36.55369483232049], [-118.29390575780737, 36.55356965119225], [-118.29390824722952, 36.55371895444078], [-118.29298544542642, 36.55387829642098], [-118.29298793310619, 36.554027599716065], [-118.29243275707282, 36.55403361954465], [-118.29242778386643, 36.55373501288542], [-118.29297798249699, 36.553430386512396], [-118.2931580638086, 36.55312977276862], [-118.29334312029665, 36.55312776536296], [-118.29334063201519, 36.55297846206626], [-118.29371074422474, 36.55297444641535], [-118.29370825525, 36.552825143136474], [-118.29426342235952, 36.55281911753944], [-118.29426591240164, 36.55296842078569], [-118.29445096842394, 36.552966411668265], [-118.29444847802604, 36.55281710843288], [-118.29500364491561, 36.552811079390644], [-118.29518371692174, 36.552510462740315], [-118.29555133415235, 36.55235713823088], [-118.29554634925228, 36.55205853185568], [-118.2957314030115, 36.55205652079386], [-118.29572891023322, 36.55190721761131], [-118.2966541769752, 36.551897158050245], [-118.29701679784766, 36.551445222873916], [-118.29867976849256, 36.55127778968033], [-118.2986772701139, 36.5511284866527], [-118.29904737272017, 36.551124454611774], [-118.29904487364843, 36.55097515160208], [-118.29941747525284, 36.55112042142253], [-118.29941497546957, 36.550971118434674], [-118.29978507721714, 36.55096708411892], [-118.2997825767408, 36.550817781149], [-118.30052277859194, 36.55080970911626], [-118.30052027671104, 36.550660406186154], [-118.30089037681464, 36.55065636846917], [-118.30145554158103, 36.551247521219075], [-118.30164059297289, 36.551245501024994], [-118.30163808890218, 36.55109619817216], [-118.30219324189993, 36.551090135900246], [-118.3021957470379, 36.55123943872026], [-118.30256584965568, 36.55123539574836], [-118.30256334380623, 36.55108609295022], [-118.3027483947317, 36.551084071044606], [-118.3027509009369, 36.55123337383178], [-118.30293595219968, 36.55123135162813], [-118.3029334456387, 36.55108204885189], [-118.30533910574982, 36.55105573422238], [-118.30533659458256, 36.550906431584686], [-118.30552164487527, 36.550904405383825], [-118.30552415639826, 36.55105370801055], [-118.30589425763968, 36.55104965472566], [-118.30589174540518, 36.55090035212088], [-118.30626435880711, 36.551045600292454], [-118.30626184586113, 36.55089629770962], [-118.30644689606135, 36.55089427007338], [-118.30644940936308, 36.551043572645234], [-118.3068195104195, 36.551039516489546], [-118.30682202445124, 36.551188819035545], [-118.30700707530744, 36.551186790516105], [-118.30700456091996, 36.55103748798109], [-118.30737466186532, 36.55103343010293], [-118.30737717696431, 36.551182732615985], [-118.30774476273663, 36.551029371076474], [-118.3077472785471, 36.551178673567556], [-118.30793232931073, 36.55117664361272], [-118.3079298131445, 36.551027341132624], [-118.30848496425696, 36.55102124957862], [-118.30848244704202, 36.550871947127604], [-118.30940769674675, 36.550861788851016], [-118.30941273475261, 36.551160393639165], [-118.30959778534944, 36.55115836110061], [-118.30978787543074, 36.551454933003534], [-118.31015797795465, 36.55145086644703], [-118.31016301895491, 36.551749471115954], [-118.31071817473612, 36.551743369061995], [-118.31072069633137, 36.551892671357585], [-118.31090574857707, 36.55189063675442], [-118.31091583656679, 36.552487845853754], [-118.31110089021696, 36.55248581091944], [-118.3109284469717, 36.553234357140234], [-118.31129855781128, 36.553230286874346], [-118.31130360352638, 36.5535288913176], [-118.31148865962989, 36.55352685573196], [-118.3114911828711, 36.55367615793673], [-118.31223393320545, 36.553817314835854], [-118.31223898262706, 36.5541159191377], [-118.31205392517471, 36.55411795591584], [-118.3120564495576, 36.55426725807195], [-118.31187139173085, 36.554269294574006], [-118.31186886770377, 36.55411999240688], [-118.31112863763417, 36.55412813549992], [-118.31076608822049, 36.55458011201182], [-118.31039849210154, 36.554733482996895], [-118.31040101335647, 36.554882785236565], [-118.31058607275506, 36.554880750987344], [-118.31058859438436, 36.55503005321212], [-118.31151136946936, 36.5548705754345], [-118.31150884607956, 36.55472127326092], [-118.31187896392365, 36.55471720105201], [-118.3116888575754, 36.55442063296321], [-118.31205897395908, 36.554416560224155], [-118.31206654727504, 36.554864466657385], [-118.31280678408909, 36.55485631760161], [-118.31318700893894, 36.555449449609405], [-118.31374219051243, 36.555443332947725], [-118.31337965066065, 36.55589531712906], [-118.31282446577312, 36.555901432167296], [-118.31264445547217, 36.55620207408774], [-118.31190673006137, 36.55635952450457], [-118.31191177869164, 36.55665812871801], [-118.31117152442616, 36.55666627256044], [-118.31060624630933, 36.556075168676365], [-118.31042118406417, 36.55607720301368], [-118.31042370548617, 36.55622650521827], [-118.30949839220281, 36.556236672652936], [-118.30949587256002, 36.5560873703933]], [[-118.30189828073429, 36.555573261264726], [-118.30245346569788, 36.55556719714685], [-118.302455971745, 36.55571649983907], [-118.30264103371849, 36.555714477881246], [-118.30263852731552, 36.555565175199966], [-118.30300865049544, 36.55556113044483], [-118.30300614339927, 36.55541182778154], [-118.30282108217436, 36.55541385029173], [-118.30281857545249, 36.5552645476136], [-118.30207833179166, 36.55527263473931], [-118.30189828073429, 36.555573261264726]], [[-118.31021595393936, 36.55488481919867], [-118.31021847485704, 36.55503412144545], [-118.31040353462998, 36.55503208747234], [-118.31040101335647, 36.554882785236565], [-118.31021595393936, 36.55488481919867]], [[-118.31003341506553, 36.55503615513145], [-118.31003593564597, 36.55518545738535], [-118.31022099579327, 36.55518342368835], [-118.31021847485704, 36.55503412144545], [-118.31003341506553, 36.55503615513145]], [[-118.31003089450367, 36.55488685287366], [-118.30984583504943, 36.554888886261516], [-118.3098483552555, 36.55503818853033], [-118.31003341506553, 36.55503615513145], [-118.31003089450367, 36.55488685287366]], [[-118.31097889323344, 36.5562204013119], [-118.31097637074394, 36.55607109914035], [-118.31079130853591, 36.556073134051914], [-118.31079383066958, 36.55622243623449], [-118.31097889323344, 36.5562204013119]], [[-118.29950747970737, 36.55649532639197], [-118.2995124806543, 36.55679393207561], [-118.29969754541355, 36.55679191463542], [-118.29970004627049, 36.55694121746047], [-118.30007017644546, 36.55693718169682], [-118.30005766878642, 36.55619066764179], [-118.29950747970737, 36.55649532639197]]], [[[-118.31098646081334, 36.556668307803214], [-118.31117152442616, 36.55666627256044], [-118.31117404734579, 36.556815574705396], [-118.31098898337713, 36.55681760995918], [-118.31098646081334, 36.556668307803214]]], [[[-118.30159076956355, 36.55930987007907], [-118.30122062829535, 36.55931391078694], [-118.30084297714801, 36.55887004224292], [-118.30232603962898, 36.559003179994065], [-118.30233355803115, 36.55945108782312], [-118.30214848712416, 36.55945310948024], [-118.30214598132753, 36.55930380686351], [-118.30177584017, 36.55930784929438], [-118.30177834525482, 36.55945715193299], [-118.30159327429247, 36.55945917272863], [-118.30159076956355, 36.55930987007907]]], [[[-118.30178335547978, 36.55975575719854], [-118.30196842713548, 36.559753736093874], [-118.30197093263153, 36.559903038709855], [-118.30178586061993, 36.55990505982547], [-118.30178335547978, 36.55975575719854]]], [[[-118.3023435828257, 36.56004829820733], [-118.30197343814602, 36.560052341321956], [-118.30197093263153, 36.559903038709855], [-118.3023410765994, 36.55989899561711], [-118.3023435828257, 36.56004829820733]]], [[[-118.29405764610239, 36.56267714222742], [-118.29461288361975, 36.562671113615714], [-118.294615375228, 36.56282041659411], [-118.29424521618951, 36.56282443597754], [-118.29425019803716, 36.563123041966165], [-118.29369495720611, 36.56312906895252], [-118.2935048978925, 36.562832471297945], [-118.29406013664276, 36.56282644523845], [-118.29405764610239, 36.56267714222742]]], [[[-118.29314469385946, 36.5634336994575], [-118.29295961277886, 36.56343570703864], [-118.2927795079787, 36.563736320463946], [-118.29241183176691, 36.56388963731519], [-118.29240436942716, 36.56344172805878], [-118.29258945056273, 36.56343972133927], [-118.29258696279679, 36.56329041825686], [-118.2931422050256, 36.56328439640768], [-118.29314469385946, 36.5634336994575]]], [[[-118.2915137642176, 36.56554200100495], [-118.2915112783313, 36.5653926979119], [-118.29058584878194, 36.5654027207261], [-118.29058336469399, 36.5652534175749], [-118.29002810781292, 36.56525942778407], [-118.28983805687632, 36.56496282421187], [-118.29020822676118, 36.564958818310814], [-118.2902057434401, 36.56480951512627], [-118.29131625051986, 36.56479749059469], [-118.29131376508106, 36.564648187471334], [-118.29168641940008, 36.56479348011969], [-118.2916814471168, 36.56449487391249], [-118.29186653081747, 36.564492868265845], [-118.2918640443473, 36.564343565167256], [-118.2916789610026, 36.564345570803034], [-118.29167150276989, 36.56389766145136], [-118.2918565850466, 36.56389565584814], [-118.29185907146187, 36.564044958958405], [-118.29204415407627, 36.56404295305712], [-118.292041667305, 36.563893649957706], [-118.29241183176691, 36.56388963731519], [-118.29241431925011, 36.56403894039289], [-118.29352481433213, 36.56402689550693], [-118.29352232471304, 36.56387759249443], [-118.295002980948, 36.56386151664925], [-118.2950004884994, 36.563712213719874], [-118.29518557009024, 36.56371020295764], [-118.29518806289484, 36.56385950587613], [-118.29555822673343, 36.56385548346824], [-118.29555573321689, 36.56370618057151], [-118.29592589627009, 36.56370215703653], [-118.29592340205996, 36.56355285415769], [-118.29610848320304, 36.56355084197028], [-118.29611097776916, 36.56370014483823], [-118.29648114071219, 36.56369611957996], [-118.2964836360086, 36.563845422422226], [-118.29629855419032, 36.56384743520586], [-118.29630104914914, 36.563996738055124], [-118.29648613132342, 36.56399472526059], [-118.29649112200812, 36.56429333092564], [-118.29593587329427, 36.56429936851294], [-118.29593337901066, 36.56415006564968], [-118.2957482964253, 36.56415207759344], [-118.29575079035291, 36.5643013804676], [-118.29538062441512, 36.56430540351524], [-118.29538311764911, 36.564454706407275], [-118.29501295092592, 36.56445872832782], [-118.29501045840392, 36.56430942541402], [-118.29408504305484, 36.56431947513456], [-118.2940875337969, 36.56446877810275], [-118.29316211620943, 36.56447882069713], [-118.29315962724733, 36.56432951767457], [-118.29278946079604, 36.564333532680024], [-118.2926093533495, 36.56463414585832], [-118.29186901730594, 36.564642171360546], [-118.29187399033783, 36.56494077753824], [-118.29242924453395, 36.564934758777255], [-118.29243670742311, 36.56538266791689], [-118.29317705036692, 36.565374638750676], [-118.29335715721926, 36.5650740247605], [-118.29409998778226, 36.565215292885334], [-118.2940974969485, 36.565065989936606], [-118.2946527515529, 36.56505996080278], [-118.2946502596695, 36.564910657882784], [-118.29502042860206, 36.56490663704585], [-118.29502292119747, 36.565055939944074], [-118.2952080059922, 36.56505392908389], [-118.29520551304078, 36.56490462619655], [-118.29576076624691, 36.56489859192526], [-118.29575827224588, 36.56474928906669], [-118.2961309349592, 36.56489456764159], [-118.29612844024615, 36.564745264804806], [-118.29649860817298, 36.564741239394046], [-118.29649611276632, 36.564591936575134], [-118.29668119634617, 36.56458992344981], [-118.29687127216332, 36.564886515627556], [-118.2961384192085, 36.56534247612862], [-118.29614340879986, 36.56564108176714], [-118.29558316290853, 36.56534851222127], [-118.29540306418177, 36.56564912940335], [-118.29503289176259, 36.56565315149803], [-118.29503538444976, 36.565802454376794], [-118.29485029785661, 36.56580446500417], [-118.29484780552548, 36.56565516211453], [-118.29429254670404, 36.5656611922406], [-118.29429503796713, 36.56581049516287], [-118.29318451769302, 36.565822547724885], [-118.2931870068384, 36.56597185070849], [-118.29244665819839, 36.565979880048545], [-118.29244914593798, 36.56612918307173], [-118.29207897079604, 36.566133196040035], [-118.29225410895171, 36.56553397753997], [-118.2915137642176, 36.56554200100495]]], [[[-118.29319945284004, 36.56671836556818], [-118.29227649556877, 36.56687770481132], [-118.29227152063679, 36.56657909877827], [-118.29301187504646, 36.566571070413374], [-118.29300938618383, 36.566421767434456], [-118.29319447438442, 36.56641975963599], [-118.29319945284004, 36.56671836556818]]], [[[-118.2943174601605, 36.56715422128813], [-118.29357710056748, 36.56716225786989], [-118.29357461056345, 36.567012954939166], [-118.29375970013317, 36.56701094623547], [-118.29375720979141, 36.56686164331172], [-118.29449756646281, 36.566853605667966], [-118.29449507471529, 36.566704302783826], [-118.29486525222885, 36.56670028226022], [-118.29486774468843, 36.566849585122604], [-118.2956081009195, 36.5668415405849], [-118.29524540246578, 36.567293471926725], [-118.29469013200558, 36.56729950413533], [-118.29450005822868, 36.56700290854821], [-118.29431496873231, 36.5670049184009], [-118.2943174601605, 36.56715422128813]]], [[[-118.29141816926678, 36.57091891530049], [-118.29123307020109, 36.570920920552076], [-118.29123058436807, 36.570771617577485], [-118.29160078176893, 36.57076760680871], [-118.29178090669414, 36.57046699509765], [-118.29196600463662, 36.570464989016756], [-118.29195605593644, 36.56986777722199], [-118.29177095941834, 36.569869783259456], [-118.29176598589028, 36.569571177317], [-118.29213617748383, 36.56956716499822], [-118.29212871519259, 36.56911925612047], [-118.2924964164705, 36.568965939772426], [-118.29248895226262, 36.56851803091313], [-118.29174609251035, 36.568376753391426], [-118.29174111934844, 36.56807814737111], [-118.29211130382062, 36.56807413526948], [-118.29229142080425, 36.56777352281702], [-118.29266160374233, 36.567769509035266], [-118.29265911544523, 36.56762020606577], [-118.29358457068959, 36.56761016663871], [-118.29358706076695, 36.56775946955387], [-118.29488020726167, 36.567596099376104], [-118.29488519241941, 36.56789470505022], [-118.29507028399699, 36.56789269427049], [-118.29507277695943, 36.56804199709084], [-118.29488768502581, 36.568044007881454], [-118.29489017765056, 36.568193310708786], [-118.29451999301612, 36.56819733145], [-118.29452497689645, 36.56849593713652], [-118.29433988383958, 36.56849794709799], [-118.29416973857283, 36.569395773868806], [-118.29398464334285, 36.569397783321], [-118.29398962538025, 36.56969638901047], [-118.29380452941979, 36.56969839819714], [-118.29363437572022, 36.57059622420197], [-118.29326666916637, 36.570749544128375], [-118.29327164868505, 36.57104814983473], [-118.2930865494464, 36.57105015797011], [-118.29308903887711, 36.57119946082832], [-118.29271883963263, 36.571203476258916], [-118.29272132836947, 36.57135277913497], [-118.29179582815712, 36.57136281273813], [-118.29141816926678, 36.57091891530049]]], [[[-118.29227550384412, 36.57792812428375], [-118.29190527236122, 36.57793213781876], [-118.29190278459922, 36.57778283505973], [-118.29227301536966, 36.577778821546445], [-118.29226803847568, 36.57748021606015], [-118.29245315312099, 36.57747820889419], [-118.29245066434524, 36.57732890615607], [-118.292635778616, 36.57732689871362], [-118.29263826774796, 36.57747620144088], [-118.29300849694694, 36.577472185672164], [-118.29301098680965, 36.577621488373794], [-118.29338370724123, 36.577766774109904], [-118.29338619785304, 36.577916076782024], [-118.29301596659006, 36.577920093765385], [-118.29302343639817, 36.578368001823556], [-118.29246808616011, 36.578374025241175], [-118.29247306398642, 36.57867263065903], [-118.29191771144603, 36.578678651555485], [-118.29191024794021, 36.57823074332513], [-118.29246559727446, 36.57822472252642], [-118.29227550384412, 36.57792812428375]]], [[[-118.27886308258161, 36.528047058756094], [-118.2784930870049, 36.52805102600822], [-118.278495544493, 36.52820033080125], [-118.27831054632213, 36.52820231400778], [-118.27831546064185, 36.52850092360366], [-118.27813046174217, 36.52850290654479], [-118.27812554813319, 36.52820429692745], [-118.27775309563444, 36.52805895707028], [-118.27775063958586, 36.52790965223041], [-118.27738064450286, 36.52791361601888], [-118.2773781891831, 36.527764311153675], [-118.27663574634138, 36.52762293033351], [-118.27644584241557, 36.5273263007715], [-118.2760783027005, 36.52747956541026], [-118.27607584992242, 36.527330260458314], [-118.27570585735705, 36.52733421899775], [-118.27570340530772, 36.52718491402048], [-118.27514841739034, 36.52719084964618], [-118.27495852018006, 36.52689421756249], [-118.27458852953022, 36.526898172595565], [-118.27458607966709, 36.526748867542366], [-118.27403109462308, 36.52675479790857], [-118.27402864584401, 36.52660549281937], [-118.27366110450363, 36.52675875005187], [-118.27365865643522, 36.52660944494125], [-118.2734736617038, 36.526611420571946], [-118.27346876633175, 36.52631281031768], [-118.27383875435524, 36.526308858812264], [-118.27383630598557, 36.52615955370069], [-118.27457628039492, 36.526151647290675], [-118.27457383062197, 36.526002342218035], [-118.27549634491967, 36.525843147782375], [-118.27549879645123, 36.525992452805355], [-118.27586878265662, 36.525988495032486], [-118.27643357524256, 36.52657977606062], [-118.27680356411003, 36.52657581533367], [-118.27680601821919, 36.52672512026218], [-118.27773099184832, 36.526715213371546], [-118.27773590367423, 36.52701382310959], [-118.27810343778803, 36.52686055345693], [-118.27792826799703, 36.5274597553952], [-118.27866825360944, 36.52745182335753], [-118.27867071138053, 36.52760112815538], [-118.2790407047889, 36.527597160394], [-118.27904316328876, 36.52774646516648], [-118.27885816623827, 36.527748449201326], [-118.27886308258161, 36.528047058756094]], [[-118.27477107464568, 36.52674689017996], [-118.27476862444524, 36.52659758513357], [-118.27458362982199, 36.526599562485266], [-118.27458607966709, 36.526748867542366], [-118.27477107464568, 36.52674689017996]], [[-118.27513126101258, 36.52614571447143], [-118.27531625451572, 36.52614373629136], [-118.27531380332147, 36.52599443126156], [-118.27512881017363, 36.52599640943092], [-118.27513126101258, 36.52614571447143]], [[-118.27755827508228, 36.52746371969296], [-118.27756073072126, 36.52761302455522], [-118.27793072434667, 36.52760906023599], [-118.27792826799703, 36.5274597553952], [-118.27755827508228, 36.52746371969296]], [[-118.27699837648304, 36.527171054187725], [-118.27700083101979, 36.52732035908995], [-118.27718582718508, 36.527318377955744], [-118.27718337229297, 36.52716907306424], [-118.27699837648304, 36.527171054187725]], [[-118.27532115695838, 36.5264423463393], [-118.27532605947323, 36.5267409563717], [-118.27551105437965, 36.52673897786194], [-118.27550860275788, 36.5265896728584], [-118.27587859180592, 36.52658571499979], [-118.27587368719516, 36.52628710502392], [-118.27550369956845, 36.52629106283966], [-118.27550615115415, 36.52644036785097], [-118.27532115695838, 36.5264423463393]]], [[[-118.28016052721621, 36.52818246903419], [-118.28015806652989, 36.528033164337884], [-118.28034306416434, 36.5280311782736], [-118.28072044469054, 36.52847511926496], [-118.28109044196476, 36.52847114506389], [-118.2810929044823, 36.528620449694756], [-118.28331042408676, 36.52844727576187], [-118.2833128908687, 36.528596580263475], [-118.28349788961627, 36.528594589279656], [-118.28350282394534, 36.528893198249655], [-118.28368782338548, 36.52889120695741], [-118.28369029093264, 36.52904051142579], [-118.28406029046916, 36.52903652795916], [-118.28406275874524, 36.529185832402085], [-118.28554523014456, 36.529319191327644], [-118.28554275900728, 36.52916988697496], [-118.28591275889094, 36.52916589774959], [-118.2859102870611, 36.529016593414596], [-118.28701781019912, 36.52885531464469], [-118.28701533627346, 36.52870601036676], [-118.28794032978718, 36.528696023839785], [-118.28812037637418, 36.528395417236105], [-118.28867537007687, 36.52838942108207], [-118.2886728930076, 36.52824011688983], [-118.28904288800749, 36.52823611804121], [-118.28904041024575, 36.52808681386673], [-118.28977791944027, 36.5279295086356], [-118.28995795714339, 36.527628899395204], [-118.29069545998668, 36.52747158859973], [-118.29087549308854, 36.5271709780427], [-118.29180046691884, 36.527160961938606], [-118.29179798395472, 36.527011657899486], [-118.29290546473797, 36.52685032519626], [-118.29290297967842, 36.526701021214485], [-118.29401294061697, 36.52668898229349], [-118.29401045344375, 36.526539678373034], [-118.2945654325999, 36.52653365507295], [-118.294562944379, 36.52638435118119], [-118.29493541861241, 36.52652963810542], [-118.29493292968087, 36.52638033423542], [-118.29530042528559, 36.52622701229022], [-118.29566293883671, 36.52577508155712], [-118.2962179121683, 36.52576905067598], [-118.29621542084122, 36.52561974686268], [-118.29640041155976, 36.525617736006225], [-118.29639542824998, 36.52531912838976], [-118.29676291587282, 36.52516580206765], [-118.29676042355321, 36.525016498271455], [-118.29731539122503, 36.525010462390995], [-118.29731788461056, 36.52515976615449], [-118.2976878636773, 36.525155740778324], [-118.2976903577918, 36.52530504451614], [-118.29806033749566, 36.52530101797092], [-118.29805784267059, 36.52515171425491], [-118.29824283213965, 36.525149700562984], [-118.29825031773593, 36.52559761166661], [-118.29806532720094, 36.525599625391244], [-118.29806782208111, 36.525748929095585], [-118.2975128493, 36.5257549685813], [-118.29715034677518, 36.52620690472414], [-118.296780362624, 36.52621092853194], [-118.29678285509044, 36.52636023229699], [-118.296597862632, 36.52636224378154], [-118.29660284690924, 36.52666085132174], [-118.29604786729193, 36.5266668841198], [-118.2960553406474, 36.52711479549889], [-118.29587034633897, 36.52711680589058], [-118.29587283713882, 36.52726610968671], [-118.29642782107511, 36.52726007761849], [-118.2964303129593, 36.52740938137808], [-118.29624531797688, 36.5274113923652], [-118.29625030108957, 36.52770999989446], [-118.29569531390018, 36.52771603120016], [-118.29569780441803, 36.527865334991596], [-118.29533030198154, 36.52801865825893], [-118.29533528168746, 36.528317265865894], [-118.29570527608155, 36.528313246342584], [-118.29570776667269, 36.52846255011847], [-118.29607776170417, 36.52845852942599], [-118.29608025302439, 36.528607833176196], [-118.29571025728222, 36.528611853890446], [-118.29571274791006, 36.52876115765854], [-118.29497275478427, 36.52876919568835], [-118.29498022251337, 36.52921710709984], [-118.29535022124516, 36.52921308859336], [-118.2951702011769, 36.529513705556475], [-118.29480020098698, 36.52951772353276], [-118.29478775645698, 36.52877120447869], [-118.29460275811141, 36.52877321298216], [-118.29459280423866, 36.52817599762534], [-118.2944078072962, 36.52817800579846], [-118.2945878274122, 36.52787738992356], [-118.292555352351, 36.528048767784796], [-118.29219281021903, 36.52850068947074], [-118.2918203312899, 36.52835539411148], [-118.29182281441855, 36.52850469811558], [-118.2909003059676, 36.52866401876223], [-118.29090278735598, 36.52881332281279], [-118.29017023233767, 36.529269243268374], [-118.2901751924358, 36.52956785142117], [-118.28999019185613, 36.529569852807526], [-118.28981015000784, 36.5298704620876], [-118.28907262257123, 36.53002776783137], [-118.2890751005701, 36.53017707195527], [-118.28889009845939, 36.53017907166375], [-118.28870014177251, 36.52988246279041], [-118.28833013888148, 36.52988646072976], [-118.28815008983422, 36.53018706762904], [-118.28741255573594, 36.53034436322183], [-118.28741503057275, 36.53049366743534], [-118.2864924885408, 36.5306529545718], [-118.28649496163702, 36.530802258831564], [-118.28575741807093, 36.530959544351624], [-118.28576236151112, 36.53125815293815], [-118.28557735658467, 36.53126014755861], [-118.28557982797665, 36.531409451856824], [-118.28521228805769, 36.531562744574614], [-118.28521475877521, 36.53171204888667], [-118.28484474666247, 36.53171603618417], [-118.28466467993591, 36.532016638079774], [-118.28410965944337, 36.53202261607848], [-118.28411459674058, 36.53232122480483], [-118.28374458156627, 36.53232520874599], [-118.28374211361945, 36.53217590436319], [-118.28355710636049, 36.53217789589265], [-118.28355463878724, 36.53202859149518], [-118.28336963186554, 36.53203058272697], [-118.28336469748442, 36.53173197389878], [-118.2826246724594, 36.53173993587082], [-118.28262220671776, 36.53159063140779], [-118.28243720077157, 36.531592621172805], [-118.28279981446362, 36.531140727975774], [-118.28372237069884, 36.53098146916074], [-118.28371743515038, 36.53068286032123], [-118.28260741264918, 36.530694804547885], [-118.28260987828189, 36.53084410903426], [-118.28205486572001, 36.530850077307086], [-118.2820524011535, 36.5307007727884], [-118.28167992956145, 36.53055544563691], [-118.28167500194078, 36.530256836537006], [-118.2814899991025, 36.53025882477072], [-118.28148753567477, 36.530109520204164], [-118.28074506357399, 36.529968165613724], [-118.28074260160409, 36.529818860996336], [-118.28037259786053, 36.52982283424362], [-118.28017775252782, 36.52922760179949], [-118.27888274867878, 36.52924149681958], [-118.27888029035331, 36.529092192075254], [-118.2786952900864, 36.52909417591992], [-118.27869037420048, 36.52879556639814], [-118.27831791782886, 36.52865022839574], [-118.27831546064185, 36.52850092360366], [-118.27887045723233, 36.52849497305906], [-118.27887291548542, 36.52864427781895], [-118.2790579146681, 36.52864229371963], [-118.27905545605964, 36.52849298897049], [-118.27961045243292, 36.52848703498367], [-118.27979053118223, 36.52818644032372], [-118.28016052721621, 36.52818246903419]], [[-118.27906037329466, 36.52879159846488], [-118.27924537281461, 36.52878961406796], [-118.27924291383268, 36.528640309333475], [-118.2790579146681, 36.52864229371963], [-118.27906037329466, 36.52879159846488]], [[-118.28204254306893, 36.53010355467474], [-118.28186246891755, 36.530404152557566], [-118.28315502399363, 36.53024092034002], [-118.28315009075918, 36.52994231139693], [-118.28204254306893, 36.53010355467474]], [[-118.28148507226517, 36.52996021563373], [-118.28240761755268, 36.52980096718369], [-118.28240268727026, 36.52950235813105], [-118.28184768424963, 36.52950832525245], [-118.28148507226517, 36.52996021563373]], [[-118.2827726891933, 36.52949837861581], [-118.28277022336853, 36.5293490741052], [-118.28240022215627, 36.529353053598896], [-118.28240268727026, 36.52950235813105], [-118.2827726891933, 36.52949837861581]], [[-118.28184029216055, 36.52906041154739], [-118.28183782816714, 36.528911106971265], [-118.28165282854548, 36.528913095394934], [-118.28165529218352, 36.529062399981825], [-118.28110029214366, 36.52906836356399], [-118.2811027547337, 36.52921766817929], [-118.28073275390572, 36.529221642487954], [-118.28073767771866, 36.52952025174992], [-118.28092267885248, 36.5295182647175], [-118.28092021658158, 36.52936896009921], [-118.28129021808405, 36.529364985195315], [-118.2812877551205, 36.52921568059467], [-118.28202775648636, 36.52920772738758], [-118.28202529211943, 36.5290584228261], [-118.28184029216055, 36.52906041154739]], [[-118.28294535940847, 36.528749865889836], [-118.28294782551599, 36.52889917040523], [-118.28331782448706, 36.528895189255046], [-118.2833153576688, 36.5287458847612], [-118.28294535940847, 36.528749865889836]], [[-118.29586785555746, 36.52696750209055], [-118.29586536479431, 36.52681819828665], [-118.29475789145386, 36.526979558351876], [-118.29476286877117, 36.527278166078595], [-118.29494786354493, 36.52727615739704], [-118.29494537452177, 36.527126853546505], [-118.2956853520122, 36.527118815995436], [-118.29568286158603, 36.526969512184515], [-118.29586785555746, 36.52696750209055]], [[-118.29475540282269, 36.52683025448268], [-118.29457040909664, 36.52683226284479], [-118.29457289737248, 36.52698156672485], [-118.29475789145386, 36.526979558351876], [-118.29475540282269, 36.52683025448268]]], [[[-118.26440862909303, 36.53805705503372], [-118.26403858375339, 36.53806097836483], [-118.26403129207655, 36.53761306220111], [-118.26421631368869, 36.53761110071089], [-118.26421388280998, 36.53746179532584], [-118.2643989040487, 36.53745983355928], [-118.26440862909303, 36.53805705503372]]], [[[-118.26501478055062, 36.54118657893616], [-118.26519981060684, 36.541184615756094], [-118.265202243711, 36.54133392099088], [-118.26501721329913, 36.54133588418157], [-118.26501478055062, 36.54118657893616]]], [[[-118.28359916084104, 36.545915876052824], [-118.28433932068317, 36.54590790539202], [-118.28434426136185, 36.54620651339476], [-118.28360409867435, 36.54621448414186], [-118.28359916084104, 36.545915876052824]]], [[[-118.26676044619596, 36.54609596787163], [-118.26694548782704, 36.5460940017574], [-118.26714515322233, 36.546987865298696], [-118.26696010947504, 36.54698983176382], [-118.26696254647918, 36.5471391367513], [-118.26640741406258, 36.547145034456314], [-118.26639767042207, 36.546547814355414], [-118.26658271315607, 36.54654584878335], [-118.2665802769351, 36.54639654375906], [-118.2663952345568, 36.546398509320476], [-118.26639036287999, 36.54609989923893], [-118.26657540454696, 36.54609793369879], [-118.26657296837978, 36.54594862866283], [-118.26675800967308, 36.5459466628463], [-118.26676044619596, 36.54609596787163]], [[-118.26676531929549, 36.5463945779106], [-118.26676288273676, 36.546245272893046], [-118.26657784073205, 36.54624723873087], [-118.2665802769351, 36.54639654375906], [-118.26676531929549, 36.5463945779106]], [[-118.2667701924668, 36.546693187934025], [-118.26677262907933, 36.54684249293991], [-118.26695767248884, 36.546840526772485], [-118.26695523552063, 36.54669122177722], [-118.2667701924668, 36.546693187934025]]], [[[-118.26401156382376, 36.547767781916015], [-118.26419660963633, 36.547765819990595], [-118.26419904139445, 36.547915125118145], [-118.26401399522615, 36.547917087054174], [-118.26401156382376, 36.547767781916015]]], [[[-118.26459589202425, 36.54955355629756], [-118.26478094205187, 36.54955159338345], [-118.26478580815018, 36.54985020347761], [-118.26460075741105, 36.54985216641297], [-118.26459589202425, 36.54955355629756]]], [[[-118.26478580815018, 36.54985020347761], [-118.26497085887137, 36.54984824025517], [-118.26497329230314, 36.54999754528579], [-118.26478824122619, 36.54999950851886], [-118.26478580815018, 36.54985020347761]]], [[[-118.27886191246455, 36.550446701502835], [-118.27904696359549, 36.55044471640873], [-118.27904942415458, 36.550594020607626], [-118.2788643726679, 36.55059600571249], [-118.27886191246455, 36.550446701502835]]], [[[-118.26739602157053, 36.5510171312688], [-118.26739358338835, 36.550867826403696], [-118.2675786363488, 36.55086585908757], [-118.26758107488675, 36.55101516394204], [-118.26739602157053, 36.5510171312688]]], [[[-118.26573297591528, 36.551184129247524], [-118.26591802974873, 36.551182164493966], [-118.26592046512063, 36.55133146943644], [-118.26573541093141, 36.55133343420065], [-118.26573297591528, 36.551184129247524]]], [[[-118.26610795503751, 36.551478809313096], [-118.26592290051045, 36.55148077437504], [-118.26592046512063, 36.55133146943644], [-118.26610551929193, 36.551329504385144], [-118.26610795503751, 36.551478809313096]]], [[[-118.2657402810174, 36.55163204409521], [-118.26537017116208, 36.55163597280486], [-118.26555035672425, 36.551335398677764], [-118.26573541093141, 36.55133343420065], [-118.2657402810174, 36.55163204409521]]], [[[-118.27785977744662, 36.55702799041941], [-118.27822991121909, 36.557024022444104], [-118.27823729000411, 36.55747193467684], [-118.27805222205932, 36.55747391884028], [-118.27805468133467, 36.55762322292084], [-118.27731440795093, 36.55763115674602], [-118.27730949226536, 36.55733254849516], [-118.2774945599267, 36.55733056549106], [-118.27749210175519, 36.55718126137053], [-118.27786223631179, 36.557177294522354], [-118.27785977744662, 36.55702799041941]]], [[[-118.28405592879463, 36.56233730441703], [-118.28405840005834, 36.562486608024706], [-118.28387332057491, 36.56248860145678], [-118.28387084966718, 36.562339297838314], [-118.28405592879463, 36.56233730441703]]], [[[-118.28444339120651, 36.563378441733704], [-118.28446069630981, 36.56442356656388], [-118.28464578036636, 36.56442157212986], [-118.28465319818021, 36.564869482680606], [-118.28428302791292, 36.564873471326194], [-118.28429538773997, 36.56561998894089], [-118.28448047466277, 36.565617994707736], [-118.28450025418067, 36.56681242260253], [-118.28468534393348, 36.56681042799577], [-118.28488527334356, 36.56770425372986], [-118.28507036519622, 36.56770225848379], [-118.2850753126125, 36.56800086530709], [-118.28526040515906, 36.56799886975218], [-118.28526782748825, 36.56844677992553], [-118.28545292108477, 36.56844478405095], [-118.28545787010745, 36.568743390792115], [-118.28564296439791, 36.568741394608644], [-118.28565533905379, 36.56948791133944], [-118.28584043510641, 36.569485914814685], [-118.28585033658342, 36.57008312808604], [-118.28603543404218, 36.57008113123077], [-118.2860428614096, 36.570529041110994], [-118.2862279599184, 36.570527043936025], [-118.28623538851821, 36.57097495374879], [-118.2864204880771, 36.570972956254096], [-118.28643039455652, 36.571570169240054], [-118.28661549552163, 36.571568171414796], [-118.28662044958297, 36.5718667778628], [-118.28643534790561, 36.57186877570967], [-118.2864378246075, 36.57201807893863], [-118.28662292664099, 36.57201608108095], [-118.28662540371725, 36.572165384295225], [-118.28644030132763, 36.57216738216372], [-118.28644773159743, 36.57261529181561], [-118.28608000070747, 36.57276858998667], [-118.2860824768065, 36.572917893213905], [-118.28571226833827, 36.57292188704783], [-118.28516685295463, 36.57352508873], [-118.28498174721392, 36.57352708439725], [-118.28498422126715, 36.57367638766984], [-118.28461400901878, 36.57368037816398], [-118.28461153567784, 36.573531074869784], [-118.28442642988249, 36.57353306967506], [-118.28478922047303, 36.5730811699036], [-118.28423390629233, 36.5730871542223], [-118.28423637886632, 36.57323645754976], [-118.28386616860924, 36.57324044568056], [-118.28387111238723, 36.573539052366996], [-118.28405621823717, 36.57353705842367], [-118.28405869050962, 36.57368636175025], [-118.2836884780792, 36.573690349371155], [-118.28368600651906, 36.57354104602299], [-118.2835009006327, 36.57354303939167], [-118.28350831429923, 36.57399094945685], [-118.2838810001616, 36.574136265693156], [-118.28387852819071, 36.57398696236745], [-118.28517180179163, 36.573823695249715], [-118.2851767507015, 36.57412230175387], [-118.28573207208825, 36.57411631289855], [-118.2857295965557, 36.573967009680835], [-118.2860998100101, 36.5739630156956], [-118.28610228625496, 36.574112318891714], [-118.28628739331097, 36.574110321457304], [-118.28628491670993, 36.573961018271994], [-118.28702534332697, 36.573953025704355], [-118.28702286531954, 36.57380372255843], [-118.28739307780629, 36.5737997245723], [-118.28739059910478, 36.57365042144411], [-118.28757570496462, 36.57364842203088], [-118.28757818402228, 36.573797725148246], [-118.28776329022003, 36.573795725436874], [-118.2877608108062, 36.57364642233033], [-118.28794591662954, 36.573644422342454], [-118.28794839639953, 36.57379372543818], [-118.28887392702309, 36.573783721134845], [-118.28887144547234, 36.57363441809327], [-118.28905655118608, 36.57363241638147], [-118.28906151501819, 36.57393102243906], [-118.289246621426, 36.57392902041828], [-118.28924413914464, 36.573779717402275], [-118.28961683418677, 36.573925015514725], [-118.28961186821772, 36.57362640952216], [-118.28923917463679, 36.57348111135856], [-118.28923669241027, 36.57333180833088], [-118.28997711216023, 36.573323797547914], [-118.29015724909232, 36.57302318817521], [-118.29034235325355, 36.573021184495566], [-118.29035477507064, 36.573767699308796], [-118.29016966912869, 36.57376970304268], [-118.28999449810206, 36.57436891835649], [-118.29017960548694, 36.57436691486656], [-118.29018208962223, 36.574516217812814], [-118.29110762805314, 36.574506195999], [-118.29110514213701, 36.57435689310698], [-118.29147535666893, 36.57435288239187], [-118.29148032994418, 36.57465148812857], [-118.291295221975, 36.574653493651496], [-118.29129770828392, 36.574802796524864], [-118.29018705794769, 36.574814823693615], [-118.29018954213784, 36.57496412662815], [-118.28981932450041, 36.57496813340743], [-118.28982180799649, 36.57511743635978], [-118.28963669879415, 36.575119439329264], [-118.28964166512881, 36.575418045243964], [-118.28982677504351, 36.57541604225281], [-118.28982429151085, 36.57526673930823], [-118.29000940105108, 36.57526473604058], [-118.29001188493991, 36.57541403897431], [-118.29037962007666, 36.575260728643265], [-118.29038458929736, 36.57555933446345], [-118.29093991983564, 36.57555332114735], [-118.29094240554203, 36.57570262401907], [-118.29131262652176, 36.575698613683265], [-118.29131014010301, 36.57554931083327], [-118.29279102044003, 36.57553325808332], [-118.29278853119011, 36.57538395531631], [-118.29297364079362, 36.5753819474404], [-118.29297613039972, 36.57553125019656], [-118.2933463502641, 36.57552723356101], [-118.29334385994564, 36.5753779308266], [-118.29371407902431, 36.57537391306343], [-118.29390417132853, 36.57567050915054], [-118.29408928153438, 36.57566849952887], [-118.29409426511249, 36.57596710489123], [-118.29316871033791, 36.57597715023493], [-118.29317120037351, 36.576126452964644], [-118.29150768426693, 36.576293819402004], [-118.2915101711334, 36.57644312222168], [-118.2911399466283, 36.57644713324069], [-118.29113746047426, 36.576297830399305], [-118.29095234855045, 36.57629983546695], [-118.2909548343483, 36.576449138319184], [-118.29076972204999, 36.57645114311031], [-118.29076723660833, 36.57630184024723], [-118.29002678865697, 36.57630985649489], [-118.28983670935698, 36.57601325399213], [-118.28946648665978, 36.57601725977382], [-118.28946400376637, 36.575867956823146], [-118.2879831150962, 36.57588396836943], [-118.28798559514004, 36.57603327140676], [-118.28743026051879, 36.57603927102791], [-118.28743273951228, 36.57618857409381], [-118.28558161936023, 36.57620855426161], [-118.28558409480996, 36.57635785743174], [-118.28447341970656, 36.57636983180451], [-118.28447589303727, 36.57651913503556], [-118.28392055417109, 36.57652511837509], [-118.28392302645139, 36.57667442163462], [-118.28225700566435, 36.576692356233224], [-118.28225947475694, 36.57684165958593], [-118.27966787895303, 36.57686951173702], [-118.27967034307676, 36.57701881523658], [-118.2789298850545, 36.57702676269217], [-118.27893234777149, 36.57717606623085], [-118.27652585256564, 36.57720186384792], [-118.27652339447955, 36.57705256016962], [-118.27689116521755, 36.57689929082719], [-118.27688624771096, 36.57660068349411], [-118.27651356231614, 36.57645534541761], [-118.27650373044226, 36.57585813060333], [-118.2761335065508, 36.575862094963966], [-118.27613596377972, 36.576011398694824], [-118.27595085145066, 36.57601338045483], [-118.27594839457794, 36.57586407671326], [-118.27557817057797, 36.575868039349814], [-118.27539797017715, 36.576168627780675], [-118.27502774464388, 36.576172588736], [-118.27503019977172, 36.5763218925234], [-118.27484508662177, 36.57632387258076], [-118.27504002046392, 36.57691910763414], [-118.2748549058891, 36.57692108773435], [-118.2748573607511, 36.57707039151301], [-118.27448713083479, 36.5770743508728], [-118.27448958500244, 36.57722365466902], [-118.2735640081144, 36.57723354809318], [-118.27356646051895, 36.57738285193904], [-118.27282599725862, 36.577390761548635], [-118.27282844825632, 36.57754006543342], [-118.27153263436244, 36.57755389626148], [-118.27153508288455, 36.577703200217215], [-118.26931368130856, 36.57772687757638], [-118.26931612557384, 36.577876181656386], [-118.26839053903757, 36.5778860350628], [-118.26839298153966, 36.578035339192205], [-118.26746983351144, 36.578194489646435], [-118.26747227426824, 36.578343793821375], [-118.26617888253331, 36.57850687093186], [-118.26618132083227, 36.578656175173556], [-118.2656259627043, 36.57866207358311], [-118.26562839995248, 36.578811377852844], [-118.26507304059425, 36.57881727370787], [-118.26507060441487, 36.57866796940625], [-118.2637772014641, 36.578831020644536], [-118.26377476777853, 36.57868171626851], [-118.26340452857826, 36.57868564135701], [-118.26340209562314, 36.57853633695585], [-118.2632169763524, 36.578538299058415], [-118.26357991504929, 36.57808646137095], [-118.26376503321545, 36.5780844987255], [-118.26376016604142, 36.57778588993069], [-118.26468575304098, 36.57777607249905], [-118.26468088237623, 36.57747746379493], [-118.26523135949297, 36.577172961295396], [-118.26522648683428, 36.57687435262397], [-118.26541160198923, 36.576872387477216], [-118.26540916533057, 36.57672308314631], [-118.26522405053186, 36.57672504828243], [-118.26522161424735, 36.576575743937], [-118.26466627081227, 36.57658163758928], [-118.26466383561437, 36.57643233320806], [-118.2641084930866, 36.57643822424223], [-118.26410362488184, 36.57613961540436], [-118.26373339786525, 36.57614354128117], [-118.26354341833428, 36.57584689487141], [-118.26298807975854, 36.5758527806057], [-118.26279810378966, 36.57555613292479], [-118.26205522479715, 36.57541467075617], [-118.26205036467967, 36.57511606163033], [-118.26186525347678, 36.57511802147726], [-118.26167528363487, 36.57482137185303], [-118.26186039414321, 36.57481941231466], [-118.2620406446593, 36.57451884333201], [-118.26241086416184, 36.574514922861], [-118.26240357219734, 36.574067009160096], [-118.2625886808532, 36.57406504852541], [-118.26258624987798, 36.57391574396127], [-118.26332911529771, 36.574057203113355], [-118.2633242505158, 36.57375859406611], [-118.2636944662059, 36.57375466967856], [-118.26388444094307, 36.57405131603729], [-118.2642546579504, 36.57404738988325], [-118.26425709214911, 36.574196694347926], [-118.26444220098207, 36.57419473082927], [-118.26444463555488, 36.57434403527944], [-118.26518507213217, 36.57433617828897], [-118.26518750814765, 36.574485482692715], [-118.26555772704104, 36.57448155245219], [-118.26593525829094, 36.57492553412259], [-118.26630547917793, 36.57492160151953], [-118.2663079174023, 36.5750709058439], [-118.2676036924345, 36.57505713260732], [-118.26760125171681, 36.57490782835749], [-118.26815658253541, 36.57490192126364], [-118.26815169901683, 36.57460331281625], [-118.26870702753652, 36.57459740320029], [-118.26888725071102, 36.574296824376], [-118.26963013012785, 36.57443824394941], [-118.26962768556406, 36.57428893980132], [-118.26999790288262, 36.57428499578997], [-118.26999056716222, 36.57383708338639], [-118.27017567472598, 36.57383511098173], [-118.2701732291657, 36.57368580685012], [-118.27054344352686, 36.57368186120018], [-118.27054588979948, 36.573831165310445], [-118.27221185673842, 36.57381339556686], [-118.27220940726029, 36.57366409155276], [-118.27257962122499, 36.57366013958163], [-118.27276962929155, 36.57395677112521], [-118.27295473694113, 36.57395479439993], [-118.2729522860203, 36.57380549043249], [-118.27406292940174, 36.57379362411111], [-118.27406047636195, 36.57364432020402], [-118.27517111695626, 36.57363244360311], [-118.275173572133, 36.573781747445935], [-118.27572889325467, 36.57377580523442], [-118.27573134951798, 36.573925109041205], [-118.27647177885167, 36.57391718202705], [-118.27646932116369, 36.57376787826317], [-118.27683953500964, 36.57376391305359], [-118.2768370766274, 36.5736146093073], [-118.27887324756776, 36.57359278022892], [-118.27887570986775, 36.573742083857084], [-118.27980124316926, 36.57373215000201], [-118.27979631502578, 36.57343354284933], [-118.28035163265206, 36.573427579152934], [-118.2801714563629, 36.5737281744487], [-118.28109698902936, 36.57371823053727], [-118.28110192223167, 36.574016837523715], [-118.28165724375064, 36.57401086766435], [-118.28164737314471, 36.57341365380512], [-118.28127469477242, 36.573268330416454], [-118.2812722278968, 36.57311902691648], [-118.28145733293286, 36.57311703702798], [-118.28144993134659, 36.57266912653705], [-118.2807095153672, 36.57267708423795], [-118.28070704963268, 36.572527780690116], [-118.28033684224636, 36.57253175779517], [-118.28033437724226, 36.57238245422193], [-118.28051948058837, 36.57238046582382], [-118.28051454992233, 36.57208185868717], [-118.28032944728851, 36.57208384706375], [-118.28033191225629, 36.57223315064478], [-118.27996170622191, 36.57223712655755], [-118.27995924196638, 36.572087822955005], [-118.27921883110447, 36.5720957712898], [-118.27921636829161, 36.57194646764035], [-118.27884616346411, 36.57195044006241], [-118.27884370138165, 36.57180113638755], [-118.27810575359163, 36.57195838145884], [-118.27754060774743, 36.571367119465904], [-118.27717040544282, 36.57137108663055], [-118.27735058830022, 36.57107049563531], [-118.27772078914415, 36.571066527939], [-118.2777183293071, 36.570917224176355], [-118.27753322925032, 36.57091920815741], [-118.27753076978752, 36.57076990438015], [-118.27716057033184, 36.57077387145891], [-118.27715811159936, 36.57062456765625], [-118.27586241542726, 36.57063844330702], [-118.2758599592056, 36.5704891394254], [-118.2756748600362, 36.570491120501316], [-118.27567731590173, 36.57064042439367], [-118.27530711679647, 36.57064438570509], [-118.27530466164316, 36.5704950817913], [-118.27456426464016, 36.57050300092373], [-118.27456181092936, 36.57035369696318], [-118.27326611797152, 36.57036754430921], [-118.27326366677148, 36.57021824026984], [-118.2730785680614, 36.57022021730226], [-118.27308101890532, 36.57036952135233], [-118.27271082071883, 36.5703734745767], [-118.27271327086856, 36.57052277864429], [-118.27252817139214, 36.570524754836214], [-118.2725257215985, 36.570375450757936], [-118.27197042412938, 36.57038137757792], [-118.27197287285469, 36.57053068168827], [-118.27178777330613, 36.57053265673104], [-118.27178532493694, 36.570383352609994], [-118.27104492798698, 36.57039124986537], [-118.27104737493174, 36.570540554029144], [-118.27049207596176, 36.57054647398613], [-118.27049452185622, 36.57069577817806], [-118.26919637773504, 36.57056027716376], [-118.26919149098569, 36.57026166861881], [-118.26993433202163, 36.570403087129606], [-118.27011454111977, 36.57010250652444], [-118.27066983699281, 36.570096588387315], [-118.2706600523868, 36.569499371576725], [-118.27084514955072, 36.56949739833248], [-118.2708402566436, 36.56919878992522], [-118.27121044949311, 36.56919484261763], [-118.27120800235438, 36.56904553842953], [-118.2723185783339, 36.56903368967615], [-118.2723161290767, 36.56888438554827], [-118.2726863202135, 36.56888043368698], [-118.27268387026217, 36.56873112957662], [-118.27379198903333, 36.56856996311222], [-118.27378953698164, 36.568420659058276], [-118.27471500862525, 36.56841076592003], [-118.27471255481126, 36.568261461915746], [-118.27545293037667, 36.56825354227713], [-118.27545047515649, 36.56810423831182], [-118.27637594242623, 36.56809433235359], [-118.2763734854438, 36.56794502843801], [-118.27711139912118, 36.567787794666984], [-118.27710894075068, 36.56763849078655], [-118.27784930967859, 36.567630556381715], [-118.2780294816181, 36.56732996439715], [-118.27895247684273, 36.56717073481417], [-118.2791326434415, 36.566870141243896], [-118.27950282398265, 36.56686616840376], [-118.27949543536579, 36.56641825709972], [-118.27931034617238, 36.56642024363115], [-118.2793078836924, 36.5662709398446], [-118.27949297252975, 36.56626895332392], [-118.27948804691209, 36.56597034576065], [-118.27967313501925, 36.56596835897423], [-118.2796706718816, 36.565819055197515], [-118.28022593502622, 36.56581309314705], [-118.28022839923196, 36.56596239689149], [-118.28041348726657, 36.565960408956094], [-118.28040362912846, 36.565363193997996], [-118.28003099211209, 36.565217865724726], [-118.27984097903341, 36.56492124545714], [-118.28020868609413, 36.56476796682699], [-118.28020375799105, 36.56446935927196], [-118.28057639167639, 36.564614687087065], [-118.28057392692192, 36.56446538332913], [-118.2809416303319, 36.56431210249707], [-118.2807442210785, 36.56356757236209], [-118.28037652074543, 36.56372085254229], [-118.28037405645584, 36.56357154875024], [-118.27963372699276, 36.56357949807994], [-118.27963126414524, 36.563430194240965], [-118.27814814721523, 36.563296775099005], [-118.27814568725178, 36.56314747116627], [-118.27777552425745, 36.56315143944785], [-118.27721044707687, 36.56256017373156], [-118.27702536692213, 36.562562156536956], [-118.27702290918502, 36.56241285252036], [-118.27665029252609, 36.562267513206116], [-118.27664783553708, 36.56211820916029], [-118.27627522097774, 36.56197286862506], [-118.27627276473683, 36.56182356455], [-118.275902607788, 36.561827526894234], [-118.27589769678423, 36.56152891868954], [-118.27552754118688, 36.56153287984208], [-118.27570770877503, 36.56123229116772], [-118.27589278585276, 36.5612303104693], [-118.27588787499361, 36.56093170223349], [-118.27644310398274, 36.56092575847937], [-118.27680588505957, 36.560473882318654], [-118.27754618570924, 36.560465951123724], [-118.27754372715765, 36.56031664708489], [-118.2777288019189, 36.560314663578914], [-118.27772388415818, 36.56001605551103], [-118.27809403220267, 36.56001208768049], [-118.2780915726376, 36.55986278366219], [-118.27753143467122, 36.55957012683229], [-118.27753635161149, 36.559868734945006], [-118.27735127789992, 36.559870718131585], [-118.27735373604128, 36.56002002219283], [-118.27605821706223, 36.56003389653288], [-118.27605576141232, 36.559884592396514], [-118.27513039195019, 36.559894493970305], [-118.2751328458205, 36.56004379816026], [-118.27494777151793, 36.56004577762418], [-118.27494531800355, 36.55989647342352], [-118.27476024403886, 36.55989845258955], [-118.2747553377761, 36.55959984415512], [-118.27494041102898, 36.559597865010524], [-118.27493550412665, 36.55929925658197], [-118.27530319501861, 36.559145993275415], [-118.27530074090079, 36.55899668907284], [-118.2754858126758, 36.55899470910956], [-118.27548826714954, 36.55914401330143], [-118.27604348343388, 36.55913807165642], [-118.27604102789243, 36.55898876749672], [-118.27696638622523, 36.55897885906519], [-118.27658887322738, 36.55853491089344], [-118.27677394380817, 36.55853292895215], [-118.27677148691545, 36.55838362481982], [-118.27714162731091, 36.55837966009718], [-118.2771391697245, 36.558230355982396], [-118.27750930933585, 36.558226390132575], [-118.27751176763405, 36.558375694225894], [-118.27769683776846, 36.55837371085949], [-118.27769929644066, 36.55852301493817], [-118.27751422595036, 36.5585249983153], [-118.27752405939653, 36.55912221463407], [-118.27770913131044, 36.559120231213996], [-118.27771404885395, 36.55941883932856], [-118.27808419405112, 36.55941487158394], [-118.27807927508397, 36.55911626351233], [-118.27844941878506, 36.55911229466196], [-118.27844695861685, 36.55896299064179], [-118.27899725054743, 36.558658427257164], [-118.27898986705706, 36.558210515246714], [-118.27936000630623, 36.558206543653604], [-118.27935754446725, 36.55805723966385], [-118.27954261370876, 36.5580552534473], [-118.27954015153202, 36.55790594946439], [-118.27972522039951, 36.55790396297144], [-118.27972029538863, 36.55760535501547], [-118.28009043164572, 36.5576013812111], [-118.2800830421301, 36.55715346931248], [-118.28026810916383, 36.55715148201185], [-118.28026318219904, 36.55685287408149], [-118.28044824850288, 36.55685088651522], [-118.2804433208989, 36.55655227859082], [-118.28081345202872, 36.55654830263987], [-118.28080852307389, 36.55624969474297], [-118.28062345822975, 36.55625168284049], [-118.28062099413539, 36.556102378875444], [-118.2802508651044, 36.55610635418755], [-118.27989058679346, 36.556707544360094], [-118.27841251816348, 36.556872733951096], [-118.27841005826694, 36.55672342987258], [-118.2778548597706, 36.55672938220182], [-118.27766487667706, 36.556432757482675], [-118.27784994216698, 36.5564307739687], [-118.2780300893959, 36.55613018194037], [-118.2784002188618, 36.55612621351964], [-118.27839529926791, 36.55582760531984], [-118.27876542723799, 36.55582363579353], [-118.2787629667565, 36.555674331709284], [-118.27894803035853, 36.55567234652615], [-118.27894310873822, 36.555373738367486], [-118.27746260510848, 36.555389611620726], [-118.27728245728844, 36.55569020283726], [-118.27691232974044, 36.55569416774789], [-118.27672235285925, 36.555397541356115], [-118.2763522266261, 36.55540150450099], [-118.27634977082487, 36.555252200265514], [-118.27616470803702, 36.55525418139654], [-118.27616225260971, 36.55510487714645], [-118.27727262693055, 36.55509298611771], [-118.27727016938631, 36.554943681928115], [-118.27782535523501, 36.55493773256968], [-118.27800549926752, 36.55463714057092], [-118.27874574389331, 36.55462920301059], [-118.278748204248, 36.55477850712207], [-118.27911832716389, 36.55477453659767], [-118.27930831149335, 36.55507115905158], [-118.27949337361765, 36.55506917305006], [-118.27949091180342, 36.55491986898936], [-118.28023115869604, 36.55491192215497], [-118.28023608518932, 36.55521053018646], [-118.2804211475788, 36.55520854273851], [-118.2804236112085, 36.55535784673767], [-118.28079373664477, 36.55535387095887], [-118.28080112977766, 36.55580178286843], [-118.28061606600107, 36.55580377093367], [-118.28061853005916, 36.5559530749065], [-118.28135632099854, 36.55579581694986], [-118.28154631639532, 36.55609243557019], [-118.28173138079288, 36.55609044604772], [-118.28172891458154, 36.555941142143375], [-118.28191397860508, 36.55593915234453], [-118.28191644517223, 36.556088456238115], [-118.28339695955334, 36.55607252742416], [-118.28339942898548, 36.55622183122762], [-118.28376708796687, 36.55606854234929], [-118.28376955811072, 36.556217846131176], [-118.2846973525468, 36.556357182089116], [-118.28469982450626, 36.55650648580926], [-118.28488488966237, 36.55650449137303], [-118.284882417347, 36.55635518766368], [-118.28525254689286, 36.55635119795138], [-118.2852550199199, 36.556500501639135], [-118.28581021516968, 36.556494514884704], [-118.28581516341356, 36.556793122183734], [-118.28618529491243, 36.556789129535176], [-118.28618776977342, 36.55693843315724], [-118.28637283585138, 36.55693643639144], [-118.28637531108646, 36.5570857399988], [-118.28619024465262, 36.557087736775415], [-118.28619519446566, 36.55738634400008], [-118.28730559706574, 36.55737435890341], [-118.28787071077588, 36.557965576491824], [-118.28861098428628, 36.55795757706533], [-118.28861346391948, 36.558106880515616], [-118.28916866992826, 36.5581008778981], [-118.28917115064738, 36.55825018131201], [-118.29046663318636, 36.55823616507805], [-118.29046911641494, 36.55838546841219], [-118.29102432401083, 36.558379457114846], [-118.29084422276603, 36.55868006778103], [-118.2901113907844, 36.559135991228736], [-118.2901163560556, 36.55943459788978], [-118.28993128429259, 36.55943660058281], [-118.28993624892509, 36.55973520724997], [-118.28975117643199, 36.5597372096775], [-118.28975614042577, 36.56003581635077], [-118.28957106720253, 36.5600378185128], [-118.28939095660424, 36.560338427088695], [-118.28883573463469, 36.56034443105515], [-118.28864570081245, 36.56004782501523], [-118.28809048075931, 36.56005382547054], [-118.28808800195652, 36.55990452203837], [-118.287717855875, 36.55990852088438], [-118.28752782739151, 36.559611912935665], [-118.28715768262421, 36.55961591001531], [-118.28715520565571, 36.55946660651737], [-118.28678506152725, 36.5594706024267], [-118.28678258528879, 36.55932129890323], [-118.28641244179923, 36.559325293642246], [-118.2864099662908, 36.559175990093244], [-118.28622489487461, 36.559177987021194], [-118.28622241974031, 36.559028683457505], [-118.28677763286656, 36.55902269184461], [-118.2867751566828, 36.558873388309465], [-118.28696022733253, 36.55887139054164], [-118.2869577508111, 36.558722087013415], [-118.28677268051726, 36.558724084770425], [-118.28695279782293, 36.55842347994528], [-118.28621251938534, 36.55843146916383], [-118.28621499444674, 36.558580772743085], [-118.2860299244359, 36.558582769340624], [-118.2860274497304, 36.55843346575056], [-118.28565731036582, 36.55843745806253], [-118.28565236243298, 36.55813885082751], [-118.28527975119178, 36.557993538302675], [-118.28527727798266, 36.55784423465383], [-118.28602002572313, 36.55798555495702], [-118.28564246678587, 36.55754163631077], [-118.28490219637936, 36.55754961722955], [-118.28489972393662, 36.557400313547426], [-118.28416192568164, 36.557557593553845], [-118.28397191665313, 36.55726097944099], [-118.28378684962676, 36.55726297249545], [-118.28378931991608, 36.5574122762462], [-118.28360425251569, 36.5574142690243], [-118.28360178258224, 36.55726496526275], [-118.28323164843856, 36.5572689499359], [-118.28323658690016, 36.557567557498245], [-118.2828664512603, 36.557571541065926], [-118.28289113754126, 36.559064578859804], [-118.28307620892916, 36.55906258711174], [-118.28327609721075, 36.559956417436666], [-118.28346117069776, 36.55995442504955], [-118.28328103632684, 36.56025502485893], [-118.28346611052568, 36.56025303245024], [-118.28347846041368, 36.56099955088389], [-118.28366353637398, 36.56099755813408], [-118.28368082947254, 36.56204268370224], [-118.28294298464732, 36.56219995696042], [-118.28294792288501, 36.56249856430908], [-118.28276284329247, 36.56250055601791], [-118.28276531208263, 36.56264985969719], [-118.28313794148167, 36.56279517962456], [-118.28331808201553, 36.56249458002978], [-118.28387332057491, 36.56248860145678], [-118.28387579150085, 36.56263790507135], [-118.28406087134023, 36.56263591162848], [-118.2840658139586, 36.562934518824356], [-118.28425089449172, 36.5629325250727], [-118.28425830962365, 36.56338043580495], [-118.28444339120651, 36.563378441733704]], [[-118.28092930336264, 36.56356558373719], [-118.28092683802325, 36.56341627997354], [-118.28111191993324, 36.56341429107217], [-118.28110698859692, 36.563115683554734], [-118.28073929112982, 36.563268964809374], [-118.2807442210785, 36.56356757236209], [-118.28092930336264, 36.56356558373719]], [[-118.28129206977682, 36.56311369438769], [-118.28128960377991, 36.5629643906339], [-118.281104522956, 36.56296637979018], [-118.28110698859692, 36.563115683554734], [-118.28129206977682, 36.56311369438769]], [[-118.28732293693234, 36.55841948361302], [-118.28731798259354, 36.558120876572595], [-118.28713291375972, 36.558122874860665], [-118.28695279782293, 36.55842347994528], [-118.28732293693234, 36.55841948361302]], [[-118.26315859935194, 36.57495499200946], [-118.26316346370801, 36.57525360101574], [-118.26334857514176, 36.575251639146785], [-118.2633437100733, 36.57495303016175], [-118.26315859935194, 36.57495499200946]], [[-118.28962428327743, 36.574372924474375], [-118.28962676634421, 36.57452222745315], [-118.28981187412185, 36.574520224527035], [-118.28980939069888, 36.57437092155911], [-118.28962428327743, 36.574372924474375]], [[-118.28258524872993, 36.57415021555339], [-118.28277035613188, 36.5741482235782], [-118.28276788629798, 36.57399892018777], [-118.28258277925221, 36.57400091215219], [-118.28258524872993, 36.57415021555339]], [[-118.28295299332557, 36.57399692793604], [-118.2829505231537, 36.57384762455251], [-118.28276541648225, 36.57384961679347], [-118.28276788629798, 36.57399892018777], [-118.28295299332557, 36.57399692793604]], [[-118.28180039676505, 36.571470717987985], [-118.28180286450923, 36.571620021498454], [-118.2819879659294, 36.57161803085572], [-118.2819854978291, 36.571468727356034], [-118.28180039676505, 36.571470717987985]], [[-118.27864629093692, 36.57105660367055], [-118.27901649152722, 36.57105263195209], [-118.27921144272027, 36.57164786032976], [-118.27995184930863, 36.57163991212402], [-118.27994938512566, 36.571490608505904], [-118.28031958759875, 36.571486632700726], [-118.28031712272168, 36.571337329100245], [-118.28087242522686, 36.57133136327001], [-118.2808699592996, 36.571182059697925], [-118.28049975835987, 36.57118603718386], [-118.28049729316298, 36.571036733586354], [-118.27975689249021, 36.5710446850676], [-118.27975442873591, 36.570895381423156], [-118.27864382931932, 36.57090729996162], [-118.27864629093692, 36.57105660367055]], [[-118.28105505974222, 36.571180070524015], [-118.28105259347699, 36.5710307669588], [-118.28086749339046, 36.57103275612195], [-118.2808699592996, 36.571182059697925], [-118.28105505974222, 36.571180070524015]], [[-118.27827609027416, 36.57106057423983], [-118.27827855119766, 36.57120987796636], [-118.27846365189423, 36.57120789281463], [-118.2784611906146, 36.57105858909884], [-118.27827609027416, 36.57106057423983]], [[-118.28141045898066, 36.57028026999388], [-118.28141292586731, 36.57042957355701], [-118.28159802447493, 36.570427583575054], [-118.28159555723218, 36.5702782800227], [-118.28141045898066, 36.57028026999388]], [[-118.28177325277795, 36.569828379116096], [-118.2817757203223, 36.56997768266938], [-118.2819608178253, 36.56997569214517], [-118.28195834992484, 36.569826388602664], [-118.28177325277795, 36.569828379116096]], [[-118.28379943473048, 36.56920925389012], [-118.28380190611908, 36.56935855734035], [-118.28361681022226, 36.569360550694256], [-118.28361928127295, 36.56950985415139], [-118.28324908871257, 36.56951384001893], [-118.28306893242456, 36.56981443948909], [-118.28436213866864, 36.56965118237903], [-118.28435719370036, 36.56935257555497], [-118.28417209785815, 36.56935456977072], [-118.28416962575739, 36.56920526634206], [-118.28379943473048, 36.56920925389012]], [[-118.28195588204257, 36.5696770850563], [-118.28195094633251, 36.56937847795185], [-118.28158322129086, 36.569531762202516], [-118.28158568844279, 36.56968106577433], [-118.28195588204257, 36.5696770850563]], [[-118.28186705037993, 36.56430215479505], [-118.28186951760823, 36.564451458481514], [-118.28168443327894, 36.56445344860713], [-118.28168196640665, 36.5643041449099], [-118.28149688241518, 36.56430613473753], [-118.2814993489315, 36.56445543844554], [-118.28112671437782, 36.564310113531114], [-118.28113164600458, 36.5646087209863], [-118.28094656124665, 36.564610709973785], [-118.28094902673128, 36.56476001370631], [-118.28187445211928, 36.56475006584276], [-118.28187198485467, 36.56460076216409], [-118.28224215417076, 36.5645967810296], [-118.28223968621231, 36.564447477368574], [-118.28186705037993, 36.56430215479505]], [[-118.28334772151214, 36.56428622353607], [-118.2833427814142, 36.56398761632394], [-118.28315769829827, 36.56398960871503], [-118.28316263768423, 36.56428821594873], [-118.28334772151214, 36.56428622353607]], [[-118.28315522863255, 36.56384030509234], [-118.2825950431027, 36.56354767318821], [-118.28259257455949, 36.563398369521494], [-118.28240749279479, 36.563400360720586], [-118.28240996098204, 36.56354966439809], [-118.28203732921085, 36.56340434225712], [-118.28204473169122, 36.563852253342546], [-118.28222981456021, 36.56385026268557], [-118.28223228244597, 36.56399956636217], [-118.28315769829827, 36.56398960871503], [-118.28315522863255, 36.56384030509234]]], [[[-118.29032744767657, 36.572125366591195], [-118.2901423456522, 36.5721273702058], [-118.2901398618095, 36.571978067197264], [-118.29069516675943, 36.571972055524085], [-118.29087529789334, 36.57167144511646], [-118.29124549964075, 36.571667435366635], [-118.29125792953795, 36.572413950083856], [-118.29107282689277, 36.57241595515667], [-118.291075312571, 36.5725652580993], [-118.29070510651346, 36.57256926740472], [-118.29032744767657, 36.572125366591195]]], [[[-118.29114491899134, 36.57674573891178], [-118.29151514492125, 36.57674172784936], [-118.29151763184265, 36.57689103065734], [-118.29114740520033, 36.57689504174148], [-118.29114491899134, 36.57674573891178]]], [[[-118.29153504080504, 36.5779361502043], [-118.29190527236122, 36.57793213781876], [-118.29191024794021, 36.57823074332513], [-118.29154001495912, 36.5782347557541], [-118.29153504080504, 36.5779361502043]]], [[[-118.25127197584851, 36.53819563037719], [-118.25145699975579, 36.5381936886555], [-118.25145940617314, 36.53834299475416], [-118.25127438191026, 36.53834493648637], [-118.25127197584851, 36.53819563037719]]], [[[-118.25127438191026, 36.53834493648637], [-118.25127678798975, 36.53849424259164], [-118.25146181260816, 36.53849230084893], [-118.2514666255314, 36.53879091302684], [-118.25128160020186, 36.538792854790586], [-118.25127919408695, 36.53864354869306], [-118.25109416909528, 36.538645490159325], [-118.25109657485463, 36.53879479626735], [-118.2503564732886, 36.53880255930474], [-118.2503540689515, 36.53865325315468], [-118.2499840187734, 36.53865713293053], [-118.2499816151651, 36.53850782675556], [-118.25072171402829, 36.538500066097996], [-118.25090192798079, 36.53819951295968], [-118.25127438191026, 36.53834493648637]], [[-118.2507241190588, 36.538649372230935], [-118.2509091440859, 36.53864743133862], [-118.25090673869983, 36.53849812521618], [-118.25072171402829, 36.538500066097996], [-118.2507241190588, 36.538649372230935]]], [[[-118.25222358241774, 36.539828285308], [-118.25185352690471, 36.53983217099156], [-118.25184630504091, 36.53938425286351], [-118.25203133173957, 36.539382310196785], [-118.25203614700885, 36.539680922264985], [-118.25222117440093, 36.53967897929023], [-118.25222358241774, 36.539828285308]]], [[[-118.25297815023838, 36.54071634626955], [-118.25279312042811, 36.54071829046589], [-118.25279552963582, 36.5408675964249], [-118.25224043903184, 36.540873427323575], [-118.25205059324213, 36.5405767583764], [-118.25297574069279, 36.54056704031719], [-118.25297815023838, 36.54071634626955]]], [[[-118.24912134681749, 36.54254878789879], [-118.24930638124938, 36.54254684931633], [-118.24930878391292, 36.542696155428445], [-118.24912374912543, 36.5426980940214], [-118.24912134681749, 36.54254878789879]]], [[[-118.25116153705231, 36.542826059716425], [-118.25115913081471, 36.54267675371324], [-118.25134416540749, 36.54267481196315], [-118.25134657200073, 36.54282411795583], [-118.25116153705231, 36.542826059716425]]], [[[-118.24893871432023, 36.54270003232733], [-118.24912374912543, 36.5426980940214], [-118.24912615145105, 36.54284740014012], [-118.24894111629023, 36.542849338456556], [-118.24893871432023, 36.54270003232733]]], [[[-118.26435976721224, 36.54642011155104], [-118.26454967442234, 36.54671675942576], [-118.26417958783078, 36.54672068398904], [-118.2641893144694, 36.54731790458469], [-118.26400426972397, 36.547319866478226], [-118.26400670107266, 36.547469171628045], [-118.26326652048911, 36.54747701637414], [-118.26326409056324, 36.54732771118186], [-118.26307904572832, 36.54732967164012], [-118.2636244578092, 36.54672656868107], [-118.26325437103867, 36.546730490373854], [-118.26325680089298, 36.546879795581695], [-118.26288428419656, 36.54673441091844], [-118.26252148263114, 36.54718624605399], [-118.26233643808041, 36.54718820535343], [-118.26233400996884, 36.54703890010031], [-118.26196392152517, 36.54704281781681], [-118.26196149414288, 36.54689351253862], [-118.26233158187513, 36.54688959484332], [-118.26232915379933, 36.546740289582445], [-118.26251419728295, 36.546738330314824], [-118.26250934047354, 36.54643971980263], [-118.26213925491119, 36.54644363800838], [-118.26213682724469, 36.54629433272523], [-118.26121161480452, 36.546304123163296], [-118.26120676308201, 36.54600551247935], [-118.26102172125178, 36.54600746968463], [-118.261019295773, 36.54585816432624], [-118.26064678802075, 36.54571277247103], [-118.26064436328903, 36.54556346708366], [-118.26027428163768, 36.54556737942139], [-118.26026943365048, 36.545268768592656], [-118.25989935335045, 36.54527267973988], [-118.25989693009494, 36.54512337429853], [-118.25971189027385, 36.54512532943099], [-118.25970704452774, 36.54482671851544], [-118.25933938840748, 36.54497993335784], [-118.25896204508084, 36.54453592507458], [-118.2585919680878, 36.54453983209754], [-118.25858712675229, 36.54424122102395], [-118.25840208894033, 36.544243174083746], [-118.25839966865496, 36.544093868530545], [-118.25765709980674, 36.543952372257806], [-118.25765226217027, 36.54365376104743], [-118.25690969878093, 36.54351226000163], [-118.25671982861375, 36.543215599086096], [-118.25745997043764, 36.54320779575344], [-118.25746238883791, 36.54335710138279], [-118.25875763883366, 36.54334343442658], [-118.25876005974123, 36.54349273997805], [-118.25950020362644, 36.54348492393213], [-118.25950262597442, 36.543634229437394], [-118.26024277099687, 36.54362640875685], [-118.26024761859148, 36.54392501967106], [-118.2613578398576, 36.54391327991257], [-118.26135541391747, 36.54376397452098], [-118.2617254868187, 36.54376005899318], [-118.26172306018518, 36.54361075361888], [-118.26190809625334, 36.54360879543505], [-118.2619105232425, 36.543758100798755], [-118.26283327632613, 36.543599000210655], [-118.26282599013122, 36.54315108425536], [-118.26245592028957, 36.54315500314252], [-118.26245106433821, 36.542856392443795], [-118.26226603010181, 36.542858351435655], [-118.26226845771292, 36.54300765679757], [-118.26189838847529, 36.54301157394144], [-118.26189596157545, 36.542862268558316], [-118.26152831916617, 36.54301548993727], [-118.26152589297759, 36.54286618453295], [-118.26134085865188, 36.54286814208974], [-118.26134571033565, 36.543166752915695], [-118.26116067528079, 36.54316871020668], [-118.26115824978562, 36.54301940478506], [-118.26097321506857, 36.54302136177844], [-118.26097564020812, 36.54317066721065], [-118.26060557000916, 36.54317458035756], [-118.26060072117045, 36.54287596944685], [-118.26097078994688, 36.54287205634232], [-118.26115097340725, 36.542571488496854], [-118.261521040654, 36.54256757371266], [-118.261518614519, 36.54241826829668], [-118.26114854798347, 36.54242218305969], [-118.26114127181937, 36.54197426672487], [-118.26095623959165, 36.54197622364408], [-118.26113642113255, 36.54167565581556], [-118.26132145263118, 36.54167369863054], [-118.26131660130459, 36.54137508772688], [-118.26168666282581, 36.54137117253824], [-118.2616842364781, 36.54122186710178], [-118.26205429721668, 36.54121795078637], [-118.26205187017563, 36.54106864536723], [-118.2622369001625, 36.54106668678963], [-118.26223932755917, 36.541215992198175], [-118.2631644790035, 36.5412061949523], [-118.26297459113019, 36.54090954423936], [-118.26352482002004, 36.54060505268461], [-118.26351996040934, 36.54030644198111], [-118.26389001652325, 36.540302520053245], [-118.26388758603356, 36.5401532147169], [-118.26370255834114, 36.54015517581371], [-118.26369769812662, 36.53985656510811], [-118.2638827251079, 36.539854604032534], [-118.26388029467188, 36.53970529868453], [-118.26369526804618, 36.53970725974948], [-118.263690407939, 36.539408649020565], [-118.26387543385356, 36.539406687976864], [-118.26386814276026, 36.53895877188619], [-118.26405316759023, 36.53895681058736], [-118.2640483062397, 36.53865819986206], [-118.26386328212085, 36.53866016113965], [-118.26386085182799, 36.53851085576056], [-118.26441106039887, 36.538206360392614], [-118.26442808004084, 36.539251497796066], [-118.26461310552826, 36.53924953561508], [-118.26462283285402, 36.53984675686049], [-118.26499531920706, 36.53999213683299], [-118.2649977518123, 36.54014144210949], [-118.26481272422728, 36.54014340492817], [-118.26481515649488, 36.5402927102114], [-118.26500018443548, 36.540290747382095], [-118.26501478055062, 36.54118657893616], [-118.26482975047644, 36.54118854182924], [-118.26483218286937, 36.54133784708528], [-118.26520467683304, 36.541483226221764], [-118.26520710997299, 36.54163253144878], [-118.26502207884995, 36.541634494660734], [-118.26502451165221, 36.54178379989449], [-118.26520954313087, 36.541781836671895], [-118.26502937731046, 36.54208241035032], [-118.26521440950036, 36.542080447106486], [-118.26522414245429, 36.54267766792902], [-118.26540917604875, 36.54267570435565], [-118.26541160968762, 36.542825009540934], [-118.26522657573754, 36.542826973124924], [-118.26522900903875, 36.542976278316964], [-118.26541404334442, 36.54297431472235], [-118.2654189107118, 36.54327292507348], [-118.26523387569482, 36.54327488868937], [-118.26523630904975, 36.54342419386973], [-118.26542134442235, 36.543422230243216], [-118.26542621189724, 36.54372084057105], [-118.2656112479632, 36.54371887663625], [-118.26561611622103, 36.54401748692726], [-118.26543107944376, 36.54401945088332], [-118.2654335132439, 36.54416875603362], [-118.2658035874918, 36.54416482781321], [-118.26580845656846, 36.54446343805963], [-118.26562341874215, 36.544465402334616], [-118.26562585295171, 36.54461470746264], [-118.26581089113365, 36.54461274317702], [-118.26581576031785, 36.544911353400124], [-118.26526551070614, 36.545215855731044], [-118.26526794429397, 36.5453651608609], [-118.26563802426827, 36.54536123304442], [-118.2656477616441, 36.54595845343988], [-118.26527767882439, 36.54596238134142], [-118.2652801125018, 36.546111686451844], [-118.26491002889902, 36.54611561322647], [-118.26491246188299, 36.54626491835425], [-118.26454237749718, 36.546268844001965], [-118.26454480978767, 36.546418149147115], [-118.26435976721224, 36.54642011155104]], [[-118.26508290427994, 36.54536712433859], [-118.2650804710478, 36.5452178191981], [-118.26489543137153, 36.54521978237813], [-118.26471525673684, 36.5455203555907], [-118.26527037789968, 36.545514465986855], [-118.26526794429397, 36.5453651608609], [-118.26508290427994, 36.54536712433859]], [[-118.2652752451649, 36.54581307622712], [-118.26509020408385, 36.5458150397367], [-118.26509263738764, 36.54596434486163], [-118.26527767882439, 36.54596238134142], [-118.2652752451649, 36.54581307622712]], [[-118.26398968200763, 36.54642403549772], [-118.26399211324895, 36.546573340670854], [-118.26417715621587, 36.546571378830414], [-118.2641747246189, 36.54642207366791], [-118.26398968200763, 36.54642403549772]], [[-118.2626943832279, 36.54643776026917], [-118.26269681197935, 36.546587065516604], [-118.26288185507153, 36.5465851056855], [-118.2628794259644, 36.54643580044868], [-118.2626943832279, 36.54643776026917]], [[-118.26342726365118, 36.54598200362663], [-118.26342969377174, 36.54613130884328], [-118.26361473572528, 36.546129347895835], [-118.26361230524905, 36.54598004268979], [-118.26342726365118, 36.54598200362663]], [[-118.26157684668891, 36.54600159720765], [-118.26157927325264, 36.546150902530385], [-118.26176431538498, 36.546148944453364], [-118.26176188846557, 36.54599963914124], [-118.26157684668891, 36.54600159720765]], [[-118.2621295443524, 36.5458464168525], [-118.2621319719653, 36.545995722147296], [-118.26231701368835, 36.545993763219755], [-118.26231458571976, 36.545844457935566], [-118.2621295443524, 36.5458464168525]], [[-118.26268223973884, 36.545691233973706], [-118.26268466840087, 36.54584053924058], [-118.26286970971461, 36.54583857946251], [-118.26286728069687, 36.545689274206254], [-118.26268223973884, 36.545691233973706]], [[-118.26212711675738, 36.54569711155381], [-118.26231215776907, 36.54569515264748], [-118.26230972983625, 36.54554584735551], [-118.26212468918024, 36.54554780625124], [-118.26212711675738, 36.54569711155381]], [[-118.2630498922815, 36.54553800890224], [-118.26285999375095, 36.545241358414174], [-118.26230487402424, 36.54524723675992], [-118.26230972983625, 36.54554584735551], [-118.2630498922815, 36.54553800890224]], [[-118.26230244614501, 36.545097931456304], [-118.26211740655606, 36.545099890320216], [-118.26211983407958, 36.54524919563444], [-118.26230487402424, 36.54524723675992], [-118.26230244614501, 36.545097931456304]], [[-118.2632325031548, 36.54538674332853], [-118.26323493284812, 36.54553604857132], [-118.26341997339686, 36.54553408795338], [-118.26341754334784, 36.54538478272119], [-118.2632325031548, 36.54538674332853]], [[-118.26119948563218, 36.545557596424295], [-118.2611970598513, 36.54540829106483], [-118.26138210024095, 36.5454063336149], [-118.26137967412224, 36.545257028262135], [-118.26100959403641, 36.54526094285379], [-118.26101444486898, 36.54555955359778], [-118.26119948563218, 36.545557596424295]], [[-118.26378519293782, 36.54523155543056], [-118.26378762368027, 36.545380860645416], [-118.26397266381966, 36.54537889917698], [-118.26397023272153, 36.545229593972756], [-118.26378519293782, 36.54523155543056]], [[-118.26156471413836, 36.545255070535774], [-118.26156714061277, 36.54540437587792], [-118.2617521809667, 36.545402417853914], [-118.26174975413663, 36.54525311252235], [-118.26156471413836, 36.545255070535774]], [[-118.26470552668945, 36.544923134936], [-118.26470795917444, 36.54507244010551], [-118.26489299851296, 36.54507047722314], [-118.26489056567227, 36.54492117206425], [-118.26470552668945, 36.544923134936]], [[-118.26304017503823, 36.544940787865265], [-118.26304260432222, 36.54509009313034], [-118.26322764382184, 36.54508813283126], [-118.26322521418217, 36.5449388275768], [-118.26304017503823, 36.544940787865265]], [[-118.26100231792144, 36.54481302670867], [-118.26100474327525, 36.54496233209426], [-118.26118978261574, 36.54496037496314], [-118.26118735690628, 36.54481106958814], [-118.26100231792144, 36.54481302670867]], [[-118.2604472008598, 36.54481889634804], [-118.26044962514659, 36.54496820176541], [-118.26063466454065, 36.54496624549539], [-118.2606322398982, 36.54481694008861], [-118.2604472008598, 36.54481889634804]], [[-118.26359043176805, 36.54463629566066], [-118.26359286208324, 36.54478560090167], [-118.26377790081784, 36.54478363976273], [-118.26377547014698, 36.54463433453235], [-118.26359043176805, 36.54463629566066]], [[-118.2619250855528, 36.54465393289928], [-118.26192751266709, 36.544803238235765], [-118.26211255156258, 36.544801279680094], [-118.26211012409267, 36.54465197435422], [-118.2619250855528, 36.54465393289928]], [[-118.26451319140813, 36.544477181957], [-118.26451562348375, 36.54462648714879], [-118.26470066177319, 36.54462452458533], [-118.2646982293419, 36.54447521940416], [-118.26451319140813, 36.544477181957]], [[-118.2633981035999, 36.54419034072378], [-118.26340053350579, 36.54433964598705], [-118.26358557119129, 36.544337685166994], [-118.26358314092975, 36.54418837991433], [-118.2633981035999, 36.54419034072378]], [[-118.26080757910475, 36.54421776191853], [-118.26081000403146, 36.54436706733027], [-118.2609950419672, 36.54436511052857], [-118.26099261668482, 36.54421580512742], [-118.26080757910475, 36.54421776191853]], [[-118.26043750389107, 36.54422167463969], [-118.26043992810649, 36.54437098007259], [-118.26062496607791, 36.544369023844936], [-118.26062254150683, 36.54421971842262], [-118.26043750389107, 36.54422167463969]], [[-118.2598823909367, 36.54422754156872], [-118.25988481408515, 36.54437684703341], [-118.2600698521101, 36.544374891666834], [-118.260067428606, 36.54422558621274], [-118.2598823909367, 36.54422754156872]], [[-118.25895720232269, 36.5442373140433], [-118.25895962369286, 36.54438661956089], [-118.25914466180697, 36.54438466562944], [-118.25914224008116, 36.544235360122435], [-118.25895720232269, 36.5442373140433]], [[-118.26265795410161, 36.54419818109132], [-118.26265552563622, 36.54404887578172], [-118.2624704885726, 36.544050835145434], [-118.26247291668233, 36.544200140465655], [-118.26265795410161, 36.54419818109132]], [[-118.26284056268196, 36.54404691613097], [-118.2628381338788, 36.54389761082809], [-118.2626530971887, 36.54389957046822], [-118.26265552563622, 36.54404887578172], [-118.26284056268196, 36.54404691613097]], [[-118.26246806048073, 36.54390152982133], [-118.26228302375489, 36.54390348888742], [-118.26228545149108, 36.54405279422213], [-118.2624704885726, 36.544050835145434], [-118.26246806048073, 36.54390152982133]], [[-118.26173034013938, 36.54405866973009], [-118.2617327668265, 36.54420797509273], [-118.26191780431726, 36.544206016866504], [-118.26191537727448, 36.544056711514465], [-118.26173034013938, 36.54405866973009]], [[-118.26136026581555, 36.544062585300296], [-118.26136269179136, 36.544211890684124], [-118.26154772931787, 36.544209933031944], [-118.26154530298638, 36.54406062765871], [-118.26136026581555, 36.544062585300296]], [[-118.26468849979594, 36.54387799864064], [-118.26469093215556, 36.54402730383735], [-118.26487596900446, 36.54402534102938], [-118.2648735362892, 36.54387603584328], [-118.26468849979594, 36.54387799864064]], [[-118.26320577770879, 36.54374438540121], [-118.26320820720537, 36.54389369068675], [-118.2633932438418, 36.543891730185564], [-118.26339081398959, 36.543742424910626], [-118.26320577770879, 36.54374438540121]], [[-118.25932001168435, 36.54378548940196], [-118.25932243371233, 36.54393479491004], [-118.25950747072383, 36.54393284043629], [-118.2595050483402, 36.54378353493878], [-118.25932001168435, 36.54378548940196]], [[-118.25839240790576, 36.54364595184765], [-118.25839482813767, 36.543795257412505], [-118.25857986488266, 36.54379330438444], [-118.25857744429509, 36.543643998830156], [-118.25839240790576, 36.54364595184765]], [[-118.25802233507363, 36.54364985702158], [-118.25802475459427, 36.543799162607584], [-118.25820979137487, 36.543797210153556], [-118.25820737149861, 36.54364790457813], [-118.25802233507363, 36.54364985702158]], [[-118.26449616738022, 36.54343204550566], [-118.2644985993305, 36.54358135072465], [-118.26468363513037, 36.54357938823557], [-118.26468120282446, 36.543430083027204], [-118.26449616738022, 36.54343204550566]], [[-118.26338352454027, 36.54329450906251], [-118.26338595433884, 36.54344381434909], [-118.26357098989047, 36.543441853592725], [-118.26356855973626, 36.54329254831675], [-118.26338352454027, 36.54329450906251]], [[-118.26301345409462, 36.54329842969297], [-118.26301588318191, 36.54344773500078], [-118.2632009187693, 36.54344577481845], [-118.2631984893264, 36.54329646952124], [-118.26301345409462, 36.54329842969297]], [[-118.26430383724154, 36.54298609198494], [-118.26430626878246, 36.543135397226216], [-118.26449130353336, 36.54313343505602], [-118.2644888716368, 36.54298412982537], [-118.26430383724154, 36.54298609198494]], [[-118.26355883929843, 36.54269532717397], [-118.26356126938106, 36.542844632465496], [-118.26374630349224, 36.54284267146457], [-118.26374387305401, 36.54269336618368], [-118.26355883929843, 36.54269532717397]], [[-118.26318877173358, 36.542699248293545], [-118.26319120110496, 36.5428485536063], [-118.26337623525195, 36.5428465931794], [-118.26337380552494, 36.54269728787726], [-118.26318877173358, 36.542699248293545]], [[-118.26207614139022, 36.5425616993838], [-118.26207856860997, 36.542711004764094], [-118.2622636025086, 36.54270904606985], [-118.26226117493324, 36.54255974070016], [-118.26207614139022, 36.5425616993838]], [[-118.26484921012134, 36.54238298376871], [-118.26485164265753, 36.54253228899366], [-118.26503667593218, 36.54253032600493], [-118.26503424304039, 36.54238102079062], [-118.26484921012134, 36.54238298376871]], [[-118.26373658184659, 36.54224545031764], [-118.26373901223117, 36.542394755610204], [-118.26392404525761, 36.542392794354136], [-118.26392161451741, 36.542243489072185], [-118.26373658184659, 36.54224545031764]], [[-118.26336651645127, 36.542249371947534], [-118.26336894612461, 36.54239867726133], [-118.26355397918684, 36.542396716579276], [-118.26355154915787, 36.54224741127609], [-118.26336651645127, 36.542249371947534]], [[-118.26188140055159, 36.541966436178015], [-118.26188382734422, 36.542115741584446], [-118.26206885983824, 36.54211378321963], [-118.26206643268996, 36.541964477823804], [-118.26188140055159, 36.541966436178015]], [[-118.2639143224042, 36.541795573203025], [-118.26391675309071, 36.54194487849663], [-118.2641017850324, 36.54194291698542], [-118.26409935399029, 36.541793611702424], [-118.2639143224042, 36.541795573203025]], [[-118.26354425917836, 36.54179949534323], [-118.26354668915363, 36.54194880065807], [-118.26373172113112, 36.54194683972085], [-118.26372929080021, 36.54179753441663], [-118.26354425917836, 36.54179949534323]], [[-118.26205915135239, 36.541516561613], [-118.26206157844705, 36.541665867020484], [-118.26224660985635, 36.54166390840047], [-118.26224418240608, 36.54151460300359], [-118.26205915135239, 36.541516561613]], [[-118.26409206097131, 36.54134569583016], [-118.26409449195972, 36.5414950011248], [-118.2642795228167, 36.54149303935846], [-118.26427709147266, 36.54134373407443], [-118.26409206097131, 36.54134569583016]], [[-118.26372199991486, 36.54134961848064], [-118.2637244301921, 36.541498923796524], [-118.26390946108486, 36.54149696260416], [-118.26390703045203, 36.5413476572989], [-118.26372199991486, 36.54134961848064]], [[-118.26426979754797, 36.54089581819905], [-118.26427222883831, 36.541045123494726], [-118.26445725861058, 36.54104316147325], [-118.26445482696465, 36.5408938561882], [-118.26426979754797, 36.54089581819905]], [[-118.26407261370812, 36.540151253333114], [-118.26407504455337, 36.54030055865885], [-118.2642600725656, 36.54029859697746], [-118.26425764136474, 36.54014929166235], [-118.26407261370812, 36.540151253333114]], [[-118.26425034786962, 36.5397013756937], [-118.26425277901676, 36.539850681020475], [-118.26443780594435, 36.53984871908397], [-118.26443537444162, 36.53969941376782], [-118.26425034786962, 36.5397013756937]]], [[[-118.25318486993973, 36.542058155087965], [-118.25374479112091, 36.5423509313706], [-118.25374720230185, 36.54250023723423], [-118.25393223629074, 36.54249829147653], [-118.25392982475418, 36.54234898562342], [-118.25448492554742, 36.542343146659846], [-118.25430471648083, 36.54264370492821], [-118.25448975077208, 36.54264175829894], [-118.25449216341104, 36.54279106411267], [-118.2548622326515, 36.542787169972], [-118.2548742996692, 36.543533698876935], [-118.25450422687237, 36.54353759312302], [-118.25469408949982, 36.54383425769936], [-118.25450905238124, 36.543836204699964], [-118.25451629077773, 36.544284122036274], [-118.25433125257442, 36.54428606878148], [-118.2543336650531, 36.54443537456301], [-118.25470615536112, 36.54458078652105], [-118.25471098183, 36.54487939802255], [-118.25452594222178, 36.54488134509695], [-118.25452835512719, 36.54503065085241], [-118.25471339509107, 36.54502870376747], [-118.25471822166655, 36.54532731524566], [-118.2543481402983, 36.545331209170655], [-118.25415827514612, 36.54503454416119], [-118.25360315504132, 36.54504038197158], [-118.25360074391426, 36.54489107616344], [-118.25304562471675, 36.54489691135891], [-118.2526683172233, 36.54445288244841], [-118.25230064831676, 36.544606075825754], [-118.25229583116618, 36.54430746403491], [-118.25211079274989, 36.54430940733578], [-118.25211320096066, 36.544458713243664], [-118.25155808453846, 36.54446454145566], [-118.2515532702686, 36.5441659295729], [-118.25173830838241, 36.54416398714363], [-118.2517359009184, 36.544014681206924], [-118.25155086316025, 36.54401662362569], [-118.25154604899673, 36.54371801171962], [-118.25173108604356, 36.543716069321896], [-118.25190649211311, 36.54311690286256], [-118.25227415486616, 36.54296371078383], [-118.25226933810565, 36.54266509890754], [-118.25134416540749, 36.54267481196315], [-118.25134175883198, 36.542525505966594], [-118.25115672459482, 36.54252744770616], [-118.25115913081471, 36.54267675371324], [-118.25078906157599, 36.54268063635237], [-118.25042620676473, 36.54313243596748], [-118.25024117101647, 36.54313437631402], [-118.25023876652163, 36.54298507026607], [-118.24987109946689, 36.54313825614606], [-118.24986629191747, 36.54283964400424], [-118.25005132698985, 36.54283770425275], [-118.25023155314337, 36.54253715209889], [-118.24986148443884, 36.5425410318469], [-118.2498590807261, 36.54239172576241], [-118.24967404670292, 36.5423936651954], [-118.24967645006005, 36.54254297129039], [-118.24930638124938, 36.54254684931633], [-118.24948660967824, 36.542246298231994], [-118.25022674431303, 36.542238539968025], [-118.2502243399244, 36.54208923389677], [-118.25096447285347, 36.542081471082696], [-118.25096206706007, 36.54193216504958], [-118.25114709989245, 36.541930223639056], [-118.25114950604147, 36.542079529661656], [-118.25133453921175, 36.54207758795363], [-118.25133213270712, 36.54192828194153], [-118.25170219828327, 36.54192439768547], [-118.25188241595497, 36.5416238431542], [-118.25225248000231, 36.54161995721819], [-118.25243269484682, 36.54131940189453], [-118.25298778859803, 36.54131357004017], [-118.25298296938271, 36.54101495816263], [-118.25354288218959, 36.54130773560283], [-118.25354770360951, 36.541606347401654], [-118.25336267171886, 36.541608292522156], [-118.25336749249854, 36.54190690432652], [-118.2531824598789, 36.54190884918108], [-118.25318486993973, 36.542058155087965]], [[-118.25174071586414, 36.54431329307644], [-118.25192575431588, 36.54431135034962], [-118.25192334647848, 36.54416204442733], [-118.25173830838241, 36.54416398714363], [-118.25174071586414, 36.54431329307644]], [[-118.25245437259208, 36.542663155435385], [-118.25245196388279, 36.542513849501944], [-118.25226692975198, 36.54251579296358], [-118.25226933810565, 36.54266509890754], [-118.25245437259208, 36.542663155435385]], [[-118.25060402693006, 36.54268257724142], [-118.25041899226642, 36.542684517843476], [-118.2504213970815, 36.542833823888685], [-118.25060643210075, 36.54283188327615], [-118.25060402693006, 36.54268257724142]], [[-118.25188723104479, 36.54192245512693], [-118.25207226378856, 36.54192051228139], [-118.25206985587916, 36.54177120630748], [-118.25188482349101, 36.541773149142514], [-118.25188723104479, 36.54192245512693]], [[-118.25317281981295, 36.541311625514716], [-118.25317522980282, 36.54146093143713], [-118.25336026135562, 36.54145898661415], [-118.25335785101014, 36.54130968070227], [-118.25317281981295, 36.541311625514716]], [[-118.25415345077572, 36.54473593260422], [-118.25415586295203, 36.544885238384644], [-118.25434090259579, 36.54488329188432], [-118.25433849006382, 36.54473398611443], [-118.25415345077572, 36.54473593260422]], [[-118.25377854926958, 36.54444121310807], [-118.25378096069907, 36.544590518917325], [-118.25396599966699, 36.544588573012135], [-118.25396358788187, 36.54443926721342], [-118.25377854926958, 36.54444121310807]], [[-118.2534060612914, 36.54429579820209], [-118.2534084719918, 36.5444451040363], [-118.25359351063956, 36.54444315871571], [-118.25359109958352, 36.54429385289203], [-118.2534060612914, 36.54429579820209]], [[-118.25303357468263, 36.544150382101996], [-118.25303598465395, 36.54429968796114], [-118.25322102298155, 36.54429774322513], [-118.25321861265455, 36.5441484373765], [-118.25303357468263, 36.544150382101996]], [[-118.25414139016051, 36.54398940364384], [-118.25414380224804, 36.54413870944369], [-118.25432884011346, 36.544136762996054], [-118.25432642767029, 36.54398745720675], [-118.25414139016051, 36.54398940364384]], [[-118.25266108944324, 36.54400496480778], [-118.25266349868552, 36.544154270691884], [-118.25284853669294, 36.54415232654045], [-118.252846127095, 36.54400302066688], [-118.25266108944324, 36.54400496480778]], [[-118.25376890372921, 36.54384398983219], [-118.25377131508768, 36.54399329565698], [-118.25395635263297, 36.54399134979393], [-118.25395394091883, 36.543842043979666], [-118.25376890372921, 36.54384398983219]], [[-118.25339641866726, 36.54369857482641], [-118.25339882929669, 36.54384788067616], [-118.25358386652181, 36.5438459353977], [-118.25358145553676, 36.54369662955847], [-118.25339641866726, 36.54369857482641]], [[-118.25228619707774, 36.543710240406604], [-118.25228860557324, 36.5438595463195], [-118.25247364290483, 36.54385760276317], [-118.25247123405369, 36.54370829686079], [-118.25228619707774, 36.543710240406604]], [[-118.25302393497468, 36.54355315862654], [-118.25302634487505, 36.54370246450122], [-118.25321138178005, 36.54370051980733], [-118.25320897152403, 36.54355121394317], [-118.25302393497468, 36.54355315862654]], [[-118.25191371530619, 36.54356482069932], [-118.25191612307268, 36.54371412663715], [-118.25210116008407, 36.543712183665384], [-118.25209875196195, 36.54356287773808], [-118.25191371530619, 36.54356482069932]], [[-118.25413174198796, 36.54339218040563], [-118.25413415400448, 36.54354148622102], [-118.25431919044729, 36.54353953981552], [-118.25431677807516, 36.54339023401069], [-118.25413174198796, 36.54339218040563]], [[-118.25265145265145, 36.543407741232585], [-118.2526538618228, 36.54355704713222], [-118.25283889840762, 36.54355510302289], [-118.25283648888063, 36.54340579713379], [-118.25265145265145, 36.543407741232585]], [[-118.25375925847287, 36.54324676649415], [-118.25376166976032, 36.54339607233449], [-118.25394670588302, 36.54339412651356], [-118.25394429423993, 36.543244820683775], [-118.25375925847287, 36.54324676649415]], [[-118.25338677632709, 36.543101351388586], [-118.25338918688551, 36.543250657253864], [-118.25357422268807, 36.54324871201751], [-118.25357181177401, 36.54309940616277], [-118.25338677632709, 36.543101351388586]], [[-118.25227656327301, 36.54311301671616], [-118.25227897169759, 36.543262322644594], [-118.25246400760659, 36.54326037913035], [-118.25246159882637, 36.543111073212444], [-118.25227656327301, 36.54311301671616]], [[-118.2544945760678, 36.542940369922505], [-118.25449698874228, 36.54308967572847], [-118.25468202408267, 36.543087728780556], [-118.25467961105254, 36.54293842298514], [-118.2544945760678, 36.542940369922505]], [[-118.25301429555061, 36.54295593508895], [-118.25301670538002, 36.54310524097917], [-118.25320174086241, 36.54310329632739], [-118.25319933067739, 36.542953990447685], [-118.25301429555061, 36.54295593508895]], [[-118.25412209409954, 36.542794957105286], [-118.25412450604502, 36.542944262936196], [-118.25430954106528, 36.542942316572855], [-118.25430712876418, 36.54279301075248], [-118.25412209409954, 36.542794957105286]], [[-118.25374961350056, 36.54264954309397], [-118.253752024717, 36.54279884894986], [-118.25393705941715, 36.54279690317107], [-118.25393464784507, 36.54264759732573], [-118.25374961350056, 36.54264954309397]], [[-118.2526394070608, 36.54266121167622], [-118.25264181614347, 36.542810517595264], [-118.25282685095007, 36.542808573538565], [-118.25282444151178, 36.542659267630036], [-118.2526394070608, 36.54266121167622]], [[-118.25337713427085, 36.54250412788863], [-118.25337954475827, 36.54265343376943], [-118.25356457913828, 36.54265148857521], [-118.25356216829522, 36.542502182704936], [-118.25337713427085, 36.54250412788863]], [[-118.2530046564104, 36.54235871148922], [-118.25300706616885, 36.54250801739499], [-118.25319210022872, 36.5425060727853], [-118.25318969011465, 36.54235676689007], [-118.2530046564104, 36.54235871148922]], [[-118.25189445381247, 36.54237037305691], [-118.25189686143715, 36.542519679025816], [-118.25208189560342, 36.5425177361382], [-118.25207948762312, 36.54236843017982], [-118.25189445381247, 36.54237037305691]], [[-118.25078425057646, 36.542382024292316], [-118.25078665606736, 36.54253133032429], [-118.25097169033995, 36.54252938915874], [-118.25096928449341, 36.54238008313727], [-118.25078425057646, 36.542382024292316]], [[-118.25263217991925, 36.542213293895784], [-118.25263458894868, 36.54236259982649], [-118.2528196226884, 36.54236065580135], [-118.25281721330333, 36.54221134988118], [-118.25263217991925, 36.542213293895784]], [[-118.25152197924231, 36.54222495195627], [-118.251524386138, 36.54237425795008], [-118.2517094199841, 36.542372315647015], [-118.25170701273278, 36.54222300966371], [-118.25152197924231, 36.54222495195627]], [[-118.25041177792747, 36.54223659968451], [-118.25041418268941, 36.54238590574138], [-118.2505992166418, 36.542383965160354], [-118.25059681152422, 36.54223465911398], [-118.25041177792747, 36.54223659968451]], [[-118.25225729651463, 36.54191856914885], [-118.25225970479735, 36.542067875108344], [-118.2524447378613, 36.54206593167829], [-118.25244232922294, 36.5419166257293], [-118.25225729651463, 36.54191856914885]], [[-118.25299742724151, 36.54191079374864], [-118.2529926078843, 36.54161218190217], [-118.25243751199942, 36.54161801381968], [-118.25243992060231, 36.54176731977644], [-118.25280998525453, 36.54176343209737], [-118.2528123945864, 36.541912738029204], [-118.25299742724151, 36.54191079374864]]], [[[-118.26308633449246, 36.547777587237164], [-118.26271624263472, 36.54778150735619], [-118.26289643008997, 36.547480937024844], [-118.26308147529849, 36.547478976843024], [-118.26308633449246, 36.547777587237164]]], [[[-118.26382894903998, 36.54791904870315], [-118.26401399522615, 36.547917087054174], [-118.26401642664645, 36.548066392188446], [-118.26383138010456, 36.54806835384803], [-118.26382894903998, 36.54791904870315]]], [[[-118.26347100855855, 36.54866949693165], [-118.26402615250664, 36.54866361268666], [-118.26403101554416, 36.54896222291244], [-118.26366091817371, 36.54896614607198], [-118.26366334900784, 36.549115451200294], [-118.26347829994006, 36.54911741236006], [-118.26347586946167, 36.54896810722115], [-118.26329082073171, 36.548970068083236], [-118.26347100855855, 36.54866949693165]]], [[[-118.26291829382481, 36.54882468377155], [-118.26329082073171, 36.548970068083236], [-118.26329325085436, 36.54911937323278], [-118.2629231526293, 36.54912329411697], [-118.26293044097015, 36.549571209605936], [-118.26311549115886, 36.549569249275535], [-118.26293529995348, 36.54986981991248], [-118.2631203508537, 36.54986785956086], [-118.2631276405301, 36.55031577495969], [-118.26294258856264, 36.55031773534315], [-118.26293772947199, 36.55001912505992], [-118.26275267819814, 36.55002108513506], [-118.2627502490354, 36.54987177997702], [-118.26238014714558, 36.549875699244836], [-118.26219024003652, 36.549579048056714], [-118.26200518975841, 36.5495810069517], [-118.2620076174624, 36.549730312159944], [-118.26145246545363, 36.54973618715425], [-118.26145003881689, 36.54958688191421], [-118.26089488771458, 36.54959275429299], [-118.26089246216296, 36.549443449017254], [-118.26033731196715, 36.54944931878054], [-118.26033488750062, 36.549300013469136], [-118.25996478799233, 36.549303925188084], [-118.25996236425513, 36.549154619851635], [-118.25977731482996, 36.5491565752699], [-118.2597797382114, 36.54930588061694], [-118.25959468841269, 36.549307835758725], [-118.25959226538694, 36.54915853040111], [-118.2590371169509, 36.549164394072235], [-118.25903227308743, 36.54886578328183], [-118.25921732187244, 36.548863829033024], [-118.25921974415104, 36.54901313441959], [-118.25940479327396, 36.54901117987312], [-118.25940237063965, 36.54886187449715], [-118.25958741938902, 36.548859919674186], [-118.25958984237907, 36.54900922503959], [-118.25995994053575, 36.54900531451129], [-118.25995751683423, 36.54885600916705], [-118.2612528573303, 36.548842313349304], [-118.26125528352199, 36.548991618619375], [-118.26218052797637, 36.54898182722724], [-118.26218295596459, 36.54913113244044], [-118.26236800515758, 36.54912917329018], [-118.26236557681362, 36.548979868087585], [-118.26292072321813, 36.548973988946194], [-118.26291829382481, 36.54882468377155]], [[-118.26107023457752, 36.548993576036594], [-118.26107266043132, 36.549142881313394], [-118.26125770973152, 36.54914092388558], [-118.26125528352199, 36.548991618619375], [-118.26107023457752, 36.548993576036594]], [[-118.26088761111325, 36.549144838454126], [-118.26089003662918, 36.549294143737626], [-118.26107508630298, 36.54929218658629], [-118.26107266043132, 36.549142881313394], [-118.26088761111325, 36.549144838454126]]], [[[-118.24537934125532, 36.551547805518204], [-118.24556439740078, 36.55154587233516], [-118.24556679365426, 36.551695178434414], [-118.24538173715301, 36.55169711162792], [-118.24537934125532, 36.551547805518204]]], [[[-118.25898043695233, 36.55707952889841], [-118.25824016328467, 36.55708734420115], [-118.25823774217821, 36.556938038960936], [-118.258422810266, 36.55693608557657], [-118.25842038882148, 36.55678678034304], [-118.25860545653555, 36.55678482668209], [-118.25860787833594, 36.55693413190503], [-118.25953321841821, 36.556924359240014], [-118.25953079483843, 36.55677505406997], [-118.26008599760607, 36.556769187056844], [-118.26008842225349, 36.55691849219513], [-118.26027349016287, 36.55691653593918], [-118.260275915184, 36.557065841063], [-118.25972071033463, 36.55707170900113], [-118.25972313430597, 36.55722101415282], [-118.25953806563129, 36.55722296956847], [-118.25953564201582, 36.55707366440618], [-118.25935057367916, 36.55707561952409], [-118.25935299693874, 36.557224924696946], [-118.25898285950014, 36.55722883409243], [-118.25898043695233, 36.55707952889841]]], [[[-118.23131713062315, 36.56349103243128], [-118.23131476076135, 36.56334172582303], [-118.23057678799897, 36.56349867713104], [-118.23040354296973, 36.56424712082953], [-118.23003336795797, 36.564250940984905], [-118.22967029321566, 36.564702680013795], [-118.22911502725852, 36.56470840646205], [-118.22875194502213, 36.56516014280049], [-118.228566855232, 36.56516205049856], [-118.22857394947603, 36.56560997063713], [-118.22802340424356, 36.565914305568974], [-118.22784303940783, 36.566214825642994], [-118.22765794703832, 36.56621673197701], [-118.22766976257321, 36.566963265644176], [-118.22748466840598, 36.566965171742524], [-118.2274870312091, 36.56711447847463], [-118.2276721257324, 36.56711257236597], [-118.22768157854307, 36.56770979921434], [-118.22786667447328, 36.567707892777136], [-118.22786903807554, 36.56785719946921], [-118.2273184742846, 36.56816153138437], [-118.22732083687076, 36.568310838095755], [-118.22713573946399, 36.56831274371237], [-118.22713337723393, 36.568163436990666], [-118.2267655445983, 36.568316554083744], [-118.22677026768625, 36.568615167556764], [-118.22658516951512, 36.568617072332145], [-118.22677499084374, 36.56891378101427], [-118.2265898919604, 36.56891568581027], [-118.22659461447525, 36.56921429927287], [-118.22640951486231, 36.56921620380219], [-118.2264189586761, 36.569813430722085], [-118.22604875654915, 36.569817239001274], [-118.22603931558429, 36.56922001199894], [-118.22585421591923, 36.569221915666354], [-118.22585185607754, 36.56907260889578], [-118.22603695538652, 36.56907070523866], [-118.22602279456477, 36.5681748645955], [-118.22620789171977, 36.56817296071291], [-118.22619845009508, 36.567575733581116], [-118.22638354580835, 36.567573829452456], [-118.22637174238812, 36.566827295501966], [-118.22655683630362, 36.56682539113757], [-118.22654739245603, 36.56622816394858], [-118.22673248492988, 36.566226259338144], [-118.22689868482871, 36.56502990004123], [-118.22708377441941, 36.565027994938774], [-118.22707432713375, 36.56443076768729], [-118.22725941528292, 36.564428862338836], [-118.22725232893316, 36.56398094189044], [-118.2274374159969, 36.563979036285666], [-118.22743032873561, 36.56353111583332], [-118.22761541471391, 36.56352920997226], [-118.22760832654112, 36.56308128951593], [-118.227793411434, 36.56307938339858], [-118.22778395935651, 36.56248215611044], [-118.22796904280798, 36.56248024974714], [-118.22796195286459, 36.562032329271254], [-118.2281470352307, 36.562030422651695], [-118.22813994437594, 36.56158250217185], [-118.22832502565672, 36.56158059529603], [-118.22849592140878, 36.560682847192446], [-118.22868100051893, 36.560680939804136], [-118.22867627144248, 36.56038232614691], [-118.22886134982333, 36.56038041849204], [-118.22885425527139, 36.55993249800808], [-118.22903933256696, 36.55993059009699], [-118.22903223710388, 36.559482669609096], [-118.22921731331421, 36.5594807614418], [-118.22921258238067, 36.55918214778445], [-118.22939765786171, 36.559180239350624], [-118.22939292628598, 36.55888162569843], [-118.22994815048901, 36.558875898735785], [-118.22994105005272, 36.55842797832139], [-118.23031356480526, 36.55857346576039], [-118.230306462338, 36.55812554538475], [-118.23067660809063, 36.55812172492836], [-118.23085694391433, 36.55782120072828], [-118.23122708813871, 36.5578173785902], [-118.23122234975831, 36.557518765074946], [-118.23103727836668, 36.55752067626689], [-118.23103490955856, 36.55737136949309], [-118.23047969634666, 36.557377101314856], [-118.23047732862369, 36.557227794506154], [-118.23029225787408, 36.557229704528716], [-118.23028752319223, 36.55693109087901], [-118.23065529522381, 36.55677796377807], [-118.2306481912487, 36.55633004332481], [-118.23083325982807, 36.55632813278995], [-118.23100885382026, 36.55572899472535], [-118.23119392094125, 36.555727083657544], [-118.23118681412942, 36.55527916321591], [-118.23155457656975, 36.55512603347998], [-118.23154983739383, 36.55482741986645], [-118.23173490232732, 36.55482550799929], [-118.23173016250949, 36.55452689439094], [-118.23191522671382, 36.55452498225733], [-118.23209080862763, 36.55392584265614], [-118.2322758713737, 36.55392392998966], [-118.23227112963019, 36.553625316396875], [-118.2326412536466, 36.55362149024394], [-118.2326436252213, 36.55377079702157], [-118.23282868755912, 36.55376888350405], [-118.23282394371553, 36.55347026996562], [-118.23300900532423, 36.553468356181696], [-118.23300663307282, 36.55331904941703], [-118.2333767555262, 36.553315221008496], [-118.23337438258056, 36.553165914260674], [-118.23374687790968, 36.55331139145144], [-118.23374450425241, 36.553162084724335], [-118.23411462585435, 36.5531582540395], [-118.23429493723202, 36.5528577248628], [-118.23485011731643, 36.55285197588296], [-118.23503042513593, 36.55255144564595], [-118.23540292043623, 36.55269691767363], [-118.23540054364649, 36.55254761102438], [-118.23613840226217, 36.552390631724194], [-118.23613602408422, 36.552241325108724], [-118.2363210825316, 36.55223940623954], [-118.23632346106538, 36.55238871284464], [-118.23650851985109, 36.55238679367796], [-118.2365061409615, 36.552237487083254], [-118.23687625776873, 36.552233647909325], [-118.23687387818504, 36.552084341331536], [-118.23724637450589, 36.55222980758693], [-118.23760934820483, 36.55177804649581], [-118.23834957705894, 36.551770360233526], [-118.23834719468145, 36.551621053727274], [-118.23871730829168, 36.55161720889429], [-118.23871492522012, 36.551467902404966], [-118.23908503804859, 36.55146405644435], [-118.23908265428301, 36.551314749972], [-118.24000793426806, 36.55130513009815], [-118.24000554874107, 36.55115582367399], [-118.24019060432963, 36.55115389884832], [-118.24019299021242, 36.551303205262066], [-118.24074815794002, 36.55129742903118], [-118.2409284392198, 36.55099689029868], [-118.24221904536002, 36.55068478789676], [-118.2423993195242, 36.55038424704506], [-118.2427718174446, 36.55052969603346], [-118.24276942666881, 36.55038038974634], [-118.24332458725371, 36.55037460164507], [-118.24332219542822, 36.55022529538538], [-118.24387735478733, 36.550219504731594], [-118.2440576214275, 36.5499189614921], [-118.24442772612053, 36.5499150990884], [-118.24460798993222, 36.549614555055754], [-118.24497809309648, 36.549610690971356], [-118.2449756981572, 36.54946138478636], [-118.24516074935713, 36.549459452323994], [-118.24515356357784, 36.54901153377712], [-118.2455212678543, 36.548858361884776], [-118.24552605974388, 36.54915697421916], [-118.24571111017939, 36.54915504091647], [-118.2457135065064, 36.549304347067384], [-118.24552845571515, 36.549306280380534], [-118.24554283191311, 36.550202117267204], [-118.24535777896966, 36.55020405035607], [-118.24536257046523, 36.550502662641485], [-118.2451775167926, 36.55050459546418], [-118.2450020434589, 36.55110375260775], [-118.24462953877523, 36.550958310734245], [-118.24444927207885, 36.55125885479114], [-118.2442642165392, 36.551260786230635], [-118.24445406026348, 36.55155746712681], [-118.2446391164971, 36.551555535379315], [-118.2446367220402, 36.55140622922387], [-118.24519188956793, 36.55140043229007], [-118.24518709857229, 36.55110182003031], [-118.24555960494669, 36.55124726012502], [-118.24537934125532, 36.551547805518204], [-118.2451942850922, 36.551549738414145], [-118.24519668063414, 36.551699044534324], [-118.24538173715301, 36.55169711162792], [-118.24538413306837, 36.55184641773375], [-118.24519907619367, 36.55184835065061], [-118.24520386736569, 36.552146962871554], [-118.24483375214022, 36.5521508278858], [-118.24483614704107, 36.552300134011375], [-118.24446603103345, 36.552303997898086], [-118.2444636368442, 36.55215469175158], [-118.24427857916976, 36.552156623253815], [-118.24409830845062, 36.55245716679984], [-118.24372579880676, 36.552311722226136], [-118.24373058439167, 36.55261033459107], [-118.24317540790182, 36.5526161248851], [-118.2429999147248, 36.55321527925936], [-118.24281485441877, 36.553217208537795], [-118.24281963665685, 36.55351582096063], [-118.24207939241006, 36.553523535286615], [-118.24208178213219, 36.553672841533974], [-118.24189672067068, 36.55367476940809], [-118.2418943313044, 36.553525463150294], [-118.2413391478818, 36.55353124501855], [-118.24133675960057, 36.55338193872557], [-118.2407815770872, 36.55338771797838], [-118.24078396430096, 36.55353702430265], [-118.24041145532378, 36.55339156937796], [-118.24041622834552, 36.553690182064315], [-118.24004610508848, 36.55369403235706], [-118.2400508767572, 36.553992645069556], [-118.23968313715558, 36.55414580062672], [-118.23968552232216, 36.55429510699412], [-118.23987058541795, 36.55429318252389], [-118.23969029270802, 36.554593719717225], [-118.23987535651548, 36.554591795226166], [-118.2398777420906, 36.554741101571494], [-118.2396926779273, 36.55474302607296], [-118.23969744841848, 36.5550416387728], [-118.23951238352592, 36.55504356300796], [-118.23951715337566, 36.5553421757131], [-118.23914463789245, 36.5551967169922], [-118.23915417488548, 36.555793942454734], [-118.23896910816092, 36.555795865880526], [-118.23897387605102, 36.55609447860934], [-118.23878880859716, 36.55609640176879], [-118.23861327426953, 36.5566955501354], [-118.23824313642704, 36.5566993951018], [-118.23806759663331, 36.55729854271134], [-118.23769745583847, 36.55730238603797], [-118.237702219097, 36.55760099883483], [-118.23733207680844, 36.557604841054385], [-118.23733683871352, 36.557903453877316], [-118.23696431468171, 36.55775798855945], [-118.23696907519823, 36.558056601416205], [-118.23641861677676, 36.55836097386582], [-118.23642337529792, 36.55865958675389], [-118.2360532277813, 36.558663425098466], [-118.23605798494886, 36.55896203801257], [-118.23568783593846, 36.558965875249946], [-118.23569259175237, 36.55926448819005], [-118.23495466718357, 36.55942146580739], [-118.23459164332536, 36.55987321921704], [-118.23403641295675, 36.55987896793655], [-118.23404116257372, 36.56017758101689], [-118.23367100748345, 36.56018141210205], [-118.2336781299043, 36.560629331755656], [-118.23349305126509, 36.560631246898524], [-118.23368287827226, 36.560927944838674], [-118.23349779892115, 36.560929860002275], [-118.23350017277538, 36.56107916654833], [-118.23331509305079, 36.561081081435105], [-118.23331984009977, 36.561379694536285], [-118.2331347596458, 36.56138160915658], [-118.2329615435428, 36.56213005627834], [-118.23259137898773, 36.56213388418645], [-118.23259849568254, 36.56258180387527], [-118.23241341231082, 36.56258371742956], [-118.23241104041777, 36.56243441086014], [-118.23204324551504, 36.56258754367647], [-118.23205035916305, 36.563035463423574], [-118.23131713062315, 36.56349103243128]], [[-118.2272617774343, 36.56457816914721], [-118.22744686592209, 36.56457626350118], [-118.2274445034147, 36.564426956703116], [-118.22725941528292, 36.564428862338836], [-118.2272617774343, 36.56457816914721]], [[-118.2285053783467, 36.56128007450166], [-118.22869045888072, 36.56127816707205], [-118.22868809426416, 36.56112886026089], [-118.2285030140861, 36.561130767680176], [-118.2285053783467, 36.56128007450166]], [[-118.23067897627412, 36.55827103170343], [-118.2308640494802, 36.55826912103413], [-118.23086168094079, 36.558119814269396], [-118.23067660809063, 36.55812172492836], [-118.23067897627412, 36.55827103170343]], [[-118.23122945735504, 36.557966685342], [-118.23141452979696, 36.55796477383184], [-118.23141216022472, 36.5578154670904], [-118.23122708813871, 36.5578173785902], [-118.23122945735504, 36.557966685342]], [[-118.23140742113256, 36.55751685359583], [-118.23140505161263, 36.55736754684274], [-118.2312199805943, 36.5573694583115], [-118.23122234975831, 36.557518765074946], [-118.23140742113256, 36.55751685359583]], [[-118.23047496091816, 36.55707848769357], [-118.2306600312944, 36.55707657739418], [-118.23065766325041, 36.556927270588055], [-118.23047259323002, 36.55692918087713], [-118.23047496091816, 36.55707848769357]], [[-118.23429968662909, 36.5531563382664], [-118.23448474738635, 36.55315442220617], [-118.23448237232327, 36.553005115516676], [-118.23429731192182, 36.55300703156653], [-118.23429968662909, 36.5531563382664]], [[-118.23871969138078, 36.55176651537972], [-118.2389047485154, 36.55176459252214], [-118.23890236507049, 36.551615286047124], [-118.23871730829168, 36.55161720889429], [-118.23871969138078, 36.55176651537972]], [[-118.23908742183175, 36.551613362912846], [-118.23927247857546, 36.55161143949147], [-118.2392700944365, 36.55146213303339], [-118.23908503804859, 36.55146405644435], [-118.23908742183175, 36.551613362912846]], [[-118.24406240787182, 36.55021757393947], [-118.24424746093868, 36.55021564286026], [-118.24424506735195, 36.55006633664898], [-118.24406001464085, 36.55006826771773], [-118.24406240787182, 36.55021757393947]], [[-118.23986342890336, 36.553845263441346], [-118.2396783668751, 36.553847187880315], [-118.23968075200656, 36.553996494255465], [-118.23986581439067, 36.55399456980608], [-118.23986342890336, 36.553845263441346]], [[-118.23950999862737, 36.55489425664957], [-118.23932493407308, 36.55489618058717], [-118.23932731861576, 36.555045486955976], [-118.23951238352592, 36.55504356300796], [-118.23950999862737, 36.55489425664957]], [[-118.23605084922377, 36.5585141186356], [-118.2358657757951, 36.55851603736672], [-118.2358681539967, 36.558665343839984], [-118.2360532277813, 36.558663425098466], [-118.23605084922377, 36.5585141186356]], [[-118.23476959151435, 36.55942338287768], [-118.2345845158276, 36.55942529966078], [-118.23458689164269, 36.559574606183425], [-118.23477196768538, 36.559572689389945], [-118.23476959151435, 36.55942338287768]], [[-118.23295442486933, 36.56168213661676], [-118.23276934366845, 36.56168405068334], [-118.23277171618618, 36.56183335725145], [-118.23295679774301, 36.56183144317452], [-118.23295442486933, 36.56168213661676]], [[-118.23186290379353, 36.562888069558404], [-118.23167781964, 36.5628899819845], [-118.23168019016147, 36.563039288583695], [-118.231865274671, 36.56303737614724], [-118.23186290379353, 36.562888069558404]], [[-118.22693647105676, 36.567418808591405], [-118.2269388328438, 36.56756811534282], [-118.22712392848752, 36.56756621006506], [-118.2271215663444, 36.56741690332396], [-118.22693647105676, 36.567418808591405]], [[-118.22710266982541, 36.5662224492555], [-118.22710503182944, 36.566371756027635], [-118.22729012460718, 36.56636985054509], [-118.22728776224712, 36.56622054378327], [-118.22710266982541, 36.5662224492555]], [[-118.22783358586886, 36.56561759868072], [-118.2278359492275, 36.56576690542712], [-118.22802104051145, 36.56576499883679], [-118.22801867679676, 36.565615692100714], [-118.22783358586886, 36.56561759868072]], [[-118.22709322198331, 36.565625222128155], [-118.22709558391774, 36.565774528915824], [-118.22728067527129, 36.56577262347454], [-118.22727831298077, 36.56562331669719], [-118.22709322198331, 36.565625222128155]], [[-118.22726886399273, 36.56502608954905], [-118.22727122621365, 36.56517539634191], [-118.2274563161256, 36.565173490654615], [-118.22745395354865, 36.56502418387208], [-118.22726886399273, 36.56502608954905]], [[-118.2292906516925, 36.564109271146165], [-118.22929301772531, 36.56425857784874], [-118.22947810530961, 36.56425666906364], [-118.22947573892077, 36.564107362371395], [-118.2292906516925, 36.564109271146165]], [[-118.2279926770837, 36.56397331774792], [-118.22799504060697, 36.56412262452666], [-118.22818012795713, 36.56412071776261], [-118.22817776407783, 36.56397141099418], [-118.2279926770837, 36.56397331774792]], [[-118.23002389823492, 36.56365371431664], [-118.23002626563952, 36.56380302098953], [-118.23021135208607, 36.56380111108648], [-118.23020898432543, 36.56365180442393], [-118.23002389823492, 36.56365371431664]], [[-118.22872593021822, 36.5635177687739], [-118.22872829511334, 36.563667075522986], [-118.22891338132581, 36.56366516764094], [-118.22891101607469, 36.56351586090218], [-118.22872593021822, 36.5635177687739]], [[-118.23057441956117, 36.56334937048141], [-118.23075950488737, 36.56334745974767], [-118.23075713611104, 36.5631981531045], [-118.23057205114083, 36.5632000638279], [-118.23057441956117, 36.56334937048141]], [[-118.23112730599911, 36.563194330796], [-118.2311201976387, 36.56274641090529], [-118.23093511377138, 36.56274832217212], [-118.23093748285139, 36.56289762881657], [-118.23075239861065, 36.56289953980652], [-118.23075713611104, 36.5631981531045], [-118.23112730599911, 36.563194330796]], [[-118.23075002988662, 36.562750233151725], [-118.23056494598441, 36.562752143844094], [-118.23056731435244, 36.56290145050924], [-118.23075239861065, 36.56289953980652], [-118.23075002988662, 36.562750233151725]], [[-118.23001679612562, 36.56320579427471], [-118.23001916347796, 36.56335510095923], [-118.23020424885647, 36.56335319108719], [-118.23020188114812, 36.563203884413], [-118.23001679612562, 36.56320579427471]], [[-118.22816121741008, 36.56292626350661], [-118.22816358116755, 36.56307557030218], [-118.22834866600823, 36.563073663323145], [-118.22834630189473, 36.562924356537884], [-118.22816121741008, 36.56292626350661]], [[-118.2294520759905, 36.56261429523549], [-118.22945444220511, 36.56276360196654], [-118.2296395262119, 36.56276169299754], [-118.22963715964127, 36.56261238627682], [-118.2294520759905, 36.56261429523549]], [[-118.2316707081803, 36.56244206216365], [-118.23167307864942, 36.56259136877448], [-118.23185816209096, 36.56258945636909], [-118.23185579126586, 36.56244014976861], [-118.2316707081803, 36.56244206216365]], [[-118.22833920965876, 36.562476436158846], [-118.22834157372002, 36.562625742955746], [-118.22852665747529, 36.56262383572043], [-118.22852429305806, 36.56247452893387], [-118.22833920965876, 36.562476436158846]], [[-118.23111308943528, 36.56229849097965], [-118.23111545881899, 36.56244779762542], [-118.23130054195687, 36.56244588609205], [-118.23129817221718, 36.562296579456635], [-118.23111308943528, 36.56229849097965]], [[-118.2305578409849, 36.562304223825365], [-118.23056020930065, 36.56245353050216], [-118.23074529249085, 36.56245161983047], [-118.23074292381914, 36.562302313164025], [-118.2305578409849, 36.562304223825365]], [[-118.2300002251473, 36.562160647374384], [-118.23000259237763, 36.562309954086075], [-118.23018767526415, 36.5623080442864], [-118.23018530767781, 36.562158737585044], [-118.2300002251473, 36.562160647374384]], [[-118.22944497745111, 36.56216637501907], [-118.22944734361349, 36.56231568176176], [-118.22963242655227, 36.56231377282375], [-118.22963006003393, 36.5621644660914], [-118.22944497745111, 36.56216637501907]], [[-118.2322188428781, 36.56198840435425], [-118.2322212143628, 36.56213771094567], [-118.23240629668399, 36.56213579770967], [-118.2324039248433, 36.56198649112862], [-118.2322188428781, 36.56198840435425]], [[-118.23166359687768, 36.561994142307874], [-118.23166596729446, 36.562143448930335], [-118.23185104966801, 36.562141536556005], [-118.23184867889528, 36.56199222994388], [-118.23166359687768, 36.561994142307874]], [[-118.22888736452113, 36.56202279330119], [-118.22888972959814, 36.56217210007875], [-118.22907481223321, 36.56217019201274], [-118.22907244680022, 36.56202088524552], [-118.22888736452113, 36.56202279330119]], [[-118.22833211757943, 36.56202851574489], [-118.22833448158848, 36.56217782255342], [-118.22851956427576, 36.562175915349094], [-118.22851719991073, 36.56202660855088], [-118.22833211757943, 36.56202851574489]], [[-118.23110598138886, 36.561850571019114], [-118.23110835072022, 36.5619998776765], [-118.23129343279015, 36.561997966174175], [-118.2312910631028, 36.561848659527136], [-118.23110598138886, 36.561850571019114]], [[-118.23221172852874, 36.561540484556744], [-118.23221409996104, 36.561689791159786], [-118.2323991812143, 36.56168787795486], [-118.232396809426, 36.56153857136218], [-118.23221172852874, 36.561540484556744]], [[-118.23165648573213, 36.56154622241718], [-118.23165885609653, 36.561695529051285], [-118.23184393740218, 36.561693616708], [-118.23184156668177, 36.56154431008425], [-118.23165648573213, 36.56154622241718]], [[-118.22851010692008, 36.56157868813299], [-118.2285124712329, 36.56172799494282], [-118.22869755283484, 36.561726087482256], [-118.22869518816607, 36.56157678068272], [-118.22851010692008, 36.56157868813299]], [[-118.23109887349943, 36.561402651023634], [-118.23110124277846, 36.56155195769268], [-118.23128632378047, 36.5615500462214], [-118.23128395414545, 36.56140073956271], [-118.23109887349943, 36.561402651023634]], [[-118.23072871215506, 36.56140647308387], [-118.23073108072214, 36.5615557797736], [-118.23091616175903, 36.56155386887674], [-118.23091379283595, 36.56140456219736], [-118.23072871215506, 36.56140647308387]], [[-118.23276222622012, 36.56123613095577], [-118.2327645986854, 36.561385437535506], [-118.23294967917433, 36.56138352348964], [-118.23294730635305, 36.56123421692027], [-118.23276222622012, 36.56123613095577]], [[-118.23017110252596, 36.56126289729551], [-118.23017347000768, 36.56141220402011], [-118.23035855074089, 36.56141029399524], [-118.2303561829032, 36.56126098728097], [-118.23017110252596, 36.56126289729551]], [[-118.22961586128963, 36.561268625615796], [-118.22961822770345, 36.56141793237143], [-118.22980330848895, 36.5614160232082], [-118.22980094171916, 36.56126671646292], [-118.22961586128963, 36.561268625615796]], [[-118.22905825456803, 36.56112504456068], [-118.22906061989654, 36.56127435135119], [-118.22924570037831, 36.56127244305994], [-118.22924333469385, 36.56112313627977], [-118.22905825456803, 36.56112504456068]], [[-118.23072160655839, 36.560958552991416], [-118.23072397507316, 36.56110785969279], [-118.23090905504215, 36.56110594882697], [-118.23090668617141, 36.560956642135935], [-118.23072160655839, 36.560958552991416]], [[-118.23275510892894, 36.56078821119326], [-118.23275748134188, 36.560937517784645], [-118.2329425607629, 36.56093560376986], [-118.232940187994, 36.56078629718885], [-118.23275510892894, 36.56078821119326]], [[-118.23219987162896, 36.56079395148327], [-118.232202242974, 36.560943258105716], [-118.23238732244744, 36.56094134495258], [-118.23238495074642, 36.56079203834048], [-118.23219987162896, 36.56079395148327]], [[-118.22960876215271, 36.56082070532562], [-118.22961112851425, 36.560970012092895], [-118.22979620823183, 36.56096810296068], [-118.22979384151434, 36.56081879620373], [-118.22960876215271, 36.56082070532562]], [[-118.2307145011187, 36.56051063286405], [-118.23071686958116, 36.56065993957705], [-118.23090194848224, 36.56065802874225], [-118.23089957966384, 36.560508722039614], [-118.2307145011187, 36.56051063286405]], [[-118.23274799179498, 36.56034029139583], [-118.2327503641555, 36.56048959799885], [-118.23293544250866, 36.56048768401516], [-118.23293306979218, 36.5603383774225], [-118.23274799179498, 36.56034029139583]], [[-118.2297867414663, 36.56037087590965], [-118.22978910813156, 36.560520182678225], [-118.22997418676385, 36.5605182732898], [-118.22997181974264, 36.56036896653156], [-118.2297867414663, 36.56037087590965]], [[-118.22923150653276, 36.5603766023207], [-118.22923387213015, 36.560525909120265], [-118.2294189508147, 36.56052400059345], [-118.22941658486137, 36.560374693804214], [-118.22923150653276, 36.5603766023207]], [[-118.23126499769343, 36.560206286153516], [-118.23126736718888, 36.560355592843244], [-118.23145244532573, 36.56035368116753], [-118.23145007547434, 36.560204374488144], [-118.23126499769343, 36.560206286153516]], [[-118.23274324712635, 36.56004167817815], [-118.23274561945195, 36.56019098478893], [-118.23293069709317, 36.560189070825956], [-118.23292832441165, 36.56003976422553], [-118.23274324712635, 36.56004167817815]], [[-118.23033724082909, 36.560066533427], [-118.23033960852733, 36.560215840172326], [-118.23052468639544, 36.56021392994297], [-118.23052231834124, 36.56006462320798], [-118.23033724082909, 36.560066533427]], [[-118.23181548990954, 36.559901936966796], [-118.23181786043793, 36.56005124363325], [-118.23200293781052, 36.560049331116616], [-118.23200056692619, 36.55990002446053], [-118.23181548990954, 36.559901936966796]], [[-118.22977964157509, 36.559922955580646], [-118.22978200818807, 36.560072262360855], [-118.2299670857525, 36.56007035300345], [-118.22996471878359, 36.55992104623356], [-118.22977964157509, 36.559922955580646]], [[-118.22922440984512, 36.559928681898704], [-118.22922677539025, 36.560077988709914], [-118.22941185300694, 36.5600760802141], [-118.22940948710587, 36.55992677341322], [-118.22922440984512, 36.559928681898704]], [[-118.2336638852199, 36.559733492413514], [-118.23366625929029, 36.55988279898023], [-118.23385133613225, 36.55988088360199], [-118.23384896170595, 36.55973157704563], [-118.2336638852199, 36.559733492413514]], [[-118.23125788931178, 36.55975836606104], [-118.23126025875489, 36.559907672762414], [-118.23144533582386, 36.55990576111773], [-118.23144296602482, 36.55975645442672], [-118.23125788931178, 36.55975836606104]], [[-118.23273613025438, 36.55959375832253], [-118.23273850252758, 36.55974306494494], [-118.23292357910097, 36.55974115101304], [-118.23292120647184, 36.55959184440099], [-118.23273613025438, 36.55959375832253]], [[-118.2303301378389, 36.55961861316776], [-118.23033250548485, 36.55976791992472], [-118.23051758228512, 36.55976600972638], [-118.23051521428323, 36.55961670297976], [-118.2303301378389, 36.55961861316776]], [[-118.23421436440164, 36.5594291323654], [-118.23421673950487, 36.5595784389088], [-118.23440181558253, 36.55957652268972], [-118.23439944012337, 36.559427216156685], [-118.23421436440164, 36.5594291323654]], [[-118.23180837842906, 36.559454016944194], [-118.23181074890512, 36.55960332362229], [-118.23199582520988, 36.55960141113672], [-118.2319934543779, 36.559452104468996], [-118.23180837842906, 36.559454016944194]], [[-118.22940238950711, 36.55947885298729], [-118.22940475535594, 36.55962815979982], [-118.22958983188738, 36.559626251047796], [-118.22958746568261, 36.55947694424562], [-118.22940238950711, 36.55947885298729]], [[-118.23328661222476, 36.55928940250201], [-118.23328898553082, 36.55943870910111], [-118.23347406133995, 36.55943679432835], [-118.23347168767793, 36.559287487739624], [-118.23328661222476, 36.55928940250201]], [[-118.23088062974428, 36.55931426827864], [-118.23088299842318, 36.559463575012344], [-118.23106807445924, 36.5594616639731], [-118.23106570542441, 36.559312357249745], [-118.23088062974428, 36.55931426827864]], [[-118.23494991418212, 36.55912285279199], [-118.23495229067412, 36.55927215930162], [-118.23513736596992, 36.55927024195452], [-118.23513498912202, 36.55912093545526], [-118.23494991418212, 36.55912285279199]], [[-118.23457976424987, 36.559126686603875], [-118.23458214003, 36.559275993134264], [-118.23476721536079, 36.55927407636155], [-118.23476483922475, 36.559124769841524], [-118.23457976424987, 36.559126686603875]], [[-118.23235886318787, 36.55914966535131], [-118.2323612346968, 36.55929897200609], [-118.23254631023732, 36.55929705867966], [-118.23254393837246, 36.55914775203524], [-118.23235886318787, 36.55914966535131]], [[-118.22995288420032, 36.559174512325974], [-118.22995525108212, 36.55932381911525], [-118.23014032684941, 36.55932190952232], [-118.2301379596117, 36.559172602743374], [-118.22995288420032, 36.559174512325974]], [[-118.23143111729125, 36.559009920913425], [-118.23143348700306, 36.559159227623844], [-118.23161856227493, 36.55915731574372], [-118.23161619220718, 36.559008009043644], [-118.23143111729125, 36.559009920913425]], [[-118.2332794924114, 36.558841482681444], [-118.23328186566505, 36.55899078929217], [-118.23346694040637, 36.55898887455051], [-118.23346456679678, 36.55883956795014], [-118.2332794924114, 36.558841482681444]], [[-118.23050337453523, 36.558870169188445], [-118.23050574244995, 36.559019475954464], [-118.2306908174531, 36.559017565520634], [-118.23068844918244, 36.55886825876496], [-118.23050337453523, 36.558870169188445]], [[-118.23457263701448, 36.55867876698941], [-118.23457501274211, 36.55882807353146], [-118.23476008700513, 36.558826156789856], [-118.23475771092158, 36.55867685025819], [-118.23457263701448, 36.55867876698941]], [[-118.2342024891478, 36.5586825995903], [-118.23420486416362, 36.558831906153095], [-118.23438993846162, 36.55882998998586], [-118.2343875630899, 36.55868068343346], [-118.2342024891478, 36.5586825995903]], [[-118.23235174876581, 36.5587017453637], [-118.23235412022237, 36.55885105203012], [-118.2325391946951, 36.55884913873476], [-118.23253682288262, 36.55869983207868], [-118.23235174876581, 36.5587017453637]], [[-118.23198160047981, 36.558705571072146], [-118.23198397122454, 36.55885487775928], [-118.23216904573218, 36.5588529650383], [-118.23216667463154, 36.55870365836152], [-118.23198160047981, 36.558705571072146]], [[-118.23549562888525, 36.55851987396743], [-118.23549800637501, 36.55866918046145], [-118.2356830801946, 36.55866726229431], [-118.23568070234893, 36.558517955810665], [-118.23549562888525, 36.55851987396743]], [[-118.23327474595652, 36.55854286944831], [-118.23327711917521, 36.558692176066806], [-118.2334621932047, 36.55869026134588], [-118.23345981963007, 36.558540954737744], [-118.23327474595652, 36.55854286944831]], [[-118.2310538605118, 36.55856582357479], [-118.23105622945944, 36.55871513031753], [-118.23124130369841, 36.55871321904283], [-118.23123893439487, 36.558563912310426], [-118.2310538605118, 36.55856582357479]], [[-118.23456788561165, 36.5583801538937], [-118.23457026130433, 36.5585294604435], [-118.2347553348555, 36.55852754372265], [-118.23475295880692, 36.55837823718323], [-118.23456788561165, 36.5583801538937]], [[-118.2329022260676, 36.558397391364785], [-118.23290459855698, 36.5585466980079], [-118.23308967226549, 36.5585447838717], [-118.23308729942018, 36.55839547723895], [-118.2329022260676, 36.558397391364785]], [[-118.23586101944446, 36.55821742440856], [-118.23586339761101, 36.55836673088958], [-118.23604847068377, 36.55836481216885], [-118.23604609216129, 36.558215505698215], [-118.23586101944446, 36.55821742440856]], [[-118.23419536420533, 36.55823467987868], [-118.23419773916868, 36.5583839864531], [-118.2343828123989, 36.558382070317], [-118.23438043707965, 36.55823276375294], [-118.23419536420533, 36.55823467987868]], [[-118.23382521840425, 36.55823851126861], [-118.23382759265574, 36.558387817863775], [-118.23401266592096, 36.55838590230202], [-118.23401029131355, 36.55823659571724], [-118.23382521840425, 36.55823851126861]], [[-118.23197448835043, 36.55825765098748], [-118.23197685904279, 36.55840695768625], [-118.23216193248265, 36.55840504499632], [-118.2321595614344, 36.558255738307906], [-118.23197448835043, 36.55825765098748]], [[-118.23160434213014, 36.55826147548509], [-118.23160671211066, 36.55841078220456], [-118.23179178558544, 36.558408870088996], [-118.23178941524903, 36.55825956337987], [-118.23160434213014, 36.55826147548509]], [[-118.23289748114121, 36.55809877806695], [-118.23289985359567, 36.5582480847178], [-118.23308492659233, 36.55824617060233], [-118.23308255378194, 36.558096863961836], [-118.23289748114121, 36.55809877806695]], [[-118.23622640715635, 36.55791497376855], [-118.23622878599974, 36.558064280236565], [-118.23641385832562, 36.55806236096224], [-118.23641147912635, 36.55791305450462], [-118.23622640715635, 36.55791497376855]], [[-118.23419061433111, 36.557936066718185], [-118.23419298925948, 36.55808537330038], [-118.23437806177787, 36.55808345718501], [-118.23437568649362, 36.55793415061319], [-118.23419061433111, 36.557936066718185]], [[-118.23548374169901, 36.557773341439095], [-118.23548611910128, 36.55792264795252], [-118.2356711911413, 36.557920729837285], [-118.23566881338317, 36.55777142333425], [-118.23548374169901, 36.557773341439095]], [[-118.23252022068418, 36.55765468537761], [-118.23252259237444, 36.55780399206084], [-118.23270766433829, 36.55780207855079], [-118.23270529229214, 36.557652771877926], [-118.23252022068418, 36.55765468537761]], [[-118.2358491288742, 36.55747089194527], [-118.23585150695322, 36.55762019844569], [-118.23603657824644, 36.557618279776875], [-118.2360341998115, 36.55746897328684], [-118.2358491288742, 36.55747089194527]], [[-118.23547898694706, 36.55747472840061], [-118.23548136431428, 36.55762403492179], [-118.23566643564251, 36.55762211682733], [-118.23566405791938, 36.55747281031651], [-118.23547898694706, 36.55747472840061]], [[-118.2338133474089, 36.557491978234594], [-118.233815721573, 36.55764128484916], [-118.23400079305866, 36.557639369339256], [-118.23399841853863, 36.55749006273507], [-118.2338133474089, 36.557491978234594]], [[-118.23510646831198, 36.55732925716141], [-118.23510884494992, 36.55747856370725], [-118.23529391595724, 36.55747664619751], [-118.23529153896342, 36.55732733966206], [-118.23510646831198, 36.55732925716141]], [[-118.23473632695665, 36.55733309129863], [-118.2347387028828, 36.55748239786521], [-118.2349237739251, 36.55748048092981], [-118.23492139764306, 36.55733117437361], [-118.23473632695665, 36.55733309129863]], [[-118.23214296458534, 36.55721059138037], [-118.2321453355114, 36.55735989809595], [-118.23233040644244, 36.55735798519132], [-118.23232803516049, 36.5572086784861], [-118.23214296458534, 36.55721059138037]], [[-118.23177282338264, 36.5572144163074], [-118.2317751935969, 36.55736372304368], [-118.23196026456287, 36.55736181071341], [-118.2319578939927, 36.55721250398747], [-118.23177282338264, 36.5572144163074]], [[-118.2351017150886, 36.557030644058116], [-118.23510409169155, 36.557179950611705], [-118.23528916198707, 36.557178033122725], [-118.23528678502825, 36.55702872657952], [-118.2351017150886, 36.557030644058116]], [[-118.23343608484488, 36.55704788844298], [-118.23343845824476, 36.55719719508991], [-118.23362352869768, 36.55719528018545], [-118.23362115494189, 36.55704597354888], [-118.23343608484488, 36.55704788844298]], [[-118.23306594459844, 36.55705171736966], [-118.23306831728652, 36.55720102403732], [-118.23325338777438, 36.5571991097072], [-118.2332510147304, 36.5570498030499], [-118.23306594459844, 36.55705171736966]], [[-118.23084510165323, 36.55707466680762], [-118.23084747007057, 36.5572239735995], [-118.23103254076788, 36.557222062715425], [-118.23103017199465, 36.55707275593388], [-118.23084510165323, 36.55707466680762]], [[-118.23435905999327, 36.55688900450186], [-118.23436143515514, 36.55703831110085], [-118.23454650516474, 36.55703639477091], [-118.23454412964696, 36.55688708818231], [-118.23435905999327, 36.55688900450186]], [[-118.23713272247873, 36.55671092310906], [-118.23713510296142, 36.55686022955615], [-118.23732017235254, 36.556858308929115], [-118.23731779151393, 36.55670900249242], [-118.23713272247873, 36.55671092310906]], [[-118.23546710037344, 36.55672819573645], [-118.23546947765315, 36.55687750227704], [-118.2356545472019, 36.55687558423449], [-118.2356521695663, 36.556726277704286], [-118.23546710037344, 36.55672819573645]], [[-118.23176571284452, 36.55676649607529], [-118.23176808300644, 36.556915802823205], [-118.23195315290472, 36.55691389052398], [-118.23195078238692, 36.55676458378642], [-118.23176571284452, 36.55676649607529]], [[-118.23139557370737, 36.556770319791546], [-118.23139794315755, 36.55691962656016], [-118.2315830130907, 36.55691771483527], [-118.23158064328467, 36.556768408077], [-118.23139557370737, 36.556770319791546]], [[-118.23472444758836, 36.55658655840749], [-118.23472682342704, 36.55673586499348], [-118.23491189268988, 36.55673394810997], [-118.2349095164953, 36.55658464153436], [-118.23472444758836, 36.55658655840749]], [[-118.23435430972197, 36.556590391292275], [-118.23435668484889, 36.55673969789902], [-118.2345417541467, 36.556737781589824], [-118.23453937866392, 36.55658847499346], [-118.23435430972197, 36.556590391292275]], [[-118.232688688458, 36.55660762505923], [-118.23269106038192, 36.55675693175925], [-118.23287612983701, 36.55675501803456], [-118.23287375755721, 36.55660571134489], [-118.232688688458, 36.55660762505923]], [[-118.23712796156586, 36.55641231020323], [-118.23713034201351, 36.556561616658094], [-118.23731541069286, 36.55655969605185], [-118.23731302988931, 36.556410389607386], [-118.23712796156586, 36.55641231020323]], [[-118.233981797388, 36.55644491639705], [-118.23398417178565, 36.55659422302841], [-118.23416924076257, 36.55659230730392], [-118.23416686600902, 36.55644300068292], [-118.233981797388, 36.55644491639705]], [[-118.23361166009352, 36.55644874696379], [-118.23361403377939, 36.556598053615886], [-118.23379910279127, 36.55659613846573], [-118.2337967287495, 36.556446831824], [-118.23361166009352, 36.55644874696379]], [[-118.23823598867818, 36.55625147592444], [-118.23823837124361, 36.556400782320765], [-118.23842343946184, 36.55639886000197], [-118.23842105654056, 36.55624955361605], [-118.23823598867818, 36.55625147592444]], [[-118.23638530909022, 36.556270683214706], [-118.23638768809684, 36.556419989715], [-118.23657275649039, 36.5564180702678], [-118.23657037712789, 36.55626876377789], [-118.23638530909022, 36.556270683214706]], [[-118.23101832839004, 36.556326221967936], [-118.23102069707608, 36.55647552876887], [-118.23120576597647, 36.55647361764936], [-118.23120339693455, 36.556324310858756], [-118.23101832839004, 36.556326221967936]], [[-118.23749333592897, 36.556109855844625], [-118.23749571705335, 36.556259162286445], [-118.23768078498587, 36.55625724112668], [-118.23767840350563, 36.55610793469526], [-118.23749333592897, 36.556109855844625]], [[-118.23564265919889, 36.556129051544644], [-118.2356450367645, 36.55627835809037], [-118.23583010487218, 36.5562764398022], [-118.23582772695072, 36.55612713326685], [-118.23564265919889, 36.556129051544644]], [[-118.23397704864516, 36.5561463031227], [-118.23397942300782, 36.556295609761804], [-118.23416449127298, 36.55629369405807], [-118.23416211655442, 36.55614438742932], [-118.23397704864516, 36.5561463031227]], [[-118.2323114366755, 36.55616353144093], [-118.23231380783528, 36.556312838173305], [-118.23249887625762, 36.556310925054014], [-118.23249650474199, 36.556161618331984], [-118.2323114366755, 36.55616353144093]], [[-118.23194130049015, 36.55616735679735], [-118.23194367093816, 36.55631666355044], [-118.23212873939545, 36.55631475100545], [-118.23212636859157, 36.55616544426272], [-118.23194130049015, 36.55616735679735]], [[-118.2382312236, 36.55595286312013], [-118.23823360613032, 36.55610216952423], [-118.2384186736368, 36.55610024722624], [-118.2384162907506, 36.55595094083255], [-118.2382312236, 36.55595286312013]], [[-118.23675068576382, 36.55596823108323], [-118.23675306544715, 36.55611753757052], [-118.2369381330939, 36.55611561756978], [-118.23693575305468, 36.55596631109288], [-118.23675068576382, 36.55596823108323]], [[-118.23490001189201, 36.555987415193115], [-118.2349023880166, 36.55613672178424], [-118.23508745583841, 36.55613480465507], [-118.23508507935794, 36.55598549807432], [-118.23490001189201, 36.555987415193115]], [[-118.23323440391162, 36.55600465634014], [-118.23323677683332, 36.55615396302461], [-118.23342184481248, 36.556152048479866], [-118.23341947153492, 36.55600274180576], [-118.23323440391162, 36.55600465634014]], [[-118.23156879451619, 36.55602187422746], [-118.23157116423499, 36.55617118100513], [-118.2317562323713, 36.55616926904483], [-118.23175386229663, 36.5560199622775], [-118.23156879451619, 36.55602187422746]], [[-118.23119865890303, 36.55602569726591], [-118.23120102791007, 36.55617500406428], [-118.23138609608125, 36.556173092678286], [-118.23138372671832, 36.556023785890254], [-118.23119865890303, 36.55602569726591]], [[-118.23748857373285, 36.55581124294933], [-118.23749095482215, 36.55596054939892], [-118.23767602204292, 36.55595862825995], [-118.23767364059773, 36.55580932182077], [-118.23748857373285, 36.55581124294933]], [[-118.23600803818286, 36.55582660164033], [-118.23601041642519, 36.555975908173046], [-118.23619548378612, 36.55597398933133], [-118.23619310518792, 36.55582468280899], [-118.23600803818286, 36.55582660164033]], [[-118.23563790412022, 36.55583043844154], [-118.2356402816508, 36.55597974499503], [-118.23582534904675, 36.55597782672761], [-118.23582297116027, 36.555828520184505], [-118.23563790412022, 36.55583043844154]], [[-118.23249176176307, 36.5558630048763], [-118.2324941332438, 36.556012311606075], [-118.23267920093694, 36.55601039822033], [-118.23267682910034, 36.55586109150091], [-118.23249176176307, 36.5558630048763]], [[-118.23822645859195, 36.5556542503003], [-118.23822884108719, 36.555803556712156], [-118.23841390788193, 36.55580163443498], [-118.23841152503083, 36.555652328033524], [-118.23822645859195, 36.5556542503003]], [[-118.2367459264497, 36.55566961809701], [-118.236748306098, 36.55581892459207], [-118.236933373033, 36.55581700461211], [-118.23693099302884, 36.55566769812746], [-118.2367459264497, 36.55566961809701]], [[-118.23526539318622, 36.55568496751598], [-118.23526776998757, 36.555834274094124], [-118.23545283706264, 36.5558323564114], [-118.23545045990544, 36.55568304984365], [-118.23526539318622, 36.55568496751598]], [[-118.235082702895, 36.55583619148968], [-118.23508032644952, 36.555686884901164], [-118.2348952596953, 36.555688801999196], [-118.23489763578492, 36.55583810859809], [-118.235082702895, 36.55583619148968]], [[-118.2348905075686, 36.55539018878977], [-118.23452275077408, 36.55554332871028], [-118.23452512613444, 36.555692635333806], [-118.2348952596953, 36.555688801999196], [-118.2348905075686, 36.55539018878977]], [[-118.23470306582738, 36.555242798958986], [-118.2345180001058, 36.555244715451586], [-118.23452037543119, 36.55539402208287], [-118.23470544150862, 36.55539210557989], [-118.23470306582738, 36.555242798958986]], [[-118.23156405513092, 36.555723260660486], [-118.23156642481484, 36.55587256744591], [-118.23175149223938, 36.555870655506304], [-118.2317491221996, 36.555721348731225], [-118.23156405513092, 36.555723260660486]], [[-118.23785394389562, 36.55550878753584], [-118.2378563256616, 36.55565809397239], [-118.23804139213554, 36.55565617227992], [-118.2380390100137, 36.55550686585378], [-118.23785394389562, 36.55550878753584]], [[-118.23748381160681, 36.55551263003852], [-118.23748619266107, 36.555661936495866], [-118.2376712591701, 36.555660015377704], [-118.23766887775997, 36.55551070893076], [-118.23748381160681, 36.55551263003852]], [[-118.23600328175073, 36.555527988563234], [-118.23600565995802, 36.55567729510372], [-118.23619072660723, 36.55567537628277], [-118.23618834804404, 36.55552606975267], [-118.23600328175073, 36.555527988563234]], [[-118.23415261785496, 36.55554716087551], [-118.2341549925036, 36.555696467519795], [-118.23434005932776, 36.555694551570376], [-118.23433768432326, 36.55554524493647], [-118.23415261785496, 36.55554716087551]], [[-118.23248701885399, 36.5555643914051], [-118.2324893902998, 36.55571369814263], [-118.2326744572812, 36.5557117847776], [-118.23267208547952, 36.55556247805041], [-118.23248701885399, 36.5555643914051]], [[-118.23859182509085, 36.555351792685876], [-118.23859420826273, 36.55550109908468], [-118.23877927431066, 36.55549917625402], [-118.2387768907829, 36.555349869865616], [-118.23859182509085, 36.555351792685876]], [[-118.23822169365408, 36.55535563746495], [-118.23822407611426, 36.555504943884564], [-118.23840914219726, 36.55550302162819], [-118.23840675938122, 36.555353715218985], [-118.23822169365408, 36.55535563746495]], [[-118.23526063963604, 36.555386354348066], [-118.23526301640237, 36.55553566093397], [-118.23544808276573, 36.555533743272015], [-118.23544570564351, 36.55538443669651], [-118.23526063963604, 36.555386354348066]], [[-118.23378011094654, 36.55540168522328], [-118.23378248486596, 36.55555099189216], [-118.23396755136922, 36.55554907652741], [-118.23396517709392, 36.5553997698689], [-118.23378011094654, 36.55540168522328]], [[-118.23340997859934, 36.55540551507058], [-118.233412351807, 36.55555482176018], [-118.23359741834523, 36.55555290696975], [-118.23359504478167, 36.5554036002905], [-118.23340997859934, 36.55540551507058]], [[-118.23211451483391, 36.555418910490864], [-118.23211688555054, 36.55556821725298], [-118.23230195221099, 36.55556630447261], [-118.23229958113849, 36.55541699772084], [-118.23211451483391, 36.555418910490864]], [[-118.2317443821724, 36.55542273516944], [-118.23174675217727, 36.55557204195227], [-118.23193181887264, 36.55557012974621], [-118.23192944851186, 36.555420822973716], [-118.2317443821724, 36.55542273516944]], [[-118.23784918041625, 36.55521017465111], [-118.23785156214716, 36.55535948109543], [-118.2380366279094, 36.55535755942376], [-118.23803424582262, 36.55520825298985], [-118.23784918041625, 36.55521017465111]], [[-118.23414786861015, 36.555248547575346], [-118.23415024322384, 36.55539785422738], [-118.23433530933623, 36.555395938298716], [-118.23433293436672, 36.55524663165704], [-118.23414786861015, 36.555248547575346]], [[-118.23858705879968, 36.55505317987661], [-118.23858944193648, 36.55520248628318], [-118.23877450727268, 36.55520056347333], [-118.23877212378004, 36.55505125707717], [-118.23858705879968, 36.55505317987661]], [[-118.23377536316012, 36.55510307187385], [-118.23377773704459, 36.5552523785505], [-118.23396280283612, 36.5552504632065], [-118.23396042859578, 36.55510115654022], [-118.23377536316012, 36.55510307187385]], [[-118.23210977345303, 36.555120296954954], [-118.23211214413476, 36.55526960372484], [-118.23229721008347, 36.55526769096518], [-118.23229483904588, 36.55511838420564], [-118.23210977345303, 36.555120296954954]], [[-118.23173964221496, 36.55512412159213], [-118.23174201218495, 36.55527342838272], [-118.23192707816858, 36.55527151619735], [-118.23192470784272, 36.55512220941711], [-118.23173964221496, 36.55512412159213]], [[-118.23895480491187, 36.554900027600965], [-118.23895718874284, 36.555049333990596], [-118.23914225368809, 36.55504741061686], [-118.23913986950126, 36.554898104237644], [-118.23895480491187, 36.554900027600965]], [[-118.23784441700705, 36.554911561750856], [-118.23784679870288, 36.55506086820292], [-118.23803186375339, 36.555058946552066], [-118.23802948170169, 36.5549096401104], [-118.23784441700705, 36.554911561750856]], [[-118.23617883396642, 36.55492884359348], [-118.23618121245957, 36.555078150139096], [-118.2363662776678, 36.555076231072555], [-118.2363638988188, 36.55492692453732], [-118.23617883396642, 36.55492884359348]], [[-118.23303272879917, 36.55496142361494], [-118.23303510124275, 36.55511073033693], [-118.2332201667483, 36.555108816151886], [-118.23321779394888, 36.554959509440266], [-118.23303272879917, 36.55496142361494]], [[-118.23858229257871, 36.55475456705184], [-118.23858467568041, 36.55490387346617], [-118.2387697403049, 36.554901950677134], [-118.23876735684735, 36.55475264427321], [-118.23858229257871, 36.55475456705184]], [[-118.23691671337177, 36.55477185913804], [-118.23691909327081, 36.55492116564597], [-118.23710415805311, 36.55491924544124], [-118.23710177779822, 36.5547699389437], [-118.23691671337177, 36.55477185913804]], [[-118.23543619732968, 36.55478721035562], [-118.23543857438189, 36.554936516946654], [-118.23562363930428, 36.55493459903908], [-118.23562126189623, 36.554785292458426], [-118.23543619732968, 36.55478721035562]], [[-118.23229009702312, 36.55481977067493], [-118.23229246802578, 36.55496907744223], [-118.2324775332453, 36.55496716441613], [-118.23247516188678, 36.55481785765918], [-118.23229009702312, 36.55481977067493]], [[-118.23932016504041, 36.554597567837924], [-118.23932254954798, 36.55474687421449], [-118.2395076137464, 36.5547449502873], [-118.23950522888299, 36.55459564392115], [-118.23932016504041, 36.554597567837924]], [[-118.2376545896675, 36.55461487016759], [-118.2376569709724, 36.554764176637825], [-118.23784203532875, 36.554762255294904], [-118.23783965366799, 36.55461294883508], [-118.2376545896675, 36.55461487016759]], [[-118.23654420529651, 36.5546263921327], [-118.23654658446631, 36.55477569866529], [-118.2367316489278, 36.55477377904524], [-118.23672926940213, 36.554624472523024], [-118.23654420529651, 36.5546263921327]], [[-118.23617407703269, 36.5546302304906], [-118.23617645549082, 36.55477953704398], [-118.23636151998731, 36.55477761799821], [-118.23635914117335, 36.55462831145522], [-118.23617407703269, 36.5546302304906]], [[-118.2350636918211, 36.55464173867291], [-118.2350660681441, 36.55479104528858], [-118.23525113274565, 36.55478912796567], [-118.2352487560668, 36.55463982136038], [-118.2350636918211, 36.55464173867291]], [[-118.23469356327723, 36.55464557243654], [-118.23469593888854, 36.55479487907297], [-118.23488100352506, 36.55479296232434], [-118.23487862755792, 36.5546436556983], [-118.23469356327723, 36.55464557243654]], [[-118.23857752642793, 36.554455954211534], [-118.23857990949455, 36.55460526063363], [-118.23876497340733, 36.55460333786541], [-118.23876258998487, 36.554454031453716], [-118.23857752642793, 36.554455954211534]], [[-118.23728208103823, 36.554469405476276], [-118.23728446161392, 36.55461871197119], [-118.23746952564947, 36.554616791212965], [-118.23746714471791, 36.55446748472844], [-118.23728208103823, 36.554469405476276]], [[-118.23691195362626, 36.55447324611051], [-118.23691433349025, 36.55462255262623], [-118.23709939756087, 36.55462063244228], [-118.23709701734101, 36.55447132593697], [-118.23691195362626, 36.55447324611051]], [[-118.23580157096993, 36.5544847611219], [-118.23580394869884, 36.55463406769994], [-118.23598901287453, 36.554632149238834], [-118.23598663478977, 36.554482842671185], [-118.23580157096993, 36.5544847611219]], [[-118.23543144327778, 36.55448859716189], [-118.23543382029499, 36.554637903760714], [-118.23561888450567, 36.554635985873894], [-118.23561650713259, 36.55448667928547], [-118.23543144327778, 36.55448859716189]], [[-118.23395093180926, 36.554503929836294], [-118.23395330597967, 36.55465323651811], [-118.2341383703303, 36.55465132092843], [-118.23413599580402, 36.55450201425699], [-118.23395093180926, 36.554503929836294]], [[-118.23228535507016, 36.5545211571287], [-118.2322877260379, 36.55467046390375], [-118.23247279054573, 36.55466855089837], [-118.23247041922214, 36.55451924413366], [-118.23228535507016, 36.5545211571287]], [[-118.23931539607794, 36.55429895507314], [-118.23931778055041, 36.554448261457466], [-118.23950284403715, 36.554446337551106], [-118.23950045920883, 36.55429703117719], [-118.23931539607794, 36.55429895507314]], [[-118.23764982711023, 36.55431625721548], [-118.2376522083801, 36.55446556369346], [-118.23783727202475, 36.55446364237136], [-118.23783489039904, 36.554314335903776], [-118.23764982711023, 36.55431625721548]], [[-118.23653944700943, 36.554327779055846], [-118.2365418261442, 36.55447708559621], [-118.23672688989399, 36.554475165996934], [-118.23672451040338, 36.55432585946696], [-118.23653944700943, 36.554327779055846]], [[-118.236169320169, 36.55433161737219], [-118.23617169859209, 36.55448092393333], [-118.23635676237691, 36.55447900490833], [-118.23635438359798, 36.55432969835759], [-118.236169320169, 36.55433161737219]], [[-118.23468881210712, 36.55434695915204], [-118.23469118768344, 36.554496265796224], [-118.23487625160826, 36.55449434906835], [-118.2348738756761, 36.55434504243454], [-118.23468881210712, 36.55434695915204]], [[-118.23320830292592, 36.55436228255497], [-118.23321067565546, 36.55451158928211], [-118.23339573972011, 36.55450967485137], [-118.23339336663473, 36.554360368134596], [-118.23320830292592, 36.55436228255497]], [[-118.2383876974845, 36.554159263805545], [-118.2383900801602, 36.554308570245816], [-118.23857514337884, 36.55430664778556], [-118.2385727603473, 36.55415734135569], [-118.2383876974845, 36.554159263805545]], [[-118.23727731993942, 36.554170792474814], [-118.23727970048007, 36.554320098977485], [-118.23746476380391, 36.55431817824005], [-118.23746238290742, 36.55416887174777], [-118.23727731993942, 36.554170792474814]], [[-118.23394618352089, 36.55420531646105], [-118.23394855765633, 36.55435462315063], [-118.23413362129526, 36.55435270758168], [-118.23413124680397, 36.55420340090248], [-118.23394618352089, 36.55420531646105]], [[-118.23246567662729, 36.55422063059262], [-118.23246804791599, 36.55436993736508], [-118.23265311169465, 36.55436802409327], [-118.23265074005013, 36.554218717331146], [-118.23246567662729, 36.55422063059262]], [[-118.23931062718569, 36.55400034229283], [-118.23931301162305, 36.55414964868492], [-118.23949807439809, 36.55414772479939], [-118.23949568960491, 36.55399841841772], [-118.23931062718569, 36.55400034229283]], [[-118.23801518975982, 36.55401380137889], [-118.23801757170628, 36.55416310784385], [-118.23820263460415, 36.55416118596827], [-118.23820025230185, 36.55401187951372], [-118.23801518975982, 36.55401380137889]], [[-118.23764506462312, 36.55401764424785], [-118.23764744585792, 36.5541669507336], [-118.23783250879086, 36.55416502943228], [-118.23783012720023, 36.55401572295695], [-118.23764506462312, 36.55401764424785]], [[-118.23320355751925, 36.55406366908905], [-118.23320593021383, 36.55421297582394], [-118.2333909935668, 36.55421106141393], [-118.23338862051635, 36.554061754689386], [-118.23320355751925, 36.55406366908905]], [[-118.23838293218573, 36.553860650913386], [-118.23838531482635, 36.55400995736141], [-118.23857037733332, 36.554008034921964], [-118.23856799433686, 36.55385872848434], [-118.23838293218573, 36.553860650913386]], [[-118.2356069978154, 36.55388945289299], [-118.23560937511846, 36.55403875949694], [-118.23579443788825, 36.554036841364514], [-118.23579206022937, 36.55388753477096], [-118.2356069978154, 36.55388945289299]], [[-118.2341264978738, 36.553904787532474], [-118.23412887233013, 36.554054094219424], [-118.2343139352399, 36.55405217838409], [-118.23431156042773, 36.5539028717075], [-118.2341264978738, 36.553904787532474]], [[-118.2324609341023, 36.55392201703605], [-118.23246330535606, 36.55407132381629], [-118.23264836842304, 36.55406941056518], [-118.23264599681345, 36.55392010379532], [-118.2324609341023, 36.55392201703605]], [[-118.23912079663855, 36.55370365306416], [-118.23912318068496, 36.55385295947443], [-118.2393082427659, 36.553851035896855], [-118.23930585836366, 36.553701729497], [-118.23912079663855, 36.55370365306416]], [[-118.23634486865734, 36.55373247211576], [-118.23634724736623, 36.55388177868203], [-118.23653230971016, 36.55387985941147], [-118.23652993064543, 36.553730552855576], [-118.23634486865734, 36.55373247211576]], [[-118.23523449636109, 36.55374398164709], [-118.23523687293495, 36.553893288275674], [-118.23542193538391, 36.553891370727904], [-118.23541955845421, 36.553742064109706], [-118.23523449636109, 36.55374398164709]], [[-118.23486437212232, 36.55374781586047], [-118.23486674798454, 36.55389712250981], [-118.23505181046848, 36.5538952055363], [-118.23504943425046, 36.55374589889735], [-118.23486437212232, 36.55374781586047]], [[-118.23338387446788, 36.553763141228664], [-118.2333862474834, 36.55391244796097], [-118.23357131010721, 36.55391053328455], [-118.23356893673585, 36.553761226562614], [-118.23338387446788, 36.553763141228664]], [[-118.23837816695713, 36.55356203800569], [-118.23838054956268, 36.55371134446147], [-118.23856561135796, 36.55370942204284], [-118.23856322839659, 36.55356011559746], [-118.23837816695713, 36.55356203800569]], [[-118.23708273638992, 36.55357548682364], [-118.23708511650463, 36.553724793352224], [-118.23727017842265, 36.55372287294352], [-118.23726779795211, 36.55357356642532], [-118.23708273638992, 36.55357548682364]], [[-118.23560224326181, 36.553590839673475], [-118.23560462052986, 36.55374014628518], [-118.23578968258799, 36.55373822817352], [-118.2357873049641, 36.55358892157221], [-118.23560224326181, 36.553590839673475]], [[-118.23412174901358, 36.55360617414692], [-118.23412412343495, 36.55375548084164], [-118.23430918563304, 36.553753565027044], [-118.23430681085583, 36.5536042583427], [-118.23412174901358, 36.55360617414692]], [[-118.23301137759316, 36.553617662942486], [-118.2330137498795, 36.55376696969939], [-118.23319881218242, 36.5537650556076], [-118.23319643954024, 36.55361574886105], [-118.23301137759316, 36.553617662942486]], [[-118.23911602859842, 36.55340504023197], [-118.23911841260971, 36.55355434665], [-118.23930347397898, 36.553552423093265], [-118.23930108961186, 36.55340311668564], [-118.23911602859842, 36.55340504023197]], [[-118.2363401112921, 36.55343385897156], [-118.23634248996596, 36.553583165545604], [-118.23652755159823, 36.553581246295806], [-118.23652517256852, 36.55343193973215], [-118.2363401112921, 36.55343385897156]], [[-118.23337912848928, 36.553464527752425], [-118.23338150146985, 36.553613834492495], [-118.23356656338198, 36.553611919836804], [-118.2335641900456, 36.553462613107094], [-118.23337912848928, 36.553464527752425]], [[-118.24225967339503, 36.553222994650326], [-118.2422620634378, 36.553372300895006], [-118.24244712415248, 36.55337037246751], [-118.24244473375389, 36.553221066233284], [-118.24225967339503, 36.553222994650326]], [[-118.23707797621309, 36.55327687375482], [-118.23708035629274, 36.55342618029116], [-118.2372654174991, 36.553424259903245], [-118.2372630370636, 36.55327495337729], [-118.23707797621309, 36.55327687375482]], [[-118.24133198309084, 36.553083326127975], [-118.24133437133692, 36.55323263242872], [-118.2415194317837, 36.55323070544729], [-118.24151704318183, 36.55308139915698], [-118.24133198309084, 36.553083326127975]], [[-118.24040668237228, 36.5530929566761], [-118.24040906883926, 36.553242263028984], [-118.24059412937393, 36.553240337483174], [-118.24059174255115, 36.553091031140724], [-118.24040668237228, 36.5530929566761]], [[-118.23911126062846, 36.55310642738426], [-118.23911364460464, 36.55325573381006], [-118.23929870526227, 36.553253810274136], [-118.23929632093025, 36.553104503858755], [-118.23911126062846, 36.55310642738426]], [[-118.23781583802462, 36.55311988402331], [-118.23781821951005, 36.55326919052195], [-118.23800328029047, 36.553267268995924], [-118.23800089844923, 36.55311796250768], [-118.23781583802462, 36.55311988402331]], [[-118.23503992955324, 36.55314867230269], [-118.23504230570131, 36.553297978957175], [-118.23522736674445, 36.55329606173806], [-118.23522499024055, 36.553146755093955], [-118.23503992955324, 36.55314867230269]], [[-118.24077441555141, 36.55293979898232], [-118.24077680271245, 36.55308910531822], [-118.24096186285615, 36.553087179208596], [-118.24095947533931, 36.55293787288311], [-118.24077441555141, 36.55293979898232]], [[-118.2394789965442, 36.55295327363727], [-118.2394813812145, 36.55310258004612], [-118.23966644148116, 36.553100655946366], [-118.23966405645507, 36.55295134954793], [-118.2394789965442, 36.55295327363727]], [[-118.23818357667675, 36.55296673422321], [-118.23818595885626, 36.55311604070492], [-118.23837101924582, 36.553114118615035], [-118.23836863671045, 36.55296481214373], [-118.23818357667675, 36.55296673422321]], [[-118.23577779464364, 36.55299169512812], [-118.2357801721975, 36.55314100174497], [-118.23596523281482, 36.55313908338773], [-118.23596285490513, 36.55298977678126], [-118.23577779464364, 36.55299169512812]], [[-118.23892143312099, 36.552809737738585], [-118.23892381670628, 36.55295904418255], [-118.2391088766698, 36.55295712095458], [-118.23910649272871, 36.55280781452103], [-118.23892143312099, 36.552809737738585]], [[-118.23781107510635, 36.55282127101439], [-118.23781345655672, 36.55297057752079], [-118.23799851662548, 36.552968656015565], [-118.2379961348193, 36.55281934951955], [-118.23781107510635, 36.55282127101439]], [[-118.23651565662492, 36.55283471343875], [-118.23651803558455, 36.55298402001792], [-118.23670309577598, 36.552982100522556], [-118.23670071646053, 36.55283279395378], [-118.23651565662492, 36.55283471343875]], [[-118.2350351773096, 36.55285005898209], [-118.23503755342267, 36.552999365644325], [-118.23522261375416, 36.55299744844597], [-118.23522023728526, 36.552848141794094], [-118.2350351773096, 36.55285005898209]], [[-118.2407696412821, 36.552641186298864], [-118.24077202840797, 36.55279049264253], [-118.24095708784004, 36.55278856655376], [-118.24095470035834, 36.55263926022051], [-118.2407696412821, 36.552641186298864]], [[-118.2405869689583, 36.552792418444184], [-118.24058458218823, 36.55264311209009], [-118.24039952307682, 36.55264503759419], [-118.24040190949107, 36.55279434395871], [-118.2405869689583, 36.552792418444184]], [[-118.24039713668016, 36.552495731225804], [-118.24021207790697, 36.552497656432365], [-118.24021446394785, 36.55264696281118], [-118.24039952307682, 36.55264503759419], [-118.24039713668016, 36.552495731225804]], [[-118.23854893099686, 36.55266427684368], [-118.23855131385295, 36.55281358331234], [-118.23873637349575, 36.55281166066903], [-118.23873399028385, 36.55266235421077], [-118.23854893099686, 36.55266427684368]], [[-118.23817881237025, 36.55266812124813], [-118.23818119451472, 36.55281742773761], [-118.2383662541926, 36.55281550566853], [-118.23836387169231, 36.55266619918945], [-118.23817881237025, 36.55266812124813]], [[-118.23688339662488, 36.552681567619416], [-118.23688577627864, 36.55283087418169], [-118.23707083607921, 36.55282895412247], [-118.23706845606966, 36.552679647570606], [-118.23688339662488, 36.552681567619416]], [[-118.23577303958842, 36.55269308188281], [-118.23577541710729, 36.55284238850741], [-118.23596047701295, 36.55284047017093], [-118.23595809913827, 36.55269116355671], [-118.23577303958842, 36.55269308188281]], [[-118.24261784058709, 36.55247260635185], [-118.24262023125348, 36.55262191259506], [-118.24280529015385, 36.55261998364553], [-118.24280289913165, 36.55247067741275], [-118.24261784058709, 36.55247260635185]], [[-118.2389166660031, 36.55251112483901], [-118.23891904955327, 36.55266043129073], [-118.23910410880517, 36.55265850808359], [-118.23910172489916, 36.55250920164227], [-118.2389166660031, 36.55251112483901]], [[-118.23762125323935, 36.55252457917684], [-118.23762363429884, 36.55267388570141], [-118.23780869367351, 36.55267196450411], [-118.2378063122582, 36.55252265798993], [-118.23762125323935, 36.55252457917684]], [[-118.23651089875818, 36.55253610026877], [-118.23651327768277, 36.5526854068557], [-118.23669833716258, 36.552683487381124], [-118.23669595788216, 36.552534180804585], [-118.23651089875818, 36.55253610026877]], [[-118.2415027119398, 36.55218556133362], [-118.24132243028242, 36.552486100886206], [-118.24169254760027, 36.55248224674055], [-118.2416901587305, 36.55233294044126], [-118.24187521700725, 36.5523310129482], [-118.24187282779924, 36.55218170665545], [-118.2415027119398, 36.55218556133362]], [[-118.24131765398369, 36.552187488242026], [-118.24113259600999, 36.552189414863314], [-118.24113498379478, 36.55233872119779], [-118.24132004212426, 36.55233679456607], [-118.24131765398369, 36.552187488242026]], [[-118.24076486708306, 36.552342573599894], [-118.24076725417378, 36.55249187995132], [-118.24095231289424, 36.552489953883395], [-118.24094992544771, 36.552340647542394], [-118.24076486708306, 36.552342573599894]], [[-118.23687863736993, 36.55238295448325], [-118.23688101698865, 36.55253226105327], [-118.2370660760776, 36.55253034101483], [-118.23706369610308, 36.552381034455216], [-118.23687863736993, 36.55238295448325]], [[-118.24020730587795, 36.55219904366308], [-118.24020969188368, 36.55234835004967], [-118.24039475030105, 36.55234642485352], [-118.24039236393949, 36.55219711847735], [-118.24020730587795, 36.55219904366308]], [[-118.23891189895535, 36.5522125119239], [-118.23891428247046, 36.552361818383396], [-118.23909934101073, 36.55235989519708], [-118.23909695713982, 36.55221058874799], [-118.23891189895535, 36.5522125119239]], [[-118.23761649117294, 36.55222596611606], [-118.23761887219737, 36.5523752726484], [-118.23780393086044, 36.5523733514719], [-118.2378015494802, 36.552224044949966], [-118.23761649117294, 36.55222596611606]], [[-118.24057503528371, 36.55204588663491], [-118.24057742198349, 36.552195193004515], [-118.2407624800099, 36.55219326724457], [-118.2407600929543, 36.55204396088537], [-118.24057503528371, 36.55204588663491]], [[-118.23927963109759, 36.552059358842406], [-118.23928201530673, 36.55220866528496], [-118.23946707345608, 36.55220674153481], [-118.23946468889113, 36.552057435102675], [-118.23927963109759, 36.552059358842406]], [[-118.23835434186658, 36.552068973234356], [-118.23835672429671, 36.55221827972896], [-118.2385417825338, 36.55221635741439], [-118.23853939974786, 36.552067050930205], [-118.23835434186658, 36.552068973234356]], [[-118.23798422605138, 36.552072816981344], [-118.2379866077699, 36.55222212349675], [-118.23817166604206, 36.55222020175641], [-118.23816928396775, 36.55207089525141], [-118.23798422605138, 36.552072816981344]], [[-118.24408873457529, 36.55185994212249], [-118.24409112801767, 36.552009248297644], [-118.24427618535395, 36.55200731709299], [-118.24427379155576, 36.55185801092828], [-118.24408873457529, 36.55185994212249]], [[-118.24205310662776, 36.551881166309464], [-118.24205549615638, 36.55203047259953], [-118.24224055368633, 36.55202854455311], [-118.24223816380191, 36.55187923827348], [-118.24205310662776, 36.551881166309464]], [[-118.24112782049322, 36.55189080218277], [-118.24113020824281, 36.55204010852499], [-118.24131526586069, 36.55203818191412], [-118.24131287775528, 36.55188887558233], [-118.24112782049322, 36.55189080218277]], [[-118.23872207448743, 36.55191582186125], [-118.23872445761161, 36.55206512833892], [-118.23890951545782, 36.55206320546053], [-118.23890713197783, 36.55191389899327], [-118.23872207448743, 36.55191582186125]], [[-118.24464151097163, 36.55170484153087], [-118.2446439054638, 36.55185414767853], [-118.2448289623914, 36.55185221562301], [-118.24482656754344, 36.5517029094858], [-118.24464151097163, 36.55170484153087]], [[-118.24353117117077, 36.55171642777206], [-118.24353356352819, 36.551865733982446], [-118.24371862056151, 36.551863803649574], [-118.24371622784831, 36.55171449744962], [-118.24353117117077, 36.55171642777206]], [[-118.24149554655617, 36.551737642369545], [-118.24149793499979, 36.55188694869477], [-118.24168299222671, 36.55188502152012], [-118.24168060342728, 36.55173571520532], [-118.24149554655617, 36.551737642369545]], [[-118.24057026193685, 36.551747273884025], [-118.2405726486015, 36.5518965802614], [-118.24075770591631, 36.55189465452229], [-118.24075531889588, 36.55174534815534], [-118.24057026193685, 36.551747273884025]], [[-118.24408394774335, 36.55156132976052], [-118.24408634115052, 36.551710635943444], [-118.24427139777517, 36.5517087047597], [-118.24426900401221, 36.55155939858723], [-118.24408394774335, 36.55156132976052]], [[-118.24297360976014, 36.55157291077106], [-118.24297600103255, 36.55172221701667], [-118.2431610577629, 36.55172028755558], [-118.2431586661347, 36.551570981320396], [-118.24297360976014, 36.55157291077106]], [[-118.24093798847865, 36.551594115779146], [-118.24094037583731, 36.55174342213955], [-118.24112543276118, 36.55174149583666], [-118.24112304504672, 36.551592189486676], [-118.24093798847865, 36.551594115779146]], [[-118.24001270537474, 36.55160374293485], [-118.2400150909544, 36.55175304934738], [-118.24020014796612, 36.55175112448005], [-118.24019776203066, 36.551601818077934], [-118.24001270537474, 36.55160374293485]], [[-118.24352638650883, 36.551417815339605], [-118.243528778831, 36.55156712155777], [-118.24371383515275, 36.55156519124579], [-118.24371144247479, 36.551415885038075], [-118.24352638650883, 36.551417815339605]], [[-118.24241605034344, 36.55142939111954], [-118.24241844053086, 36.55157869740038], [-118.24260349695822, 36.551576768811046], [-118.24260110641501, 36.551427462540644], [-118.24241605034344, 36.55142939111954]], [[-118.24149076972165, 36.551439029707396], [-118.24149315813013, 36.55158833604042], [-118.24167821464545, 36.55158640888663], [-118.24167582588117, 36.55143710256404], [-118.24149076972165, 36.551439029707396]], [[-118.24038043239531, 36.55145058653832], [-118.240382818669, 36.5515998929339], [-118.2405678752898, 36.55159796750276], [-118.24056548866031, 36.5514486611176], [-118.24038043239531, 36.55145058653832]], [[-118.24389410540697, 36.551264648248306], [-118.24389649842311, 36.551413954449444], [-118.24408155435381, 36.551412023573704], [-118.24407916098188, 36.55126271738302], [-118.24389410540697, 36.551264648248306]], [[-118.24296882726816, 36.55127429826816], [-118.24297121850535, 36.551423604521545], [-118.24315627452411, 36.551421675081336], [-118.24315388293114, 36.5512723688384], [-118.24296882726816, 36.55127429826816]], [[-118.24185849292067, 36.55128586881756], [-118.24186088202313, 36.55143517513358], [-118.2420459381475, 36.551433247416], [-118.24204354868925, 36.55128394111043], [-118.24185849292067, 36.55128586881756]], [[-118.24093321381406, 36.55129550304667], [-118.24093560113756, 36.551444809414846], [-118.24112065734984, 36.5514428831328], [-118.24111826967055, 36.551293576775066], [-118.24093321381406, 36.55129550304667]], [[-118.24333654664535, 36.551121132885164], [-118.24333893857651, 36.55127043912153], [-118.24352399420428, 36.551268509117556], [-118.24352160191734, 36.551119202891634], [-118.24333654664535, 36.551121132885164]], [[-118.24222621464381, 36.55113270681716], [-118.24222860444023, 36.55128201311618], [-118.24241366017361, 36.551280084834836], [-118.24241127002138, 36.55113077854624], [-118.24222621464381, 36.55113270681716]], [[-118.24130093749196, 36.55114234386514], [-118.24130332550945, 36.55129165021635], [-118.24148838133078, 36.55128972337052], [-118.24148599295748, 36.55114041702974], [-118.24130093749196, 36.55114234386514]], [[-118.24388931942757, 36.55096603583438], [-118.24389171240847, 36.55111534204328], [-118.24407676762759, 36.551113411188446], [-118.2440743742909, 36.550964104989994], [-118.24388931942757, 36.55096603583438]], [[-118.24277898987759, 36.55097761487153], [-118.24278138072377, 36.551126921143116], [-118.24296643604858, 36.551124992010905], [-118.2429640448466, 36.550975685749755], [-118.24277898987759, 36.55097761487153]], [[-118.24166865969397, 36.55098918357304], [-118.24167104840544, 36.55113848990725], [-118.2418561038358, 36.55113656249765], [-118.24185371476854, 36.55098725617387], [-118.24166865969397, 36.55098918357304]], [[-118.24314670825784, 36.550824450086296], [-118.243149099798, 36.55097375634088], [-118.24333415473183, 36.550971826644904], [-118.24333176283588, 36.55082252040076], [-118.24314670825784, 36.550824450086296]], [[-118.2422214351037, 36.550834094207445], [-118.24222382486494, 36.55098340051424], [-118.24240887988677, 36.550981472253774], [-118.24240648976972, 36.55083216595741], [-118.2422214351037, 36.550834094207445]], [[-118.2436994793492, 36.55066935394128], [-118.2437018719391, 36.5508186601684], [-118.24388692646428, 36.55081672962158], [-118.24388453351862, 36.5506674234049], [-118.2436994793492, 36.55066935394128]], [[-118.24258915396295, 36.550680931130486], [-118.24259154441816, 36.55083023742028], [-118.24277659904898, 36.550828308596046], [-118.24277420823799, 36.55067900231669], [-118.24258915396295, 36.550680931130486]], [[-118.24480740939445, 36.55050846024829], [-118.24480980410135, 36.55065776641656], [-118.24499485816503, 36.550655834157595], [-118.24499246310234, 36.55050652799978], [-118.24480740939445, 36.55050846024829]], [[-118.24314192523036, 36.550525837565466], [-118.2431443167353, 36.55067514382782], [-118.24332937095754, 36.550673214152745], [-118.24332697909684, 36.55052390790084], [-118.24314192523036, 36.550525837565466]], [[-118.24424985454301, 36.550364949067685], [-118.24425224816498, 36.55051425527121], [-118.24443730192577, 36.550512323884], [-118.24443490794803, 36.55036301769092], [-118.24424985454301, 36.550364949067685]], [[-118.2448026200335, 36.55020984790008], [-118.24480501470516, 36.55035915407613], [-118.24499006805729, 36.55035722183809], [-118.24498767302984, 36.5502079156725], [-118.2448026200335, 36.55020984790008]], [[-118.24461277844063, 36.54991316745592], [-118.24461517272124, 36.55006247365019], [-118.24480022537946, 36.550060541720164], [-118.24479783074308, 36.54991123553636], [-118.24461277844063, 36.54991316745592]], [[-118.24516314465214, 36.549608758498536], [-118.24516553996479, 36.54975806466918], [-118.2453505918586, 36.5497561318988], [-118.24534819619018, 36.54960682573862], [-118.24516314465214, 36.549608758498536]]], [[[-118.27539255606256, 36.55332114693727], [-118.27503225195005, 36.55392232318319], [-118.27540237131961, 36.55391836427251], [-118.27540482517905, 36.55406766859659], [-118.27725296708319, 36.55389855249191], [-118.27725542450078, 36.55404785670875], [-118.27596246011035, 36.55421103233305], [-118.27596491507336, 36.554360336617194], [-118.27559479367727, 36.55436429731492], [-118.27559233942588, 36.55421499300934], [-118.27522221866914, 36.55421895253713], [-118.27521976514748, 36.55406964820621], [-118.27503470509784, 36.5540716275287], [-118.27503961144761, 36.55437023620806], [-118.27466948987087, 36.55437419403453], [-118.2746719423612, 36.554523498389806], [-118.27429936822192, 36.55437815071251], [-118.27430182000059, 36.5545274550892], [-118.27411675879321, 36.554529433008206], [-118.27412656466507, 36.555126650518915], [-118.27431162729579, 36.555124672557085], [-118.2743214348798, 36.55572188996273], [-118.27450649891583, 36.55571991167094], [-118.27451630821207, 36.55631712897153], [-118.2748888921577, 36.556462475734826], [-118.27470873188282, 36.55676306325223], [-118.27508131833756, 36.55690840935458], [-118.27509849328007, 36.557953539147036], [-118.27528356258188, 36.557951559545955], [-118.27528601657325, 36.558100863775756], [-118.27510094691554, 36.55810284338756], [-118.27510830793032, 36.55855075608575], [-118.27492323718688, 36.558552735442525], [-118.27492569053871, 36.55870203967819], [-118.27455554828582, 36.55870599755168], [-118.27456045362005, 36.55900460605419], [-118.27437538175472, 36.55900658458159], [-118.27456535902651, 36.559303214541146], [-118.27419521385416, 36.55930717135161], [-118.27419766587263, 36.55945647561068], [-118.27438273882376, 36.55945449733832], [-118.27420256996376, 36.559755084117135], [-118.2732747511033, 36.55961566697347], [-118.27327230084633, 36.55946636266477], [-118.27308722778695, 36.559468339214064], [-118.27308967768798, 36.55961764353345], [-118.27290460425466, 36.55961961980626], [-118.27290215470953, 36.55947031547617], [-118.27253200850059, 36.559474267138846], [-118.27253445733388, 36.55962357149032], [-118.2719792368175, 36.55962949686257], [-118.27161643098569, 36.56008135886627], [-118.27124628167708, 36.56008530659391], [-118.27106609912974, 36.560385888865916], [-118.27088102371853, 36.56038786203313], [-118.27107099133578, 36.56068449768932], [-118.27088591521272, 36.5606864708779], [-118.2708908067789, 36.5609850797071], [-118.27070572992594, 36.56098705262984], [-118.27071062085224, 36.56128566146486], [-118.27052554326941, 36.56128763412176], [-118.27053287872606, 36.561735547377154], [-118.27034780005732, 36.56173751977889], [-118.27036002439864, 36.562484041846815], [-118.26999230765792, 36.5626372903187], [-118.26999964039685, 36.563085203565166], [-118.26963192009637, 36.56323845097934], [-118.26983655445501, 36.56443091482685], [-118.26965146930668, 36.564432886271824], [-118.26947127091084, 36.564733466235175], [-118.26910109910021, 36.56473740773165], [-118.26873825323611, 36.56518926138637], [-118.26855316619984, 36.565191231161286], [-118.26855072453172, 36.56504192671878], [-118.26836563783347, 36.565043896195775], [-118.26836807914556, 36.56519320064894], [-118.2679979049831, 36.56519713876254], [-118.26800034560117, 36.56534644323314], [-118.26651964538469, 36.56536218428314], [-118.26633943265838, 36.565662759743], [-118.26615434432054, 36.5656647258157], [-118.26615190722683, 36.56551542124639], [-118.26596681922707, 36.56551738702121], [-118.26596925596476, 36.56566669160115], [-118.2646736369721, 36.56568044405644], [-118.26449341630558, 36.56598101686226], [-118.26393814856421, 36.56598690566498], [-118.26394058143934, 36.566136210350194], [-118.26301513306534, 36.56614601932948], [-118.26301756417818, 36.5662953240639], [-118.26153684300093, 36.566311003578534], [-118.26153927128333, 36.56646030839393], [-118.26116909009808, 36.56646422542124], [-118.2611715176863, 36.56661353025396], [-118.2609864267108, 36.56661548834733], [-118.26099128122874, 36.566914098022295], [-118.26117637291628, 36.56691213990772], [-118.2611788005581, 36.567061444728786], [-118.26136389258386, 36.56705948631635], [-118.2613663205996, 36.567208791122916], [-118.2617365053096, 36.56720487341507], [-118.26230150160343, 36.56779621367413], [-118.26285678264603, 36.56779033224518], [-118.2628592135997, 36.567939636947465], [-118.26304430760085, 36.567937675885986], [-118.26304917027402, 36.568236285257655], [-118.2632342649694, 36.56823432388768], [-118.26323669668892, 36.56838362855707], [-118.2628665065681, 36.568387551030966], [-118.26287136863652, 36.56868616040054], [-118.26250117701979, 36.568690081767784], [-118.26250360736867, 36.56883938646796], [-118.26231851117738, 36.568841346731276], [-118.26231608118457, 36.568692042020494], [-118.26213098533148, 36.568694001985925], [-118.2621334149682, 36.56884330670732], [-118.26194831874113, 36.56884526639607], [-118.26194588946049, 36.56869596166406], [-118.26139060174023, 36.56870183897484], [-118.26175350690526, 36.56825000680378], [-118.26212369652865, 36.56824608779839], [-118.26211883741618, 36.56794747832063], [-118.26193374332559, 36.56794943794574], [-118.2619361725168, 36.568098742697174], [-118.26138088906947, 36.56810461988071], [-118.26138331721035, 36.56825392466006], [-118.25989770714915, 36.56797097486209], [-118.26007795022892, 36.56767040867048], [-118.25970776306096, 36.5676743212711], [-118.25952751852121, 36.56797488693054], [-118.25878714105117, 36.567982707620146], [-118.25878956418914, 36.56813201255165], [-118.25860446942096, 36.56813396701646], [-118.25861173787372, 36.56858188181939], [-118.25842664201944, 36.56858383602865], [-118.2584339095645, 36.569031750828344], [-118.25824881262413, 36.56903370478204], [-118.25826092377542, 36.56978022942337], [-118.25844602249627, 36.569778275416795], [-118.25844844513612, 36.56992758032284], [-118.25826334605918, 36.56992953434], [-118.25826576836077, 36.57007883925271], [-118.25789556944113, 36.57008274644629], [-118.25789799104835, 36.57023205137628], [-118.25604699181986, 36.57025157021214], [-118.25586672723242, 36.5705521305963], [-118.2545710216029, 36.57056577482382], [-118.25457343685342, 36.570715079932185], [-118.25438833562194, 36.5707170279689], [-118.2543931654641, 36.571015638195064], [-118.25457826740784, 36.57101369013728], [-118.25477544781167, 36.571758267184165], [-118.25422013663845, 36.57176411151568], [-118.25385717105874, 36.57221592164683], [-118.25348696131307, 36.57221981534524], [-118.25328979191463, 36.57147523600817], [-118.25254696783998, 36.57133371339244], [-118.25254937926194, 36.57148301859728], [-118.25273448245174, 36.571481073380966], [-118.25273689424758, 36.57163037857139], [-118.25255179070166, 36.571632323798234], [-118.25255661363434, 36.57193093418847], [-118.25274171789256, 36.571928988940584], [-118.25256143663802, 36.572229544563186], [-118.25237633164974, 36.57223148954482], [-118.25237392049516, 36.57208218434888], [-118.25144839706829, 36.572091904894634], [-118.25145080644211, 36.57224121014319], [-118.2494146494248, 36.57226257017546], [-118.2494170548987, 36.57241187553573], [-118.24923194925285, 36.572413815643415], [-118.2492295441351, 36.57226451027265], [-118.24904443882771, 36.57226645008252], [-118.24904684358927, 36.572415755463794], [-118.24849152649237, 36.57242157320096], [-118.24848912279926, 36.57227226778822], [-118.24830401742102, 36.5722742064488], [-118.24830642075801, 36.57242351187205], [-118.24738329339468, 36.57258250638942], [-118.24738569498622, 36.57273181185735], [-118.24683037527477, 36.572737621899705], [-118.24665006905578, 36.57303816901387], [-118.24646496171992, 36.57304010485363], [-118.24666207033209, 36.57378469646599], [-118.24611154142609, 36.57408911429693], [-118.24593842631502, 36.574837576873705], [-118.24575331463431, 36.574839511689795], [-118.24575811195395, 36.57513812269382], [-118.24557299954317, 36.57514005724351], [-118.24557779622104, 36.575438668252964], [-118.2453926830802, 36.575440602536226], [-118.24540467330276, 36.5761871300442], [-118.24558978822466, 36.5761851957086], [-118.24559458514973, 36.57648380666366], [-118.24540946951535, 36.576485741020214], [-118.2452339450755, 36.57708489703667], [-118.24504882798085, 36.57708683086035], [-118.2450584180505, 36.577684052787355], [-118.24487329951324, 36.57768598636553], [-118.24469297467407, 36.57798653063836], [-118.24432273608632, 36.57799039639965], [-118.24396207937104, 36.578591483096254], [-118.2435942326094, 36.57874465217453], [-118.24359662744432, 36.57889395770305], [-118.24322638436979, 36.57889782014116], [-118.24304605039119, 36.579198362037246], [-118.24267580578578, 36.57920222279279], [-118.2423127383444, 36.579653999157145], [-118.24194249146038, 36.57965785767617], [-118.24194488319453, 36.57980716327541], [-118.2410192638949, 36.57981680459565], [-118.24047344781525, 36.580419808630985], [-118.24010319701631, 36.580423661506245], [-118.24010558527547, 36.58057296719039], [-118.23992045949335, 36.58057489320734], [-118.23992284741381, 36.580724198898025], [-118.23955259508415, 36.58072805009052], [-118.2393722426488, 36.581028586687914], [-118.23863173485788, 36.58103628455761], [-118.23863412033688, 36.581185590309566], [-118.2382638656234, 36.58118943754075], [-118.23808350711313, 36.581489972279954], [-118.23789837899989, 36.581491895197814], [-118.23790314723027, 36.58179050675782], [-118.23716501446731, 36.58194750145406], [-118.2368019020257, 36.582399261677004], [-118.23643164126005, 36.582403103326136], [-118.2364340226211, 36.582552409168], [-118.23606376107264, 36.58255624968819], [-118.2360661417385, 36.582705555546944], [-118.23569587940726, 36.58270939493819], [-118.23569825937798, 36.58285870081384], [-118.23495773307985, 36.58286637618864], [-118.23495535453452, 36.58271707027147], [-118.23569349945407, 36.582560089058674], [-118.23586672898729, 36.581811640113216], [-118.23623698700746, 36.58180780027178], [-118.23623460609043, 36.58165849440012], [-118.2369679735733, 36.581202893796224], [-118.23696082680938, 36.58075497624778], [-118.23732869669851, 36.580601827266385], [-118.23750428974805, 36.580002681930196], [-118.23823763415879, 36.57954707382664], [-118.23839413960928, 36.57775348055212], [-118.23857925876271, 36.57775155703225], [-118.23857448863005, 36.57745294534587], [-118.2387596070534, 36.577451021559455], [-118.23875245091739, 36.577003104032], [-118.2396756503022, 36.5768441751473], [-118.23968042456927, 36.577142786739756], [-118.2398655421747, 36.5771408612499], [-118.23985837973176, 36.576692943886655], [-118.24004349625089, 36.57669101814071], [-118.24004110844884, 36.576541712355606], [-118.2404113407219, 36.57653786002244], [-118.24040895222495, 36.57638855425431], [-118.24114941513514, 36.57638084618126], [-118.24115180505703, 36.576530151907676], [-118.24152203711901, 36.57652629612608], [-118.24151725586796, 36.576227684711114], [-118.24188509512305, 36.57607452212936], [-118.24188031255272, 36.57577591073284], [-118.24224814894045, 36.5756227470735], [-118.24224097313254, 36.575174830000584], [-118.24260880595813, 36.575021665280715], [-118.24260402078465, 36.57472305391336], [-118.24297424401574, 36.574719193784595], [-118.24296706425046, 36.574271276767114], [-118.24315217477101, 36.574269346303055], [-118.24314738763654, 36.57397073495955], [-118.24333249742706, 36.57396880422905], [-118.24332770965073, 36.57367019289091], [-118.24314260057254, 36.573672123600524], [-118.24314020706701, 36.57352281791517], [-118.243325315789, 36.57352088721601], [-118.24331813430952, 36.57307297016804], [-118.24350324194536, 36.5730710392129], [-118.24349605955602, 36.57262312216132], [-118.24386387783099, 36.57246995378104], [-118.2438519040612, 36.571723425369214], [-118.24403700843874, 36.57172149364617], [-118.24402982332002, 36.571273576583835], [-118.24458034101374, 36.57096916845339], [-118.24456836100295, 36.57022264005653], [-118.24493856247665, 36.570218774233844], [-118.24511407522255, 36.56961961822973], [-118.24548427374147, 36.56961575076695], [-118.24547468321052, 36.56901852812672], [-118.24584727712846, 36.56916396524346], [-118.24602278066554, 36.56856480797679], [-118.24639297402251, 36.56856093778771], [-118.24657327134781, 36.56826039102119], [-118.24712855906125, 36.56825458278398], [-118.24730885282573, 36.567954034957594], [-118.24749394796501, 36.56795209803765], [-118.24749634936461, 36.56810140361547], [-118.24786654030231, 36.56809752889279], [-118.24786173609652, 36.56779891777519], [-118.2482319255392, 36.56779504194534], [-118.24822952275069, 36.567645736401694], [-118.2484146170894, 36.56764379806636], [-118.24840981085333, 36.56734518698839], [-118.24877999805341, 36.567341309497856], [-118.24877038294504, 36.56674408737926], [-118.2485852907781, 36.56674602622619], [-118.24858288740128, 36.56659672067633], [-118.24913335394409, 36.56629229225688], [-118.24912854517808, 36.56599368119296], [-118.24950113091383, 36.566139107106174], [-118.24968141070121, 36.56583855585626], [-118.25023668042145, 36.56583273347206], [-118.25023427394648, 36.5656834279934], [-118.25060686014633, 36.56582885044631], [-118.2506044529593, 36.565679544988676], [-118.25097222401982, 36.56552635539446], [-118.2509674083102, 36.5652277445018], [-118.2505948243883, 36.56508232311929], [-118.25058760314612, 36.56463440667646], [-118.25095536934637, 36.56448121720221], [-118.25095296160679, 36.56433191173063], [-118.25132313406938, 36.564328026617176], [-118.25150340271205, 36.56402747273787], [-118.25205865908367, 36.564021642114795], [-118.25205624926123, 36.563872336694686], [-118.25279658941768, 36.56386455855141], [-118.25279900066413, 36.564013863929425], [-118.25298408601486, 36.564011918665], [-118.2529816744124, 36.56386261329751], [-118.25335184434861, 36.56385872192803], [-118.2533494320519, 36.563709416577694], [-118.25520027710692, 36.56368994260178], [-118.25519786126799, 36.563540637353], [-118.25556802935365, 36.56353673913217], [-118.25556561282052, 36.56338743390058], [-118.25593578012302, 36.563383534551946], [-118.25648135786892, 36.562780462620736], [-118.25685152214552, 36.56277656048433], [-118.25684668429125, 36.562477950126244], [-118.25777451180942, 36.56261749499269], [-118.25813741094788, 36.562165673523666], [-118.25850757205596, 36.56216176630191], [-118.2585027279367, 36.561863156102966], [-118.25868780775208, 36.56186120208243], [-118.25868538536325, 36.56171189698771], [-118.25905554422853, 36.561707988106164], [-118.25905312114561, 36.56155868302872], [-118.25923820019553, 36.561556728167716], [-118.2592333533713, 36.56125811802233], [-118.25960108589652, 36.56110490242368], [-118.2595938137118, 36.56065698722829], [-118.26070184844664, 36.56049594395636], [-118.2608820718629, 36.56019537657549], [-118.2612522231808, 36.56019146101292], [-118.26124494170719, 36.559743546033566], [-118.261612662984, 36.55959032440616], [-118.26160780736967, 36.55929171443512], [-118.26179288083051, 36.5592897557123], [-118.26197309730698, 36.558989186758104], [-118.2623432427156, 36.558985267918956], [-118.26232866797429, 36.558089438120454], [-118.26251373851636, 36.55808747833376], [-118.26250887970053, 36.55778886839104], [-118.26232380987024, 36.55779082815652], [-118.26231895183773, 36.55749221817704], [-118.26250402095621, 36.55749025843279], [-118.26250159161091, 36.55734095344784], [-118.2623165228483, 36.55734291318148], [-118.26231166492308, 36.557044303178685], [-118.26267937135935, 36.556891078480646], [-118.26267451211794, 36.55659246849699], [-118.26174674929786, 36.556452960413544], [-118.26156653753415, 36.556753529053665], [-118.26138147010566, 36.5567554873091], [-118.26137904298503, 36.55660618224109], [-118.26119397589454, 36.556608140198776], [-118.26119640265931, 36.55675744527738], [-118.26082384165996, 36.556612055252685], [-118.2606436259281, 36.55691262256582], [-118.26027349016287, 36.55691653593918], [-118.26008357297651, 36.55661988191467], [-118.26026864017415, 36.5566179256799], [-118.26026621520658, 36.556468620544436], [-118.26063634883657, 36.55646470723463], [-118.26099920332915, 36.5560128774736], [-118.2615544003302, 36.55600700372772], [-118.26155682773525, 36.556156308800674], [-118.26248215749223, 36.556146513428246], [-118.26248458669448, 36.5562958184443], [-118.2628547191838, 36.55629189826408], [-118.26303492487989, 36.55599132777092], [-118.26340505583843, 36.55598740591026], [-118.26340262489268, 36.55583810093949], [-118.26377032342836, 36.555684872998064], [-118.2637654602029, 36.55538626307958], [-118.26395052419612, 36.55538430118672], [-118.26394079653667, 36.554787081345594], [-118.26430848904087, 36.55463385183467], [-118.26448381962985, 36.55403466934215], [-118.26485150749033, 36.55388143822714], [-118.2650195309108, 36.552834340129145], [-118.26520458872962, 36.55283237640703], [-118.26519972049155, 36.55253376651085], [-118.26538477758085, 36.552531802522886], [-118.26518755021006, 36.55178724170239], [-118.26592777134387, 36.55177938424056], [-118.26610795503751, 36.551478809313096], [-118.26647806403786, 36.55147487832794], [-118.26647319114149, 36.551176268510694], [-118.26628813736184, 36.551178234125544], [-118.26628570129634, 36.55102892920046], [-118.26647075472022, 36.55102696359626], [-118.2664658819315, 36.5507283537557], [-118.2666509346259, 36.550726387885675], [-118.26664606119738, 36.55042777805086], [-118.2664610092145, 36.5504297438996], [-118.26645857288293, 36.550280438965714], [-118.26627352123785, 36.55028240451672], [-118.26627595721368, 36.55043170946124], [-118.26609090519493, 36.55043367473581], [-118.26608846957485, 36.55028436978064], [-118.26590341789392, 36.55028633475747], [-118.26590585315823, 36.550435639723275], [-118.26535069694063, 36.55044153296318], [-118.26535313115559, 36.55059083795699], [-118.26516807869143, 36.55059280180675], [-118.26517294646358, 36.550891411803974], [-118.2648052732599, 36.55104464369879], [-118.26481013971643, 36.55134325371522], [-118.26444003110504, 36.55134717951137], [-118.26443759857936, 36.55119787448383], [-118.26425254460258, 36.55119983694063], [-118.26424524820027, 36.550751921802885], [-118.2640601952729, 36.55075388394072], [-118.26405776353037, 36.5506045788764], [-118.26350260570811, 36.55061046353553], [-118.26350017505081, 36.55046115843547], [-118.26331512276336, 36.55046311940371], [-118.26331269247967, 36.550313814289154], [-118.26368279632514, 36.5503098920868], [-118.26368036534784, 36.55016058698961], [-118.26405046841022, 36.55015666366015], [-118.26405290009903, 36.55030596873611], [-118.26516077716761, 36.55014488678175], [-118.26516321099095, 36.55029419179397], [-118.26534826274359, 36.55029222796548], [-118.26534582856448, 36.55014292296389], [-118.26590098264755, 36.5501370297878], [-118.2658985474191, 36.54998772481422], [-118.26627108527994, 36.55013309956832], [-118.26626621341796, 36.54983448965984], [-118.26515590957464, 36.54984627674566], [-118.26515347580505, 36.54969697172177], [-118.26533852613464, 36.5496950079358], [-118.26533609202721, 36.54954570291868], [-118.26552114198316, 36.54954373885626], [-118.26552357644633, 36.54969304386274], [-118.2662613416277, 36.5495358797358], [-118.26625890575947, 36.549386574767965], [-118.26662656820086, 36.54923333855609], [-118.26662169513114, 36.548934728643545], [-118.26643664670573, 36.54893669438586], [-118.26643908287588, 36.54908599935473], [-118.26606898525978, 36.54908992999943], [-118.26588880668454, 36.54939050488107], [-118.2653336579377, 36.549396397897645], [-118.26532635577665, 36.548948482811255], [-118.26495382535057, 36.548803104931984], [-118.2649513920621, 36.548653799870266], [-118.26458129629366, 36.548657725858035], [-118.26457643119339, 36.548359115680434], [-118.26494895879156, 36.548504494804675], [-118.26512913909441, 36.54820392126921], [-118.26568427935743, 36.548198029369026], [-118.26568184471776, 36.54804872433429], [-118.26586689108055, 36.54804675980408], [-118.26586932607596, 36.548196064828176], [-118.26623941945917, 36.548192134885284], [-118.26623698375234, 36.54804282988246], [-118.26660463995206, 36.547889593827165], [-118.26659976720516, 36.547590983844636], [-118.26715002795993, 36.547286475248455], [-118.26714515322233, 36.546987865298696], [-118.26733019695168, 36.5469858985465], [-118.2675274311987, 36.547730456246015], [-118.26771247667068, 36.54772848886648], [-118.26790971666627, 36.54847304573495], [-118.26809476388091, 36.54847107772803], [-118.26791459460856, 36.54877165552177], [-118.26828713015239, 36.54891702404448], [-118.2682944493888, 36.549364938619966], [-118.26847949870194, 36.54936296997497], [-118.26848925935828, 36.549960189311875], [-118.26867431007642, 36.54995822033717], [-118.26867675064116, 36.55010752515102], [-118.2690444114588, 36.54995428152649], [-118.26905905938591, 36.55085011022336], [-118.2692441121847, 36.55084814032341], [-118.26924655392456, 36.550997445081954], [-118.26961666017972, 36.55099350439947], [-118.26961910264909, 36.551142809132784], [-118.26998920954388, 36.551138867280606], [-118.26999165274277, 36.5512881719887], [-118.27054681401737, 36.551282257025214], [-118.27054925830157, 36.55143156169739], [-118.27073431237955, 36.55142958945803], [-118.27073186773957, 36.551280284796526], [-118.2709169214438, 36.551278312280736], [-118.27091936643953, 36.55142761693156], [-118.27128947450551, 36.55142367101736], [-118.27128702879821, 36.5512743663879], [-118.27165958249945, 36.55141972395478], [-118.27165713608062, 36.55127041934668], [-118.27202724329098, 36.551266471157085], [-118.2720247961786, 36.55111716656646], [-118.272209849401, 36.55111519205171], [-118.27221229686913, 36.55126449663165], [-118.27276745749549, 36.55125857133277], [-118.27276500896005, 36.55110926678491], [-118.27350767141158, 36.55125066691495], [-118.27350522145305, 36.55110136240989], [-118.27387532759136, 36.551097408499835], [-118.27387287693932, 36.550948104012285], [-118.27405792962566, 36.550946126637335], [-118.27386797568938, 36.55064949502554], [-118.27497828726749, 36.550637626597926], [-118.27498564557318, 36.551085539879466], [-118.27480059262132, 36.5510875187006], [-118.27479814019047, 36.550938214266594], [-118.27442803494417, 36.550942171026136], [-118.27443293840086, 36.551240779933096], [-118.27406528270316, 36.55139404005619], [-118.27407508705913, 36.55199125789356], [-118.2750003626721, 36.55198136633758], [-118.27499790977714, 36.55183206193761], [-118.27573567421935, 36.551674839206925], [-118.27573321993738, 36.55152553484204], [-118.27591827386622, 36.55152355455331], [-118.27592072850396, 36.551672858907466], [-118.27666094546166, 36.55166493483868], [-118.27665848940084, 36.551515630527426], [-118.27684354323931, 36.55151364880321], [-118.276836174098, 36.55106573587829], [-118.27646361290488, 36.550920394637714], [-118.27646115729021, 36.55077109029629], [-118.27683126142753, 36.55076712724222], [-118.27682634882942, 36.5504685185906], [-118.2771964514714, 36.550464554431116], [-118.27719399448794, 36.55031525012093], [-118.27774914724796, 36.55030930176079], [-118.27775160529868, 36.550458606038774], [-118.27720136549252, 36.550763163039825], [-118.27720627958604, 36.55106177163296], [-118.27739133230291, 36.551059789079666], [-118.27738887489136, 36.55091048479578], [-118.27794403186618, 36.55090453544556], [-118.27794157340543, 36.55075523118998], [-118.2783116772533, 36.55075126354255], [-118.27830921809914, 36.55060195930456], [-118.2788643726679, 36.55059600571249], [-118.27886683288932, 36.550745309918256], [-118.27905188473177, 36.550743324802646], [-118.2790543453271, 36.55089262899377], [-118.27868670081445, 36.55104590316811], [-118.27869162067259, 36.551344511573895], [-118.27850656737084, 36.5513464961583], [-118.2785090269713, 36.55149580036609], [-118.27777127035573, 36.55165304012263], [-118.27778110331862, 36.552250257071194], [-118.27741099224671, 36.55225422321082], [-118.27741590741358, 36.55255283170471], [-118.27704825174513, 36.55270610100142], [-118.2770507086622, 36.55285540526011], [-118.27631293597591, 36.55301263626663], [-118.27631539150599, 36.55316194056046], [-118.27557516017211, 36.55316986276131], [-118.275577614297, 36.55331916709413], [-118.27539255606256, 36.55332114693727]], [[-118.24078157292465, 36.576534006539795], [-118.24078396215165, 36.57668331228318], [-118.24059884570285, 36.57668523917862], [-118.24060362349712, 36.57698385067461], [-118.24041850631825, 36.57698577730353], [-118.24042328347042, 36.57728438880485], [-118.24079112993817, 36.57713122949005], [-118.24078635139624, 36.57683261802269], [-118.24115419499648, 36.5766794576302], [-118.24115180505703, 36.576530151907676], [-118.24078157292465, 36.576534006539795]], [[-118.26449111828147, 36.55448258419151], [-118.26467618006801, 36.554480621213834], [-118.2646737468104, 36.554331316278564], [-118.26448868537967, 36.55433327924561], [-118.26449111828147, 36.55448258419151]], [[-118.26665337136706, 36.550875692797256], [-118.26683842439928, 36.5508737266295], [-118.26684329864699, 36.551172336419704], [-118.26665824490321, 36.55117430260874], [-118.26666311851112, 36.551472912404705], [-118.26684817296645, 36.55147094619438], [-118.26666799219078, 36.5517715221851], [-118.26740821275067, 36.551763655536035], [-118.26740577447875, 36.55161435069035], [-118.26777832292292, 36.551759720488896], [-118.26795849932152, 36.551459142903354], [-118.2683286079629, 36.55145520617623], [-118.26832616794802, 36.55130590137606], [-118.2677710060263, 36.551311806004115], [-118.2677685670967, 36.55116250116808], [-118.26758351344264, 36.55116446879259], [-118.26758107488675, 36.55101516394204], [-118.26776612818502, 36.55101319632817], [-118.26775637271788, 36.55041597692962], [-118.26794142457514, 36.550414009071275], [-118.26775149509204, 36.55011736720703], [-118.26756644392836, 36.550119334756985], [-118.26756888237652, 36.55026863963087], [-118.26719877928377, 36.55027257389082], [-118.2672012170384, 36.550421878782124], [-118.26738626894951, 36.55041991178505], [-118.26721096823634, 36.55101909830849], [-118.26702591488423, 36.551021065061065], [-118.2670210399609, 36.550722455284365], [-118.2666509346259, 36.550726387885675], [-118.26665337136706, 36.550875692797256]], [[-118.26683111316234, 36.55042581191504], [-118.26682867611923, 36.55027650700243], [-118.26664362451004, 36.55027847312763], [-118.26664606119738, 36.55042777805086], [-118.26683111316234, 36.55042581191504]], [[-118.26645126399576, 36.54983252414075], [-118.26644882773591, 36.549683219191316], [-118.26626377751384, 36.54968518469976], [-118.26626621341796, 36.54983448965984], [-118.26645126399576, 36.54983252414075]], [[-118.26644639149401, 36.54953391423801], [-118.26663144134238, 36.54953194845312], [-118.26662900476266, 36.549382643506554], [-118.26644395527003, 36.54938460928081], [-118.26644639149401, 36.54953391423801]], [[-118.26849169956726, 36.55010949413639], [-118.26849658003916, 36.550408103773734], [-118.26868163182456, 36.55040613476705], [-118.26867675064116, 36.55010752515102], [-118.26849169956726, 36.55010949413639]], [[-118.26868895373441, 36.550854049161956], [-118.26868651307983, 36.55070474436754], [-118.26831640806799, 36.55070868213647], [-118.26831884801105, 36.550857986952195], [-118.26850390088171, 36.55085601820061], [-118.26851122188596, 36.5513039325925], [-118.26906150077, 36.55099941499255], [-118.26905905938591, 36.55085011022336], [-118.26868895373441, 36.550854049161956]], [[-118.27667813839376, 36.552710064908595], [-118.27649308169094, 36.55271204643152], [-118.27649553754064, 36.55286135072239], [-118.27668059459926, 36.55285936918874], [-118.27667813839376, 36.552710064908595]], [[-118.23899483031896, 36.580584518980885], [-118.23899721645789, 36.58073382472367], [-118.23918234268423, 36.58073190013337], [-118.23917995618896, 36.580582594400994], [-118.23899483031896, 36.580584518980885]], [[-118.24100731430731, 36.579070276299696], [-118.24100970418964, 36.57921958196666], [-118.24119482665964, 36.579217654319145], [-118.24119243642102, 36.57906834866262], [-118.24100731430731, 36.579070276299696]], [[-118.24173584638342, 36.578316035842676], [-118.24172389055045, 36.57756950756128], [-118.24153877205214, 36.57757143595618], [-118.24154355362003, 36.577870047301246], [-118.24135843439163, 36.57787197542965], [-118.24136082484571, 36.57802128110681], [-118.24099058562365, 36.57802513652231], [-118.24099536515958, 36.57832374790668], [-118.24081024480961, 36.57832567520421], [-118.24081741317667, 36.578773592282964], [-118.24119004619999, 36.578919043002216], [-118.24118765599658, 36.57876973733793], [-118.24137277738016, 36.57876780943432], [-118.2413679963136, 36.57846919811495], [-118.24173584638342, 36.578316035842676]], [[-118.24358704821034, 36.578296735565615], [-118.2435894429924, 36.57844604110581], [-118.24377456343443, 36.57844410948703], [-118.24377216829613, 36.5782948039573], [-118.24358704821034, 36.578296735565615]], [[-118.25819552885456, 36.565748995206086], [-118.25838061796155, 36.56574704148503], [-118.25838788449008, 36.56619495650623], [-118.25875806478678, 36.56619104813892], [-118.25875321899247, 36.56589243817098], [-118.2591209742112, 36.565739223728336], [-118.25911612709979, 36.5654406137794], [-118.2589310387762, 36.565442568628285], [-118.25892861560327, 36.56529326363741], [-118.2585584396146, 36.565297172452276], [-118.25819552885456, 36.565748995206086]], [[-118.25911370357083, 36.5652913087991], [-118.25910885656646, 36.56499269882685], [-118.25892376931095, 36.564994653644], [-118.25892861560327, 36.56529326363741], [-118.25911370357083, 36.5652913087991]], [[-118.25929394380415, 36.56499074372246], [-118.25929151997272, 36.5648414387411], [-118.25910643309105, 36.56484339383489], [-118.25910885656646, 36.56499269882685], [-118.25929394380415, 36.56499074372246]], [[-118.25781082441999, 36.564857071448806], [-118.25780356157703, 36.56440915622752], [-118.25798864751552, 36.56440720317612], [-118.25798380499734, 36.564108593030305], [-118.25835155345239, 36.56395538105049], [-118.25834670961717, 36.56365677092366], [-118.25797654135376, 36.56366067778246], [-118.25797896255044, 36.56380998286897], [-118.25760879350375, 36.56381388859998], [-118.25761121400626, 36.56396319370373], [-118.25724104417628, 36.56396709830697], [-118.25724346398462, 36.564116403427974], [-118.25632045536403, 36.564275465132255], [-118.25632529150968, 36.56457407546045], [-118.25614020505489, 36.56457602593729], [-118.25614745833883, 36.56502394143214], [-118.25651763336671, 36.56502004012788], [-118.25708257418995, 36.565611406411314], [-118.25763299933094, 36.56530693946269], [-118.25762573739564, 36.564859024244676], [-118.25781082441999, 36.564857071448806]], [[-118.26853851646078, 36.56429540444793], [-118.2685360749005, 36.56414609998211], [-118.26890624397099, 36.56414216029433], [-118.2689013594804, 36.56384355139365], [-118.2681610241155, 36.563851429535006], [-118.26816346492782, 36.564000734029925], [-118.26742556725775, 36.56415791215192], [-118.26724536074222, 36.564458488918525], [-118.26798570216248, 36.564450616351266], [-118.26816590575812, 36.564150038520964], [-118.26853851646078, 36.56429540444793]], [[-118.25890923086212, 36.5640988235705], [-118.25891165389234, 36.56424812859245], [-118.25928182482541, 36.56424421877673], [-118.25927940108318, 36.56409491377593], [-118.25890923086212, 36.5640988235705]], [[-118.25943297451408, 36.56215199322132], [-118.2594353983803, 36.56230129826206], [-118.25962047917437, 36.56229934277372], [-118.25961805495218, 36.56215003774356], [-118.25943297451408, 36.56215199322132]], [[-118.26239182983664, 36.56197136623684], [-118.26239425938051, 36.56212067111193], [-118.26257933953272, 36.56211871103879], [-118.26257690963291, 36.56196940617431], [-118.26239182983664, 36.56197136623684]], [[-118.26868209122938, 36.56175525847032], [-118.268684532858, 36.561904562987706], [-118.26886961204457, 36.56190259316015], [-118.26886717005998, 36.56175328865343], [-118.26868209122938, 36.56175525847032]], [[-118.26793445522063, 36.561315221162516], [-118.26793689537153, 36.561464525734195], [-118.26812197356212, 36.561462557087424], [-118.26811953305526, 36.561313252526396], [-118.26793445522063, 36.561315221162516]], [[-118.26033897200033, 36.56094777291813], [-118.26034139750354, 36.56109707793702], [-118.26052647536065, 36.56109512109736], [-118.2605240495015, 36.56094581608906], [-118.26033897200033, 36.56094777291813]], [[-118.26810245001032, 36.56026812049039], [-118.2681048903914, 36.56041742507863], [-118.26828996607242, 36.56041545621926], [-118.2682875253354, 36.56026615164168], [-118.26810245001032, 36.56026812049039]], [[-118.26717219596651, 36.55997935113147], [-118.26717463453203, 36.56012865578074], [-118.26735970959098, 36.56012668837863], [-118.26735727066954, 36.55997738374], [-118.26717219596651, 36.55997935113147]], [[-118.26550165216123, 36.55969843522954], [-118.26550408748754, 36.559847739982374], [-118.26568916199611, 36.55984577518621], [-118.2656867263139, 36.55969647044403], [-118.26550165216123, 36.55969843522954]], [[-118.26346340390612, 36.55957072404251], [-118.26346583529934, 36.559720028916104], [-118.26365090964907, 36.559718067289616], [-118.2636484778999, 36.55956876242664], [-118.26346340390612, 36.55957072404251]], [[-118.26660234714019, 36.55908942341385], [-118.26659990976806, 36.55894011870542], [-118.26641483748466, 36.55894208487366], [-118.26641727450088, 36.559091389592716], [-118.26604712916847, 36.55909532108892], [-118.2656842906496, 36.55954716569795], [-118.26660722193826, 36.55938803281904], [-118.26660478453026, 36.55923872811839], [-118.26678985750752, 36.5592367616417], [-118.26678741976153, 36.55908745694781], [-118.26660234714019, 36.55908942341385]], [[-118.26566967704039, 36.55865133713988], [-118.26567211259709, 36.55880064190928], [-118.26585718459631, 36.55879867690038], [-118.26585474868371, 36.55864937214162], [-118.26566967704039, 36.55865133713988]], [[-118.2671478112987, 36.558486304424925], [-118.26715024968469, 36.55863560911307], [-118.26733532118449, 36.558633641817444], [-118.26733288244259, 36.55848433713995], [-118.2671478112987, 36.558486304424925]], [[-118.26381652764168, 36.55852166644826], [-118.26381895962139, 36.55867097132782], [-118.2640040314439, 36.55866900920132], [-118.26400159910828, 36.55851970433236], [-118.26381652764168, 36.55852166644826]], [[-118.2649220879961, 36.55821127980204], [-118.2649245220754, 36.55836058462562], [-118.26510959307863, 36.558358620797335], [-118.26510715864343, 36.55820931598437], [-118.2649220879961, 36.55821127980204]], [[-118.2652800555861, 36.5574608278096], [-118.26528249028762, 36.55761013263135], [-118.26546755947551, 36.55760816828188], [-118.26546512441814, 36.557458863470764], [-118.2652800555861, 36.5574608278096]], [[-118.26564532245949, 36.55715828923212], [-118.2656477578369, 36.55730759404038], [-118.26583282627719, 36.55730562913786], [-118.26583039054393, 36.55715632434023], [-118.26564532245949, 36.55715828923212]], [[-118.26656578844243, 36.55684985237931], [-118.26656822556335, 36.556999157142165], [-118.26675329320219, 36.55699719082514], [-118.2667508557254, 36.55684788607292], [-118.26656578844243, 36.55684985237931]], [[-118.2647102475557, 36.5565708898996], [-118.26471268108205, 36.556720194776574], [-118.26545294940013, 36.55671233935681], [-118.26544564460447, 36.55626442484179], [-118.26507551261645, 36.55626835306219], [-118.26489531430624, 36.55656892648602], [-118.2647102475557, 36.5565708898996]], [[-118.26434011400089, 36.556574815865304], [-118.26434254681548, 36.55672412076354], [-118.26452761395772, 36.556722157913626], [-118.26452518078726, 36.556572853026026], [-118.26434011400089, 36.556574815865304]], [[-118.27192294276888, 36.55619549505708], [-118.27192783752517, 36.5564941039914], [-118.27211290357495, 36.55649212937896], [-118.27210800810697, 36.556193520466024], [-118.27192294276888, 36.55619549505708]], [[-118.267666435026, 36.55624083139901], [-118.26766887421033, 36.556390136113514], [-118.26785394031798, 36.55638816811617], [-118.2678515007778, 36.55623886341231], [-118.267666435026, 36.55624083139901]], [[-118.26711123766285, 36.556246733636186], [-118.26711367577958, 36.556396038382644], [-118.26729874194112, 36.55639407124675], [-118.26729630346853, 36.55624476651094], [-118.26711123766285, 36.556246733636186]], [[-118.26655604013818, 36.55625263328905], [-118.26655847718732, 36.55640193806745], [-118.2667435434027, 36.55639997179299], [-118.2667411059977, 36.55625066702525], [-118.26655604013818, 36.55625263328905]], [[-118.26618834470278, 36.55640586975491], [-118.26618590836534, 36.556256564955234], [-118.26600084245203, 36.55625853035759], [-118.26600327843359, 36.5564078351679], [-118.26618834470278, 36.55640586975491]], [[-118.2659984064884, 36.55610922554337], [-118.265813340913, 36.55611119064796], [-118.26581577652075, 36.556260495472806], [-118.26600084245203, 36.55625853035759], [-118.2659984064884, 36.55610922554337]], [[-118.26655360310696, 36.556103328506765], [-118.26673379389032, 36.55580275269867], [-118.2672841113748, 36.555498242773574], [-118.26709417134826, 36.55520160030213], [-118.26654385516156, 36.555506109338765], [-118.266546292121, 36.55565541413661], [-118.26617616319501, 36.555659345717636], [-118.26618103574431, 36.55595795534421], [-118.26599597054272, 36.55595992072529], [-118.2659984064884, 36.55610922554337], [-118.26655360310696, 36.556103328506765]], [[-118.2674667366625, 36.55534697066594], [-118.26746429795972, 36.55519766591356], [-118.26727923466298, 36.55519963325141], [-118.2672816730099, 36.55534893801443], [-118.2674667366625, 36.55534697066594]], [[-118.26932958377633, 36.55607380455903], [-118.2693320261454, 36.5562231091815], [-118.2695170917355, 36.55622113861048], [-118.26951464901053, 36.556071833998686], [-118.26932958377633, 36.55607380455903]], [[-118.26414288517157, 36.55583025381489], [-118.26414531754075, 36.555979558743175], [-118.26433038292157, 36.55597759623353], [-118.26432795019655, 36.55582829131588], [-118.26414288517157, 36.55583025381489]], [[-118.26802680710705, 36.555639676326784], [-118.26802924693126, 36.55578898103554], [-118.26821431157956, 36.55578701250652], [-118.26821187139952, 36.55563770780843], [-118.26802680710705, 36.555639676326784]], [[-118.26543590512786, 36.55566720543401], [-118.26543833997013, 36.5558165102918], [-118.26562340486967, 36.55581454578278], [-118.26562096967155, 36.55566524093564], [-118.26543590512786, 36.55566720543401]], [[-118.26431578683993, 36.55508176666928], [-118.26431821947541, 36.55523107160637], [-118.26450328305908, 36.55522910886272], [-118.26450085006775, 36.555079803936245], [-118.26431578683993, 36.55508176666928]], [[-118.26560879394987, 36.55491871664164], [-118.26561122905835, 36.555068021508205], [-118.26579629216073, 36.55506605676522], [-118.2657938566964, 36.55491675190928], [-118.26560879394987, 36.55491871664164]], [[-118.26615180152469, 36.55416629735156], [-118.26615423761103, 36.55431560220567], [-118.26633929888041, 36.55431363665448], [-118.26633686243828, 36.554164331811016], [-118.26615180152469, 36.55416629735156]], [[-118.26503413392015, 36.55373016978816], [-118.26503656781775, 36.553879474717725], [-118.26522162812724, 36.55387751092119], [-118.26521919387383, 36.55372820600227], [-118.26503413392015, 36.55373016978816]], [[-118.26632468049657, 36.55341780753541], [-118.26632711684903, 36.55356711239831], [-118.26651217632137, 36.5535651466132], [-118.26650973961311, 36.553415841760945], [-118.26632468049657, 36.55341780753541]], [[-118.26687742039041, 36.55326260451581], [-118.26687985779236, 36.553411909350665], [-118.26706491685508, 36.55340994271484], [-118.26706247909732, 36.55326063789064], [-118.26687742039041, 36.55326260451581]], [[-118.26557713917099, 36.55297775302245], [-118.2655795740464, 36.55312705793955], [-118.26576463252306, 36.55312509333482], [-118.26576219729182, 36.55297578842837], [-118.26557713917099, 36.55297775302245]], [[-118.26946091361097, 36.55278713155548], [-118.26946335594033, 36.55293643625281], [-118.26964841368414, 36.55293446562935], [-118.26964597099898, 36.55278516094269], [-118.26946091361097, 36.55278713155548]], [[-118.27574058283746, 36.55197344792501], [-118.27574794590014, 36.55242136097296], [-118.27593300196366, 36.5524193806199], [-118.27593054723559, 36.55227007628519], [-118.27630065859684, 36.55226611473921], [-118.27611069281174, 36.55196948699611], [-118.27574058283746, 36.55197344792501]], [[-118.26556739984849, 36.55238053331515], [-118.26556983465224, 36.552529838247814], [-118.26575489170568, 36.55252787368562], [-118.26575245654615, 36.55237856876361], [-118.26556739984849, 36.55238053331515]], [[-118.26797069610768, 36.55220566695249], [-118.2679731355188, 36.55235497175066], [-118.26815819198318, 36.55235300346672], [-118.26815575221627, 36.55220369867921], [-118.26797069610768, 36.55220566695249]], [[-118.26852342391905, 36.552050456501235], [-118.26852586437957, 36.552199761271325], [-118.26871092043427, 36.552197792136724], [-118.26870847961798, 36.5520484873773], [-118.26852342391905, 36.552050456501235]], [[-118.26907370796005, 36.55174593878024], [-118.26907614945198, 36.55189524352611], [-118.26926120474118, 36.551893273551535], [-118.26925876289346, 36.551743968816325], [-118.26907370796005, 36.55174593878024]], [[-118.26962398764178, 36.551441418587764], [-118.2696264301651, 36.55159072330941], [-118.26981148468882, 36.55158875249486], [-118.26980904180972, 36.551439447783885], [-118.26962398764178, 36.551441418587764]], [[-118.26700397829445, 36.549677320943495], [-118.26718902844475, 36.549675354286734], [-118.26718659077986, 36.549526049376006], [-118.2670015409853, 36.54952801602211], [-118.26700397829445, 36.549677320943495]], [[-118.26774174005581, 36.54952014771519], [-118.26773686264544, 36.54922153794594], [-118.2675518136162, 36.54922350543199], [-118.2675542519567, 36.5493728103292], [-118.2671841531329, 36.54937674446138], [-118.26718659077986, 36.549526049376006], [-118.26774174005581, 36.54952014771519]], [[-118.26792191165671, 36.54921957017282], [-118.26791947262271, 36.549070265293025], [-118.26773442396717, 36.54907223305549], [-118.26773686264544, 36.54922153794594], [-118.26792191165671, 36.54921957017282]], [[-118.26754937529367, 36.54907420053088], [-118.26736432660223, 36.54907616771921], [-118.26736676456902, 36.54922547263096], [-118.2675518136162, 36.54922350543199], [-118.26754937529367, 36.54907420053088]], [[-118.26550653558043, 36.54864790873561], [-118.26550896993608, 36.54879721376544], [-118.26569401809542, 36.548795249469116], [-118.26569158338404, 36.54864594444992], [-118.26550653558043, 36.54864790873561]], [[-118.26642933830283, 36.548488779455944], [-118.26643177441917, 36.548638084436476], [-118.26661682213313, 36.54863611871544], [-118.26661438566106, 36.548486813745555], [-118.26642933830283, 36.548488779455944]], [[-118.26568671401505, 36.548347334399885], [-118.26568914869057, 36.548496639426844], [-118.26587419612052, 36.54849467486473], [-118.26587176108929, 36.5483453698484], [-118.26568671401505, 36.548347334399885]], [[-118.26734969917841, 36.54818033816706], [-118.26735213703752, 36.54832964310213], [-118.26753718395031, 36.54832767596706], [-118.26753474573549, 36.548178371042624], [-118.26734969917841, 36.54818033816706]], [[-118.26715734020091, 36.54773439014392], [-118.26715977765046, 36.547883695101326], [-118.26734482351405, 36.54788172828525], [-118.26734238570879, 36.5477324233385], [-118.26715734020091, 36.54773439014392]]], [[[-118.22605583745526, 36.5702651592123], [-118.22568799274657, 36.57041827315393], [-118.22567619479766, 36.56967173936588], [-118.22604875654915, 36.569817239001274], [-118.22605583745526, 36.5702651592123]]], [[[-118.25993651368266, 36.57035985228381], [-118.25956388882972, 36.57021445986017], [-118.25956146401752, 36.57006515502539], [-118.25974656332568, 36.570063198986595], [-118.25974171304264, 36.56976458932657], [-118.26010948435402, 36.56961137161478], [-118.2601046327537, 36.569312761973805], [-118.26065992512235, 36.56930689056878], [-118.26065749828068, 36.56915758577425], [-118.26121278942024, 36.569151711815444], [-118.26140759960234, 36.569746972239905], [-118.26177779641901, 36.56974305417156], [-118.26178265453636, 36.57004166359848], [-118.26196775363007, 36.570039704112176], [-118.26142216989567, 36.570642800601256], [-118.26105196873417, 36.57064671764763], [-118.26104954101947, 36.57049741290926], [-118.26086444076805, 36.570499370990895], [-118.26086686812661, 36.57064867573987], [-118.25994136482079, 36.570658461891576], [-118.25993651368266, 36.57035985228381]]], [[[-118.25932946753379, 36.578579436826935], [-118.26025749248541, 36.57871895819689], [-118.260259919402, 36.57886826277447], [-118.25933674293974, 36.579027350718505], [-118.25933916811077, 36.57917665534125], [-118.25878380478962, 36.579182521946564], [-118.25877895660301, 36.578883912633664], [-118.25896407701538, 36.57888195740713], [-118.25896165259257, 36.57873265275544], [-118.25933189265125, 36.57872874146134], [-118.25932946753379, 36.578579436826935]]]]}}, {"type": "Feature", "properties": {"name": "route"}, "geometry": {"type": "LineString", "coordinates": [[-118.27849, 36.56334], [-118.28125200000001, 36.566371999999994], [-118.284014, 36.569404], [-118.286776, 36.572435999999996], [-118.289538, 36.575468], [-118.2923, 36.5785]]}}]}